# Blender 5.2.2 LTS
# www.blender.org
mtllib cloud.mtl
o cloud2
v -3.277985 -2.867722 0.695069
v -3.227386 -4.259201 -0.445038
v -3.303497 -3.026291 0.636353
v -3.403046 -4.245102 -0.445038
v -3.574066 -4.216599 -0.445038
v -3.334930 -3.145126 0.588104
v -3.738739 -4.172714 -0.445038
v -3.252106 -2.424606 0.829010
v -4.053253 -4.054245 -0.445038
v -4.337799 -3.910812 -0.445038
v -4.593903 -3.741684 -0.445038
v -4.823395 -3.546188 -0.445038
v -5.027740 -3.323776 -0.445038
v -3.229401 -2.160385 0.893463
v -5.208710 -3.073654 -0.445038
v -4.437592 0.469070 0.946228
v -5.290924 -2.938034 -0.445038
v -6.522003 -1.420883 0.597992
v -5.604889 -3.042648 -0.445038
v -7.275543 -1.572861 0.546356
v -6.363129 -3.331406 -0.445038
v -7.346039 -1.580612 0.541626
v -6.596344 -3.396652 -0.445038
v -6.816437 -3.440048 -0.445038
v -7.441803 -1.584396 0.535614
v -7.036957 -3.466721 -0.445038
v -7.664520 -1.574387 0.524078
v -7.475922 -3.473312 -0.445038
v -7.906097 -3.423935 -0.445038
v -8.096832 -1.512192 0.496582
v -8.320587 -3.325790 -0.445038
v -8.324921 -1.481613 0.474213
v -8.712494 -3.186264 -0.445038
v -8.568146 -1.456528 0.445343
v -9.074738 -3.012863 -0.445038
v -8.827728 -1.448898 0.406220
v -9.400482 -2.812790 -0.445038
v -9.081940 -1.462265 0.357391
v -9.682709 -2.593430 -0.445038
v -9.368683 -1.536789 0.276917
v -9.914398 -2.362350 -0.445038
v -10.009186 -2.244614 -0.445038
v -10.088715 -2.126694 -0.445038
v -10.145416 -2.018784 -0.445038
v -10.189484 -1.903854 -0.445038
v -9.539459 -1.598801 0.211548
v -10.221527 -1.783371 -0.445038
v -9.453766 -1.577011 0.244080
v -10.242218 -1.658920 -0.445038
v -9.403656 -1.548386 0.263764
v -10.252167 -1.532028 -0.445038
v -9.336761 -1.516464 0.288056
v -10.251984 -1.404099 -0.445038
v -9.266510 -1.488632 0.308014
v -10.242218 -1.276779 -0.445038
v -9.216461 -1.452133 0.322693
v -10.223602 -1.151535 -0.445038
v -10.196625 -1.029892 -0.445038
v -10.161957 -0.913376 -0.445038
v -9.422394 -1.277573 0.256409
v -10.120270 -0.803513 -0.445038
v -10.072113 -0.701828 -0.445038
v -9.551727 -1.152878 0.200470
v -10.018158 -0.609848 -0.445038
v -9.831757 -0.359604 -0.445038
v -8.864410 -1.446945 0.399414
v -9.613373 -0.130600 -0.445038
v -8.711029 -1.444809 0.425842
v -9.363922 0.074600 -0.445038
v -9.084381 0.253311 -0.445038
v -8.408173 -1.468735 0.464874
v -8.775604 0.403030 -0.445038
v -8.244171 -1.488937 0.483368
v -8.438507 0.521011 -0.445038
v -8.049896 -1.514511 0.501068
v -8.074127 0.604690 -0.445038
v -7.683319 0.651443 -0.445038
v -7.478241 0.660110 -0.445038
v -5.469208 1.036087 0.772156
v -7.462433 0.916702 -0.445038
v -7.426605 1.157608 -0.445038
v -7.371613 1.383377 -0.445038
v -7.298492 1.594559 -0.445038
v -7.208221 1.791397 -0.445038
v -7.101837 1.974442 -0.445038
v -6.980316 2.144180 -0.445038
v -6.844574 2.300919 -0.445038
v -6.695709 2.445084 -0.445038
v -6.534698 2.577225 -0.445038
v -5.539825 1.109390 0.748474
v -6.362396 2.697708 -0.445038
v -5.230988 0.850540 0.824005
v -5.988373 2.905411 -0.445038
v -5.165863 1.346146 0.752533
v -5.581573 3.071793 -0.445038
v -5.149872 3.200150 -0.445038
v -5.031952 2.506729 0.370422
v -5.021576 3.224686 -0.445038
v -4.891754 3.235733 -0.445038
v -4.761627 3.234818 -0.445038
v -5.068390 2.080032 0.556030
v -4.505219 3.203690 -0.445038
v -5.100983 1.812698 0.642151
v -4.261993 3.143936 -0.445038
v -5.134857 1.561722 0.707245
v -4.041412 3.068375 -0.445038
v -5.183258 1.059342 0.802338
v -3.774078 2.953201 -0.445038
v -5.051178 0.516983 0.869781
v -3.543610 2.839737 -0.445038
v -4.646637 0.478531 0.923981
v -3.488312 2.817764 -0.445038
v -3.445587 2.807144 -0.445038
v -2.152069 -0.035629 1.139069
v -3.421295 2.812088 -0.445038
v -1.052338 0.705460 1.135773
v -3.373627 2.853897 -0.445038
v -2.234955 2.455215 0.662536
v -3.332916 2.902115 -0.445038
v -3.219696 3.052689 -0.445038
v -3.065277 3.032364 -0.118286
v -3.174286 3.094315 -0.445038
v -1.608551 1.739029 0.954559
v -2.827606 3.337601 -0.445038
v -2.546844 3.505692 -0.445038
v -2.252045 3.651749 -0.445038
v -1.375519 1.901627 0.930023
v -1.983978 3.753006 -0.445038
v -1.262848 1.532425 1.013306
v -1.626129 3.836868 -0.445038
v -1.175751 1.176895 1.076233
v -1.246674 3.877579 -0.445038
v -1.094879 0.916519 1.112762
v -0.856964 3.878128 -0.445038
v -0.986969 0.957413 1.110626
v -0.468414 3.841385 -0.445038
v -0.820099 1.383255 1.049347
v -0.092377 3.770279 -0.445038
v -0.581329 1.842056 0.950561
v 0.259735 3.667679 -0.445038
v 0.576569 3.536514 -0.445038
v -0.111298 2.544571 0.691528
v 0.718170 3.461136 -0.445038
v 0.846771 3.379715 -0.445038
v 0.030853 2.715225 0.595306
v 0.960785 3.292557 -0.445038
v 0.265167 -0.806137 1.192047
v 1.058929 3.200150 -0.445038
v 2.509613 0.036697 1.172577
v 1.100128 3.213943 -0.445038
v 2.964874 0.555435 1.147858
v 1.106903 3.217056 -0.445038
v 3.608490 0.880570 1.104767
v 1.129608 3.235428 -0.445038
v 1.860077 3.958389 -0.445038
v 3.560638 2.750931 0.838928
v 2.093292 4.138687 -0.445038
v 2.357880 4.296097 -0.445038
v 3.203522 3.336990 0.646057
v 2.505402 4.364334 -0.445038
v 2.680939 4.430191 -0.445038
v 3.409271 3.070511 0.746979
v 2.859467 4.482620 -0.445038
v 3.684540 2.548233 0.886017
v 3.222504 4.549332 -0.445038
v 3.758392 2.393997 0.918030
v 3.588776 4.569412 -0.445038
v 3.837433 2.195450 0.950531
v 3.952423 4.547867 -0.445038
v 3.911713 1.995194 0.979126
v 4.307648 4.489578 -0.445038
v 3.999237 1.943863 0.981628
v 4.648590 4.399490 -0.445038
v 4.135712 2.101578 0.948395
v 4.969391 4.282669 -0.445038
v 4.337250 2.375381 0.881897
v 5.264191 4.143936 -0.445038
v 5.527252 3.988297 -0.445038
v 5.731232 3.836868 -0.445038
v 4.631378 2.731827 0.764984
v 5.900055 3.675674 -0.445038
v 4.477936 2.542557 0.831085
v 6.060760 3.490555 -0.445038
v 4.372650 2.240921 0.902893
v 6.278534 3.188004 -0.445038
v 6.456390 2.882645 -0.445038
v 6.102325 2.831070 0.139496
v 6.488434 2.811234 -0.445038
v 3.892181 1.417313 1.047333
v 6.622833 2.413345 -0.445038
v 4.208588 0.687820 1.071564
v 6.659088 2.343460 -0.445038
v 6.859711 -0.195114 0.647247
v 6.703339 2.282913 -0.445038
v 6.800018 2.355240 -0.445038
v 7.298187 2.056778 0.036865
v 6.910370 2.408524 -0.445038
v 7.390839 1.973587 0.087860
v 7.032013 2.444290 -0.445038
v 7.467560 1.869766 0.146911
v 7.162445 2.464310 -0.445038
v 7.552765 1.724136 0.205658
v 7.299164 2.469986 -0.445038
v 7.613495 1.616165 0.245239
v 7.439606 2.463028 -0.445038
v 7.814850 1.213760 0.349945
v 7.721771 2.417374 -0.445038
v 7.900360 0.939163 0.394104
v 7.988739 2.340164 -0.445038
v 8.220428 2.244095 -0.445038
v 8.316742 2.192886 -0.445038
v 8.127960 1.510269 0.199890
v 8.396698 2.141800 -0.445038
v 8.086334 1.394852 0.247162
v 8.500336 2.059525 -0.445038
v 8.037262 1.239822 0.302093
v 8.600861 1.962906 -0.445038
v 7.980743 1.099564 0.346130
v 8.697174 1.853043 -0.445038
v 7.960785 1.043839 0.362762
v 8.788544 1.731155 -0.445038
v 7.896515 0.779129 0.417419
v 8.952118 1.455704 -0.445038
v 7.872894 0.597305 0.442993
v 9.083527 1.145645 -0.445038
v 9.174957 0.810074 -0.445038
v 7.825348 0.372208 0.461884
v 9.203278 0.635635 -0.445038
v 9.218658 0.458206 -0.445038
v 9.220062 0.278946 -0.445038
v 9.206573 0.099014 -0.445038
v 7.804962 0.283646 0.467895
v 9.177216 -0.080429 -0.445038
v 9.131012 -0.258225 -0.445038
v 9.066925 -0.433395 -0.445038
v 8.932281 -0.704758 -0.445038
v 8.853180 -0.831162 -0.445038
v 8.765778 -0.950546 -0.445038
v 8.669769 -1.062302 -0.445038
v 8.564789 -1.165878 -0.445038
v 8.450531 -1.260666 -0.445038
v 7.930145 -0.018173 0.433380
v 8.326569 -1.346115 -0.445038
v 8.192719 -1.421616 -0.445038
v 8.048553 -1.486557 -0.445038
v 7.893829 -1.540451 -0.445038
v 7.867889 0.096756 0.454102
v 7.728119 -1.582565 -0.445038
v 7.818512 0.188614 0.465118
v 7.551117 -1.612350 -0.445038
v 7.362579 -1.629318 -0.445038
v 6.246796 0.197037 0.765717
v 7.162018 -1.632736 -0.445038
v 7.120697 -1.755722 -0.445038
v 6.445282 -1.749741 0.358795
v 7.059418 -1.880905 -0.445038
v 6.979584 -2.006577 -0.445038
v 6.129486 -1.621628 0.508606
v 6.882538 -2.131027 -0.445038
v 5.993927 -1.542099 0.570526
v 6.769806 -2.252365 -0.445038
v 5.883942 -1.459885 0.622223
v 6.642792 -2.368820 -0.445038
v 5.774811 -1.379379 0.665802
v 6.502899 -2.478500 -0.445038
v 6.351715 -2.579758 -0.445038
v 5.654877 -1.281723 0.714813
v 6.190460 -2.670639 -0.445038
v 6.020782 -2.749496 -0.445038
v 5.652985 -1.493698 0.653412
v 5.843964 -2.814438 -0.445038
v 5.661530 -2.863632 -0.445038
v 5.474884 -2.895370 -0.445038
v 5.285553 -2.907761 -0.445038
v 5.618500 -1.718674 0.579651
v 5.094818 -2.899094 -0.445038
v 5.610504 -1.598618 0.626404
v 4.904266 -2.867477 -0.445038
v 5.296967 -0.372787 0.912018
v 4.385162 -2.736435 -0.445038
v 4.304535 -2.726364 -0.445038
v 4.220795 -2.839890 -0.445038
v 3.218536 -2.384933 0.735169
v 4.119843 -2.952438 -0.445038
v 3.170929 -2.372604 0.752594
v 4.002838 -3.063339 -0.445038
v 2.516205 -1.719711 1.040283
v 3.724640 -3.277390 -0.445038
v 2.146881 -1.242660 1.137726
v 3.395111 -3.476852 -0.445038
v 1.794464 -0.736252 1.184235
v 3.023041 -3.656174 -0.445038
v 1.633392 -0.734726 1.188171
v 2.617218 -3.810104 -0.445038
v 1.483429 -0.789719 1.188843
v 2.186554 -3.933151 -0.445038
v 1.338837 -0.832931 1.188873
v 1.739777 -4.020004 -0.445038
v 1.231415 -0.862411 1.188690
v 1.285797 -4.065231 -0.445038
v 1.152557 -0.873459 1.188873
v 0.833405 -4.063522 -0.445038
v 0.391388 -4.009445 -0.445038
v 0.261627 -2.226181 0.971741
v -0.421173 -3.802597 -0.445038
v -0.669586 -3.714157 -0.445038
v -0.051605 -2.856064 0.716980
v -0.795135 -3.651169 -0.445038
v 0.590973 -0.855148 1.193878
v -0.986542 -3.543869 -0.445038
v 0.230072 -0.773239 1.193176
v -1.053986 -3.512375 -0.445038
v -0.123138 -0.457260 1.194733
v -1.124481 -3.486191 -0.445038
v -1.198761 -3.467209 -0.445038
v -1.267365 -3.556747 -0.445038
v -2.006317 -3.392136 0.377991
v -1.354218 -3.644943 -0.445038
v -1.457733 -3.730820 -0.445038
v -2.290558 -3.222336 0.528595
v -1.576263 -3.813583 -0.445038
v -2.777130 -2.785080 0.739289
v -1.851837 -3.965683 -0.445038
v -3.060516 -2.454941 0.832215
v -2.167816 -4.093735 -0.445038
v -2.511200 -4.190292 -0.445038
v -2.868744 -4.247971 -0.445038
v -3.259430 -2.707199 0.748505
v -3.048798 -4.259811 -0.445038
v -5.031342 2.477188 0.385284
v -9.184601 -1.458786 0.330872
v -6.030487 -1.324203 0.662232
v 3.456879 2.956314 0.782135
v -5.509308 1.077774 0.758697
v -3.238861 -2.254318 0.874146
v -5.198822 0.813614 0.831421
v -5.032440 0.487259 0.873993
v 4.175995 2.118607 0.941986
v 5.142731 -0.020431 0.959381
v -2.568756 -0.008346 1.115204
v 3.956329 1.887955 0.992096
v 3.080048 0.701065 1.137421
v -3.215424 -0.520554 1.070801
v -1.044830 0.791458 1.127533
v 0.761627 -0.871323 1.192078
v 3.858429 0.983963 1.083618
v 1.753571 -0.683090 1.187286
v -1.055145 0.264664 1.167480
v -3.397614 -4.199570 -0.259216
v -3.560699 -4.172348 -0.259491
v -3.715790 -4.133347 -0.257721
v -4.029877 -4.018173 -0.255554
v -4.308929 -3.877060 -0.256439
v -4.556732 -3.712509 -0.257446
v -4.776154 -3.525375 -0.257171
v -4.966095 -3.316452 -0.254242
v -5.127289 -3.092636 -0.237152
v -5.289276 -2.899460 -0.110870
v -5.655487 -2.995346 -0.243713
v -6.393402 -3.288742 -0.251007
v -6.616730 -3.349289 -0.254211
v -6.830170 -3.390793 -0.255066
v -7.041351 -3.417221 -0.254364
v -7.478790 -3.425827 -0.252258
v -7.904083 -3.376572 -0.251373
v -8.314911 -3.278549 -0.250610
v -8.703888 -3.138290 -0.250488
v -9.063141 -2.962631 -0.251526
v -9.385406 -2.760788 -0.253052
v -9.661835 -2.539597 -0.256225
v -9.885712 -2.303329 -0.262970
v -9.970062 -2.189804 -0.267364
v -10.040619 -2.077744 -0.271026
v -10.088593 -1.982712 -0.272552
v -10.127045 -1.880905 -0.272796
v -10.157196 -1.771591 -0.271820
v -10.178131 -1.656296 -0.270325
v -10.189362 -1.536789 -0.268829
v -10.190887 -1.415024 -0.267639
v -10.182831 -1.292953 -0.266907
v -10.165558 -1.172470 -0.266754
v -10.140533 -1.055466 -0.266601
v -10.108063 -0.944382 -0.266846
v -10.069611 -0.841293 -0.266998
v -10.026947 -0.748154 -0.266449
v -9.983063 -0.667587 -0.264282
v -9.805695 -0.414719 -0.258148
v -9.594086 -0.187485 -0.256653
v -9.351471 0.015884 -0.255890
v -9.079071 0.193069 -0.255341
v -8.777802 0.341324 -0.254822
v -8.449432 0.457474 -0.253967
v -8.098175 0.537552 -0.250793
v -7.735931 0.577042 -0.234161
v -7.463715 0.610123 -0.085877
v -7.406769 0.956375 -0.238098
v -7.373138 1.173477 -0.250671
v -7.321136 1.384293 -0.255585
v -7.251801 1.584549 -0.257416
v -7.165070 1.772720 -0.258515
v -7.063202 1.948685 -0.258698
v -6.946747 2.112808 -0.258331
v -6.816437 2.265457 -0.257538
v -6.672821 2.406754 -0.256561
v -6.516571 2.537003 -0.255493
v -6.352448 2.654922 -0.253754
v -5.981781 2.865128 -0.251190
v -5.574738 3.031326 -0.251679
v -5.134430 3.154678 -0.259064
v -5.018707 3.172623 -0.263214
v -4.900787 3.181046 -0.264801
v -4.784027 3.181595 -0.263886
v -4.534760 3.156143 -0.260224
v -4.300568 3.101883 -0.256897
v -4.089569 3.032120 -0.252533
v -3.836517 2.925247 -0.241547
v -3.626923 2.827957 -0.208710
v -3.565704 2.808365 -0.189087
v -3.486237 2.797134 -0.161652
v -3.386078 2.820572 -0.160645
v -3.298370 2.882156 -0.197785
v -3.247772 2.931229 -0.220032
v -3.143951 3.046951 -0.254303
v -3.114471 3.075272 -0.259339
v -2.797882 3.305923 -0.251709
v -2.524261 3.472794 -0.251526
v -2.234955 3.615555 -0.253266
v -1.978119 3.712357 -0.254242
v -1.629242 3.796219 -0.252899
v -1.254608 3.839249 -0.250946
v -0.865265 3.841568 -0.249878
v -0.478973 3.804764 -0.250275
v -0.107208 3.733109 -0.251496
v 0.236664 3.629532 -0.253784
v 0.539764 3.496964 -0.256317
v 0.663666 3.426956 -0.255036
v 0.772858 3.355484 -0.248657
v 0.861237 3.288528 -0.232697
v 1.006866 3.177322 -0.122528
v 1.139313 3.196121 -0.176728
v 1.170502 3.210159 -0.185364
v 1.210297 3.237564 -0.207489
v 1.902374 3.935989 -0.252716
v 2.125031 4.105240 -0.256043
v 2.383698 4.258133 -0.257386
v 2.522125 4.322525 -0.257294
v 2.692719 4.388321 -0.256195
v 2.862518 4.439896 -0.255036
v 3.221649 4.509293 -0.252716
v 3.585419 4.531265 -0.251374
v 3.946320 4.511673 -0.250153
v 4.299042 4.454971 -0.249482
v 4.637665 4.365677 -0.249482
v 4.955902 4.248489 -0.250550
v 5.247467 4.109634 -0.252045
v 5.505280 3.953751 -0.254853
v 5.699860 3.806778 -0.256958
v 5.861481 3.653519 -0.256195
v 6.018402 3.474808 -0.254853
v 6.233917 3.174637 -0.254944
v 6.402008 2.874649 -0.258423
v 6.424591 2.823196 -0.257355
v 6.552338 2.432999 -0.232086
v 6.596161 2.344986 -0.214142
v 6.786774 2.165054 -0.084595
v 6.940887 2.295975 -0.266876
v 7.007172 2.330338 -0.278504
v 7.094208 2.359818 -0.281769
v 7.200043 2.380875 -0.280274
v 7.320770 2.390884 -0.276734
v 7.446930 2.390030 -0.272247
v 7.723541 2.352371 -0.265747
v 7.984650 2.276566 -0.265076
v 8.211395 2.177994 -0.268372
v 8.296478 2.130020 -0.270508
v 8.364960 2.085892 -0.270813
v 8.460602 2.011185 -0.269653
v 8.556549 1.921768 -0.267609
v 8.650909 1.817764 -0.265381
v 8.739594 1.704544 -0.262726
v 8.906219 1.433548 -0.258698
v 9.036346 1.129410 -0.257843
v 9.127045 0.795853 -0.258301
v 9.153412 0.629105 -0.259064
v 9.168427 0.456314 -0.259369
v 9.169586 0.282852 -0.259949
v 9.156342 0.109207 -0.260559
v 9.128021 -0.063522 -0.261017
v 9.084259 -0.234238 -0.261017
v 9.025116 -0.401169 -0.260010
v 8.890289 -0.673019 -0.260956
v 8.814423 -0.792404 -0.262329
v 8.729828 -0.907700 -0.263214
v 8.637726 -1.014694 -0.264038
v 8.538055 -1.113266 -0.264648
v 8.430450 -1.203293 -0.264862
v 8.314423 -1.284714 -0.264557
v 8.189606 -1.357346 -0.263519
v 8.055267 -1.419601 -0.262329
v 7.911469 -1.471970 -0.259979
v 7.758698 -1.513596 -0.255829
v 7.598724 -1.543930 -0.248108
v 7.436249 -1.563217 -0.232178
v 7.180023 -1.610641 -0.115082
v 7.055389 -1.793076 -0.230469
v 7.000031 -1.886093 -0.246704
v 6.928131 -1.991989 -0.254639
v 6.839020 -2.104843 -0.257843
v 6.733124 -2.219467 -0.258789
v 6.611969 -2.331711 -0.258911
v 6.476898 -2.438278 -0.258972
v 6.330353 -2.537277 -0.258850
v 6.173676 -2.625900 -0.259155
v 6.008820 -2.702133 -0.259826
v 5.837799 -2.764389 -0.260772
v 5.662384 -2.811142 -0.261749
v 5.484589 -2.841110 -0.262329
v 5.306488 -2.853622 -0.261841
v 5.130402 -2.848679 -0.258636
v 4.955963 -2.825851 -0.250030
v 4.457794 -2.713669 -0.204834
v 4.296295 -2.729477 -0.122986
v 4.151276 -2.859482 -0.222534
v 4.065887 -2.945663 -0.239471
v 3.965240 -3.039413 -0.247009
v 3.702423 -3.246078 -0.249237
v 3.382416 -3.443954 -0.247955
v 3.015900 -3.624130 -0.246368
v 2.613556 -3.778610 -0.245605
v 2.185944 -3.902206 -0.245208
v 1.742035 -3.988693 -0.245697
v 1.291046 -4.033066 -0.246734
v 0.840607 -4.030746 -0.247680
v 0.406525 -3.979477 -0.246063
v -0.404510 -3.768723 -0.247589
v -0.634064 -3.681931 -0.249542
v -0.742401 -3.630783 -0.241943
v -0.927521 -3.537216 -0.216095
v -1.000885 -3.506882 -0.201324
v -1.076141 -3.482956 -0.183990
v -1.246735 -3.473190 -0.103698
v -1.362701 -3.578049 -0.222809
v -1.427155 -3.636765 -0.240539
v -1.512970 -3.705673 -0.250091
v -1.614227 -3.777512 -0.253967
v -1.875519 -3.926498 -0.254486
v -2.182953 -4.053085 -0.254181
v -2.520111 -4.149887 -0.253570
v -2.877533 -4.205795 -0.255462
v -3.051910 -4.215683 -0.256988
v -3.227325 -4.214096 -0.258148
v -3.388153 -4.118271 -0.093780
v -3.537201 -4.093613 -0.094116
v -3.676483 -4.059250 -0.092102
v -3.983124 -3.949020 -0.088653
v -4.250702 -3.814499 -0.089355
v -4.483612 -3.660202 -0.089874
v -4.686493 -3.487839 -0.087280
v -4.859955 -3.298508 -0.077728
v -5.010040 -3.095932 -0.045868
v -5.253937 -2.738754 0.127991
v -5.743988 -2.900131 -0.059082
v -6.461395 -3.199142 -0.079681
v -6.667999 -3.255417 -0.084778
v -6.868317 -3.294174 -0.086487
v -7.064301 -3.318710 -0.085754
v -7.489410 -3.326889 -0.082184
v -7.902863 -3.277328 -0.080230
v -8.304962 -3.178635 -0.078857
v -8.686859 -3.036728 -0.079071
v -9.039276 -2.858444 -0.081787
v -9.353424 -2.654160 -0.086181
v -9.618439 -2.432236 -0.094086
v -9.829010 -2.196579 -0.107757
v -9.900665 -2.094101 -0.114654
v -9.959686 -1.994919 -0.120209
v -9.995880 -1.919662 -0.122619
v -10.025604 -1.838364 -0.123443
v -10.050507 -1.746933 -0.122711
v -10.068939 -1.646957 -0.121033
v -10.079742 -1.540451 -0.119018
v -10.082123 -1.429855 -0.117157
v -10.075897 -1.317734 -0.115753
v -10.061310 -1.206589 -0.114929
v -10.039703 -1.099106 -0.114166
v -10.011688 -0.998093 -0.113678
v -9.979218 -0.906357 -0.112976
v -9.944611 -0.826462 -0.111511
v -9.911591 -0.762741 -0.108765
v -9.746552 -0.514938 -0.097839
v -9.547699 -0.293686 -0.093506
v -9.318146 -0.096115 -0.091064
v -9.059296 0.075821 -0.089325
v -8.772797 0.219131 -0.087677
v -8.461151 0.330032 -0.084839
v -8.131317 0.403824 -0.076599
v -7.797272 0.437210 -0.045563
v -7.353302 0.443558 0.151428
v -7.306427 1.010025 -0.047669
v -7.273041 1.204117 -0.072266
v -7.224335 1.394730 -0.083618
v -7.160187 1.577225 -0.088959
v -7.080109 1.749588 -0.091828
v -6.985992 1.911880 -0.092743
v -6.878265 2.064468 -0.092377
v -6.756989 2.207718 -0.091095
v -6.622406 2.341873 -0.089234
v -6.474701 2.466934 -0.087097
v -6.321503 2.578873 -0.084137
v -5.957062 2.788528 -0.079590
v -5.553131 2.952042 -0.081543
v -5.110382 3.069901 -0.095490
v -5.014679 3.083633 -0.100220
v -4.916534 3.090103 -0.102265
v -4.821198 3.090530 -0.101502
v -4.591644 3.069107 -0.095581
v -4.375580 3.021378 -0.088288
v -4.180573 2.958572 -0.078400
v -3.943024 2.858170 -0.056580
v -3.736664 2.757401 -0.010498
v -3.656342 2.726517 0.013885
v -3.522797 2.697159 0.052307
v -3.328583 2.742264 0.054291
v -3.190216 2.853775 -0.000153
v -3.126678 2.920425 -0.030274
v -3.035614 3.021622 -0.072327
v -2.734100 3.249771 -0.074860
v -2.471039 3.411514 -0.077118
v -2.192841 3.549271 -0.080414
v -1.953583 3.639786 -0.081970
v -1.621796 3.720718 -0.079895
v -1.259918 3.763870 -0.076538
v -0.879852 3.767044 -0.074585
v -0.501556 3.730362 -0.075257
v -0.140228 3.658646 -0.077362
v 0.187408 3.556107 -0.080292
v 0.468903 3.427872 -0.080048
v 0.573700 3.367142 -0.074280
v 0.665314 3.306473 -0.061676
v 0.736603 3.252029 -0.041046
v 0.955353 3.045792 0.112488
v 1.201874 3.106033 0.037109
v 1.261627 3.136917 0.024719
v 1.324554 3.190384 -0.003327
v 1.992950 3.896561 -0.078919
v 2.197723 4.051041 -0.085541
v 2.441925 4.194473 -0.088471
v 2.565826 4.252151 -0.088440
v 2.726654 4.314896 -0.086884
v 2.883087 4.363419 -0.084931
v 3.232147 4.433548 -0.080353
v 3.583649 4.456741 -0.077423
v 3.936127 4.439407 -0.074921
v 4.282379 4.384781 -0.073578
v 4.615448 4.297012 -0.073822
v 4.927765 4.180862 -0.076111
v 5.212189 4.043472 -0.079560
v 5.460052 3.891129 -0.084626
v 5.639984 3.753738 -0.087952
v 5.788544 3.612381 -0.087433
v 5.936432 3.443802 -0.085755
v 6.144928 3.151016 -0.085419
v 6.302216 2.864578 -0.086945
v 6.315521 2.833694 -0.085419
v 6.441742 2.432571 -0.041748
v 6.500702 2.310501 -0.017395
v 6.843475 1.897781 0.148865
v 7.116180 2.204544 -0.101441
v 7.148651 2.220779 -0.112549
v 7.202118 2.237747 -0.120880
v 7.278290 2.251907 -0.124726
v 7.374542 2.259598 -0.124695
v 7.477692 2.259171 -0.121887
v 7.735504 2.225662 -0.114563
v 7.980927 2.154068 -0.113770
v 8.194916 2.059219 -0.118103
v 8.264679 2.019485 -0.120056
v 8.317108 1.985489 -0.120209
v 8.398468 1.922256 -0.118622
v 8.484039 1.843704 -0.115570
v 8.571442 1.749405 -0.111786
v 8.652679 1.648575 -0.107453
v 8.817902 1.387527 -0.099548
v 8.945221 1.095474 -0.096802
v 9.034637 0.769424 -0.096985
v 9.059113 0.614700 -0.097961
v 9.073395 0.450027 -0.098572
v 9.074493 0.285538 -0.099487
v 9.062042 0.122269 -0.100464
v 9.035919 -0.038864 -0.101166
v 8.995758 -0.197250 -0.101288
v 8.942169 -0.350143 -0.100403
v 8.810760 -0.616379 -0.102203
v 8.742035 -0.724777 -0.104095
v 8.663788 -0.831833 -0.105469
v 8.579926 -0.930099 -0.106659
v 8.490387 -1.019699 -0.107330
v 8.394867 -1.101120 -0.107239
v 8.292816 -1.174667 -0.106140
v 8.183563 -1.240463 -0.103729
v 8.066254 -1.297531 -0.100250
v 7.940643 -1.346176 -0.094543
v 7.807281 -1.385727 -0.085358
v 7.667877 -1.415695 -0.070434
v 7.526215 -1.436447 -0.045044
v 7.130341 -1.484543 0.112427
v 6.943634 -1.819138 -0.044800
v 6.898590 -1.888412 -0.063598
v 6.836639 -1.972946 -0.076874
v 6.757416 -2.068405 -0.084991
v 6.661224 -2.169601 -0.089416
v 6.549225 -2.271591 -0.091766
v 6.423065 -2.370407 -0.093201
v 6.285248 -2.462997 -0.093994
v 6.137787 -2.546066 -0.095001
v 5.983124 -2.617416 -0.096283
v 5.823883 -2.675217 -0.097626
v 5.662811 -2.718369 -0.098541
v 5.502350 -2.746323 -0.098266
v 5.345490 -2.759079 -0.095611
v 5.194611 -2.757492 -0.088684
v 5.042999 -2.740585 -0.074432
v 4.549591 -2.631821 0.001007
v 4.262238 -2.631393 0.116242
v 4.047394 -2.855453 -0.023010
v 3.975555 -2.925827 -0.044708
v 3.890778 -3.003036 -0.057709
v 3.648468 -3.194565 -0.066681
v 3.345367 -3.385178 -0.066528
v 2.990143 -3.563217 -0.064178
v 2.595734 -3.717026 -0.062652
v 2.174591 -3.840195 -0.061920
v 1.737091 -3.925644 -0.062835
v 1.293732 -3.968552 -0.064850
v 0.855133 -3.965561 -0.066498
v 0.437042 -3.916428 -0.064056
v -0.365143 -3.702072 -0.065002
v -0.569611 -3.623398 -0.062530
v -0.658966 -3.580795 -0.051544
v -0.841583 -3.486252 -0.013305
v -0.927643 -3.448288 0.007538
v -1.019379 -3.416183 0.030091
v -1.328278 -3.367355 0.138214
v -1.502777 -3.572433 -0.031585
v -1.549042 -3.613998 -0.050445
v -1.616852 -3.667160 -0.065155
v -1.698761 -3.724289 -0.073974
v -1.937897 -3.860947 -0.080780
v -2.227753 -3.980698 -0.082763
v -2.552032 -4.073776 -0.083343
v -2.901398 -4.126511 -0.087372
v -3.063751 -4.134628 -0.089996
v -3.229523 -4.132248 -0.092132
v -3.376251 -4.005844 0.053894
v -3.506927 -3.984238 0.053467
v -3.626129 -3.955002 0.055268
v -3.918549 -3.851120 0.059601
v -4.169220 -3.726303 0.060120
v -4.383148 -3.585678 0.061585
v -4.567291 -3.430588 0.067688
v -4.725372 -3.259995 0.082764
v -4.867706 -3.069077 0.119202
v -5.205109 -2.518234 0.320893
v -5.848236 -2.758102 0.100952
v -6.554352 -3.066269 0.070709
v -6.742035 -3.118515 0.064453
v -6.925873 -3.154160 0.061920
v -7.102753 -3.175766 0.062226
v -7.508026 -3.181747 0.066162
v -7.902924 -3.131210 0.068573
v -8.290802 -3.031479 0.069916
v -8.660797 -2.887985 0.068695
v -9.001678 -2.707870 0.063568
v -9.302948 -2.502853 0.055359
v -9.551544 -2.283981 0.042298
v -9.744904 -2.055649 0.022766
v -9.802582 -1.968918 0.014771
v -9.848969 -1.887131 0.008606
v -9.872345 -1.836288 0.006195
v -9.892059 -1.780136 0.005066
v -9.910126 -1.711105 0.005188
v -9.924591 -1.630905 0.006409
v -9.933685 -1.541855 0.008240
v -9.936249 -1.446823 0.010254
v -9.931671 -1.348984 0.012116
v -9.920013 -1.251328 0.013580
v -9.902435 -1.157089 0.015076
v -9.879791 -1.069870 0.016419
v -9.854218 -0.993149 0.017975
v -9.828339 -0.930038 0.020050
v -9.807037 -0.886887 0.022553
v -9.657318 -0.651169 0.037537
v -9.475800 -0.441330 0.045105
v -9.264313 -0.253769 0.049927
v -9.024628 -0.090622 0.053680
v -8.758270 0.044998 0.057434
v -8.468231 0.148697 0.063049
v -8.161041 0.215469 0.075500
v -7.841949 0.242569 0.109375
v -7.200104 0.225418 0.333282
v -7.166718 1.047379 0.112579
v -7.135284 1.229568 0.086090
v -7.090607 1.402542 0.071136
v -7.032562 1.565811 0.062805
v -6.960724 1.719193 0.057983
v -6.876373 1.864090 0.055908
v -6.779633 2.001114 0.055755
v -6.669952 2.131241 0.057037
v -6.547028 2.254654 0.059265
v -6.410309 2.371414 0.062042
v -6.270721 2.474442 0.065582
v -5.916840 2.679520 0.071289
v -5.521820 2.838089 0.067962
v -5.086273 2.951126 0.050171
v -5.014435 2.961380 0.046264
v -4.939606 2.966263 0.044616
v -4.869293 2.966690 0.045410
v -4.666229 2.948502 0.053070
v -4.473419 2.906998 0.063934
v -4.296295 2.850540 0.078522
v -4.071381 2.754471 0.107879
v -3.858673 2.645096 0.159271
v -3.755219 2.601212 0.186950
v -3.559540 2.549820 0.233856
v -3.259369 2.619705 0.237488
v -3.064056 2.790848 0.170135
v -2.984955 2.879105 0.134460
v -2.911652 2.967056 0.098968
v -2.643707 3.168350 0.087341
v -2.394196 3.323807 0.081695
v -2.131134 3.455032 0.076446
v -1.913849 3.537796 0.074249
v -1.605255 3.613602 0.076355
v -1.262665 3.655167 0.080475
v -0.898346 3.658279 0.083130
v -0.533844 3.621964 0.082794
v -0.188263 3.551285 0.080963
v 0.118744 3.452103 0.079834
v 0.377472 3.331070 0.085479
v 0.465302 3.279312 0.094024
v 0.542389 3.227066 0.108215
v 0.599335 3.181839 0.126190
v 0.903412 2.862137 0.311157
v 1.277802 2.973221 0.220917
v 1.369659 3.024429 0.207031
v 1.458588 3.108353 0.175567
v 2.119354 3.836685 0.078857
v 2.302887 3.975357 0.069366
v 2.527313 4.106827 0.064483
v 2.633636 4.156326 0.064148
v 2.781281 4.214005 0.065612
v 2.920746 4.257767 0.067810
v 3.252960 4.326126 0.073822
v 3.585907 4.349503 0.078125
v 3.924347 4.334122 0.081726
v 4.259613 4.281998 0.083557
v 4.582977 4.196732 0.083007
v 4.885712 4.083206 0.079590
v 5.159088 3.949661 0.074524
v 5.393219 3.804153 0.067962
v 5.555023 3.679703 0.064148
v 5.687347 3.552933 0.064392
v 5.823334 3.397110 0.066406
v 6.022064 3.115311 0.068420
v 6.170380 2.844864 0.071594
v 6.185028 2.818558 0.069793
v 6.306305 2.409683 0.126922
v 6.382416 2.243240 0.149231
v 6.883759 1.569473 0.331818
v 7.325714 2.077347 0.021637
v 7.375580 2.081924 0.019592
v 7.446869 2.086014 0.015594
v 7.524872 2.084061 0.014618
v 7.755585 2.051529 0.017059
v 7.976898 1.985245 0.015777
v 8.171478 1.897781 0.010773
v 8.223053 1.868240 0.009308
v 8.256622 1.846390 0.009277
v 8.319977 1.797073 0.010956
v 8.391205 1.731949 0.014252
v 8.467926 1.649979 0.018738
v 8.537811 1.564224 0.023743
v 8.695953 1.318558 0.034576
v 8.817413 1.044815 0.039368
v 8.904144 0.732376 0.040008
v 8.926483 0.593277 0.039185
v 8.940033 0.440262 0.038544
v 8.941315 0.288528 0.037567
v 8.930328 0.139481 0.036499
v 8.907135 -0.006149 0.035675
v 8.871735 -0.147995 0.035400
v 8.825287 -0.282333 0.036011
v 8.701447 -0.537033 0.033875
v 8.642792 -0.631149 0.032105
v 8.573944 -0.726974 0.030823
v 8.501617 -0.813461 0.029968
v 8.425873 -0.891342 0.029846
v 8.346222 -0.961411 0.030762
v 8.261871 -1.024521 0.032990
v 8.171661 -1.081345 0.036926
v 8.074371 -1.131271 0.042542
v 7.969147 -1.174728 0.050995
v 7.855621 -1.211044 0.063416
v 7.734283 -1.239426 0.081665
v 7.606659 -1.259201 0.108673
v 7.048004 -1.304672 0.291687
v 6.799835 -1.819626 0.110169
v 6.767792 -1.868759 0.096100
v 6.717560 -1.935043 0.082794
v 6.649384 -2.013901 0.072266
v 6.564178 -2.100449 0.064819
v 6.463409 -2.189926 0.059784
v 6.348724 -2.278061 0.056275
v 6.222931 -2.361557 0.053986
v 6.088593 -2.436752 0.052033
v 5.948517 -2.501266 0.050385
v 5.806183 -2.553329 0.049256
v 5.664642 -2.592148 0.049225
v 5.526947 -2.617477 0.051148
v 5.395844 -2.629868 0.056122
v 5.273102 -2.630295 0.065491
v 5.145172 -2.617111 0.082367
v 4.644135 -2.505356 0.176972
v 4.213348 -2.481125 0.317383
v 3.923859 -2.821640 0.152130
v 3.863983 -2.881699 0.132630
v 3.793427 -2.946152 0.118958
v 3.570831 -3.122543 0.103943
v 3.287506 -3.302841 0.101319
v 2.947418 -3.475937 0.103211
v 2.564789 -3.627426 0.104981
v 2.153717 -3.749008 0.105805
v 1.726532 -3.832748 0.104492
v 1.295868 -3.873947 0.101807
v 0.875092 -3.870285 0.099793
v 0.478851 -3.822922 0.102906
v -0.308014 -3.606552 0.105286
v -0.488007 -3.536362 0.112213
v -0.560272 -3.500534 0.123291
v -0.745697 -3.399155 0.166107
v -0.847992 -3.350571 0.189789
v -0.960297 -3.307297 0.214112
v -1.423676 -3.207260 0.339081
v -1.666473 -3.534958 0.130616
v -1.696991 -3.563461 0.117340
v -1.749542 -3.604843 0.103119
v -1.813995 -3.649399 0.092682
v -2.029694 -3.771103 0.078736
v -2.296967 -3.880356 0.072327
v -2.601898 -3.966537 0.068817
v -2.935577 -4.014999 0.062195
v -3.081757 -4.021530 0.058747
v -3.233612 -4.018723 0.055909
v -3.362762 -3.866257 0.186493
v -3.472137 -3.848007 0.185944
v -3.568512 -3.824387 0.187470
v -3.841278 -3.727951 0.192658
v -4.071014 -3.614609 0.195099
v -4.263458 -3.489243 0.199250
v -4.427826 -3.351852 0.208588
v -4.570953 -3.198532 0.226532
v -4.707123 -3.015976 0.261933
v -5.138153 -2.260361 0.487946
v -5.967072 -2.576523 0.241120
v -6.663300 -2.894577 0.201050
v -6.831390 -2.942490 0.194062
v -6.997223 -2.974716 0.190735
v -7.152924 -2.993088 0.190369
v -7.533051 -2.995407 0.193512
v -7.903778 -2.943588 0.195465
v -8.272003 -2.843063 0.195862
v -8.625092 -2.698898 0.192749
v -8.949799 -2.519028 0.184571
v -9.233612 -2.316330 0.172119
v -9.462006 -2.105392 0.154328
v -9.635406 -1.890366 0.130127
v -9.678436 -1.822678 0.122376
v -9.714020 -1.767136 0.114380
v -9.733124 -1.745163 0.108063
v -9.732635 -1.709579 0.113495
v -9.742035 -1.667221 0.113983
v -9.752167 -1.610153 0.114746
v -9.759064 -1.541794 0.116181
v -9.761261 -1.465561 0.117951
v -9.757965 -1.385239 0.119873
v -9.749115 -1.304123 0.121735
v -9.735565 -1.226242 0.123688
v -9.718353 -1.155746 0.125580
v -9.699677 -1.096848 0.127411
v -9.686737 -1.052048 0.126618
v -9.674225 -1.026962 0.128449
v -9.541718 -0.815353 0.149994
v -9.380219 -0.622421 0.160370
v -9.190521 -0.449265 0.167786
v -8.973907 -0.297897 0.174316
v -8.731537 -0.172226 0.180878
v -8.465668 -0.076706 0.189606
v -8.181366 -0.016891 0.205078
v -7.876556 0.001175 0.238464
v -7.010223 -0.042587 0.472473
v -6.990753 1.074417 0.249390
v -6.966034 1.245193 0.224945
v -6.927094 1.401321 0.209015
v -6.876129 1.545181 0.199005
v -6.813507 1.678543 0.192657
v -6.740204 1.804031 0.189392
v -6.655914 1.923294 0.188415
v -6.559418 2.037735 0.189178
v -6.449860 2.147903 0.191192
v -6.326202 2.253983 0.194031
v -6.202362 2.345657 0.197571
v -5.863983 2.542252 0.203735
v -5.484344 2.694168 0.199676
v -5.064545 2.803055 0.181183
v -5.018646 2.809830 0.178741
v -4.968964 2.813248 0.177826
v -4.925018 2.813614 0.178680
v -4.751312 2.798416 0.187744
v -4.583527 2.762527 0.201019
v -4.424652 2.711746 0.218597
v -4.210419 2.618851 0.252350
v -3.987823 2.500320 0.306000
v -3.859100 2.442642 0.336731
v -3.595428 2.366837 0.390991
v -3.181061 2.463516 0.397308
v -2.924652 2.701614 0.320587
v -2.829010 2.814041 0.280884
v -2.771637 2.886856 0.254059
v -2.536346 3.063309 0.236755
v -2.300629 3.211258 0.227203
v -2.054962 3.334854 0.219635
v -1.862335 3.408646 0.216614
v -1.581268 3.477921 0.218139
v -1.262848 3.516495 0.222412
v -0.918976 3.518997 0.225738
v -0.573029 3.483414 0.226349
v -0.246918 3.414749 0.226166
v 0.037628 3.320572 0.228271
v 0.274994 3.207413 0.239074
v 0.346893 3.164261 0.248077
v 0.410614 3.120010 0.261078
v 0.453339 3.084976 0.274444
v 0.850983 2.640579 0.483581
v 1.363434 2.808609 0.382599
v 1.490631 2.882278 0.367859
v 1.608124 2.999588 0.333771
v 2.272064 3.755508 0.222076
v 2.432770 3.878006 0.210418
v 2.634735 3.996475 0.203552
v 2.721710 4.036880 0.202697
v 2.853729 4.088516 0.203552
v 2.973663 4.126175 0.205444
v 3.283661 4.190567 0.211853
v 3.592987 4.213089 0.216888
v 3.912445 4.199234 0.221130
v 4.232147 4.149857 0.223266
v 4.541901 4.068008 0.222381
v 4.831329 3.958817 0.218200
v 5.090179 3.831375 0.212158
v 5.307648 3.695328 0.205078
v 5.449066 3.586014 0.201446
v 5.563385 3.475845 0.201843
v 5.686310 3.334549 0.204590
v 5.875763 3.066788 0.210083
v 6.009979 2.815384 0.216186
v 6.151642 2.371719 0.278625
v 6.246979 2.158585 0.304535
v 6.919220 1.190506 0.472778
v 7.524261 1.873184 0.139709
v 7.577606 1.870804 0.136810
v 7.778412 1.840408 0.133453
v 7.970734 1.779922 0.128326
v 8.141510 1.701614 0.122040
v 8.181732 1.684219 0.117920
v 8.229156 1.640701 0.122009
v 8.283478 1.590836 0.125000
v 8.346710 1.522964 0.129333
v 8.402435 1.454605 0.134064
v 8.548370 1.228775 0.146484
v 8.660309 0.978958 0.152801
v 8.742645 0.685867 0.154510
v 8.762299 0.565933 0.154022
v 8.774933 0.427750 0.153595
v 8.776642 0.292313 0.152771
v 8.767609 0.160843 0.151855
v 8.748199 0.034195 0.151154
v 8.718781 -0.087570 0.150940
v 8.681061 -0.199692 0.151489
v 8.568451 -0.438095 0.149872
v 8.521820 -0.515366 0.148712
v 8.464569 -0.597641 0.148102
v 8.406036 -0.670273 0.148071
v 8.346161 -0.734299 0.148865
v 8.284271 -0.791122 0.150757
v 8.219147 -0.842148 0.153992
v 8.149261 -0.888351 0.158936
v 8.072601 -0.929855 0.165741
v 7.987640 -0.967026 0.175385
v 7.893097 -0.999008 0.188873
v 7.788300 -1.024704 0.207520
v 7.673309 -1.042892 0.233124
v 6.942535 -1.087753 0.436585
v 6.633636 -1.798080 0.241364
v 6.615082 -1.826523 0.233460
v 6.578949 -1.873764 0.223206
v 6.523163 -1.936874 0.212830
v 6.450165 -2.009262 0.204041
v 6.361969 -2.085861 0.197174
v 6.260529 -2.162521 0.191986
v 6.149078 -2.235703 0.188355
v 6.030487 -2.301804 0.185700
v 5.908173 -2.358444 0.183960
v 5.785797 -2.403915 0.183441
v 5.666901 -2.437607 0.184570
v 5.554230 -2.459579 0.188019
v 5.450348 -2.470566 0.194397
v 5.356110 -2.471603 0.204346
v 5.251434 -2.461105 0.221283
v 4.736969 -2.343613 0.328400
v 4.152008 -2.291977 0.490265
v 3.785431 -2.763229 0.307862
v 3.737579 -2.812973 0.292603
v 3.680817 -2.865768 0.280823
v 3.476288 -3.028915 0.262360
v 3.213043 -3.197983 0.256653
v 2.890289 -3.364365 0.257080
v 2.522369 -3.511887 0.258454
v 2.124725 -3.630722 0.259033
v 1.711578 -3.712082 0.257355
v 1.297821 -3.751328 0.254334
v 0.899139 -3.747177 0.252442
v 0.528595 -3.701401 0.256226
v -0.239044 -3.484360 0.263733
v -0.396515 -3.421860 0.273102
v -0.452789 -3.392807 0.282379
v -0.644012 -3.282455 0.326020
v -0.764313 -3.221725 0.351166
v -0.899261 -3.165817 0.375916
v -1.526825 -3.006210 0.510254
v -1.831451 -3.462021 0.272980
v -1.860138 -3.488998 0.261139
v -1.900299 -3.516525 0.253357
v -1.948090 -3.549667 0.243866
v -2.141388 -3.657211 0.224518
v -2.383881 -3.754501 0.213135
v -2.665009 -3.832016 0.205628
v -2.977142 -3.875595 0.196106
v -3.104095 -3.880722 0.192078
v -3.239105 -3.877731 0.188721
v -3.348602 -3.702866 0.306488
v -3.434845 -3.688278 0.305939
v -3.506439 -3.670517 0.307160
v -3.755951 -3.582260 0.313294
v -3.961945 -3.481125 0.317810
v -4.131012 -3.371567 0.324463
v -4.274506 -3.251877 0.335999
v -4.400970 -3.115646 0.354798
v -4.525970 -2.941879 0.387879
v -5.069916 -1.957199 0.621704
v -6.088226 -2.365829 0.358307
v -6.781219 -2.688766 0.311371
v -6.929718 -2.731918 0.304108
v -7.077057 -2.760422 0.300110
v -7.210602 -2.775253 0.298950
v -7.562042 -2.773361 0.300324
v -7.904083 -2.720322 0.300751
v -8.248016 -2.619736 0.299256
v -8.579498 -2.476669 0.293457
v -8.883514 -2.299789 0.281677
v -9.146027 -2.103500 0.265045
v -9.351654 -1.905563 0.243866
v -9.502472 -1.708725 0.215424
v -9.560577 -1.541916 0.206604
v -9.562714 -1.486801 0.208344
v -9.560822 -1.426010 0.210297
v -9.554779 -1.363632 0.212402
v -9.545441 -1.304306 0.214752
v -9.533844 -1.252548 0.217011
v -9.521332 -1.202927 0.218231
v -9.401031 -1.001938 0.239227
v -9.263031 -0.829269 0.253693
v -9.096771 -0.674728 0.262817
v -8.906342 -0.537582 0.272919
v -8.690277 -0.423325 0.282593
v -8.449921 -0.336349 0.294220
v -8.188385 -0.282272 0.311737
v -7.897308 -0.266220 0.343933
v -6.796661 -0.332260 0.568024
v -6.798737 1.095840 0.369476
v -6.775787 1.250931 0.346588
v -6.741425 1.388870 0.330932
v -6.697723 1.512711 0.320557
v -6.644257 1.625076 0.313019
v -6.582794 1.730423 0.309021
v -6.511810 1.830704 0.307220
v -6.429657 1.928055 0.307220
v -6.334808 2.023453 0.308624
v -6.225677 2.117020 0.311004
v -6.119415 2.195694 0.314117
v -5.801178 2.380875 0.320373
v -5.442780 2.524551 0.316467
v -5.061676 2.630508 0.297851
v -5.025726 2.640579 0.293335
v -4.991730 2.638321 0.296051
v -4.841400 2.622452 0.309234
v -4.699005 2.591507 0.323395
v -4.558319 2.545853 0.342163
v -4.354034 2.455887 0.377930
v -4.120758 2.328690 0.432648
v -3.965302 2.256790 0.466430
v -3.629364 2.154678 0.527344
v -3.095306 2.279434 0.537262
v -2.774750 2.589981 0.454101
v -2.661591 2.728165 0.411163
v -2.620392 2.782791 0.393036
v -2.417755 2.935074 0.373596
v -2.195770 3.075272 0.360626
v -1.968658 3.190384 0.350830
v -1.802277 3.254593 0.346954
v -1.551483 3.316360 0.347503
v -1.260529 3.351151 0.351501
v -0.940643 3.352615 0.355407
v -0.616486 3.317947 0.357513
v -0.312225 3.252090 0.359802
v -0.050629 3.163651 0.365448
v 0.166718 3.058426 0.379699
v 0.223053 3.024063 0.387604
v 0.273346 2.988480 0.398041
v 0.301178 2.965103 0.406250
v 0.798187 2.389297 0.634369
v 1.456207 2.617752 0.525390
v 1.621735 2.715652 0.510254
v 1.770294 2.868668 0.474029
v 2.443695 3.653275 0.351410
v 2.581146 3.759415 0.338653
v 2.759247 3.864456 0.329986
v 2.825775 3.895401 0.328674
v 2.940826 3.940262 0.328674
v 3.039398 3.971146 0.329864
v 3.323273 4.030106 0.335663
v 3.605072 4.050735 0.340606
v 3.901337 4.037918 0.345001
v 4.201385 3.991531 0.347168
v 4.493744 3.914017 0.346130
v 4.766571 3.810623 0.341613
v 5.008148 3.691055 0.335357
v 5.206757 3.566422 0.328644
v 5.326263 3.473770 0.325775
v 5.421539 3.381546 0.326568
v 5.530487 3.255875 0.330169
v 5.709320 3.002213 0.338684
v 5.831390 2.779312 0.349243
v 5.978058 2.320145 0.413025
v 6.094513 2.061111 0.440338
v 6.924286 0.777786 0.568573
v 7.797577 1.595657 0.232635
v 7.959808 1.544754 0.225464
v 8.165009 1.425308 0.219971
v 8.212921 1.372940 0.223358
v 8.252533 1.323624 0.226959
v 8.382355 1.121292 0.239471
v 8.481415 0.899979 0.246368
v 8.557220 0.631424 0.248901
v 8.573578 0.533585 0.248749
v 8.585114 0.413162 0.248657
v 8.587250 0.296768 0.248230
v 8.580475 0.185928 0.247681
v 8.565460 0.081131 0.247375
v 8.542816 -0.017685 0.247467
v 8.514862 -0.104782 0.248230
v 8.416351 -0.323166 0.248108
v 8.382721 -0.381515 0.247803
v 8.338287 -0.448593 0.248169
v 8.294464 -0.505661 0.249085
v 8.251129 -0.554306 0.250702
v 8.207489 -0.596481 0.253204
v 8.161835 -0.634079 0.256805
v 8.112091 -0.668564 0.261810
v 8.055756 -0.700485 0.268524
v 7.990570 -0.730209 0.277771
v 7.914459 -0.757004 0.290436
v 7.825775 -0.779465 0.307648
v 7.723541 -0.796066 0.330689
v 6.819489 -0.844528 0.554382
v 6.426422 -1.788925 0.345337
v 6.384247 -1.836227 0.336731
v 6.324615 -1.894882 0.328308
v 6.250092 -1.959152 0.321076
v 6.163361 -2.024521 0.315247
v 6.067657 -2.087326 0.311066
v 5.966583 -2.143967 0.308258
v 5.863556 -2.192245 0.306854
v 5.762726 -2.230576 0.307038
v 5.667450 -2.258530 0.309113
v 5.580475 -2.276291 0.313355
v 5.503876 -2.284958 0.319794
v 5.437775 -2.285934 0.328400
v 5.356049 -2.277451 0.343445
v 4.826080 -2.152695 0.458710
v 4.079865 -2.071945 0.639862
v 3.634674 -2.683151 0.446717
v 3.599335 -2.721237 0.436066
v 3.556671 -2.761887 0.427277
v 3.369232 -2.913254 0.407929
v 3.125763 -3.071274 0.399781
v 2.821320 -3.229843 0.398346
v 2.470245 -3.372238 0.398712
v 2.088898 -3.487289 0.398804
v 1.693024 -3.565720 0.396851
v 1.299591 -3.602890 0.393799
v 0.925812 -3.598190 0.392395
v 0.583466 -3.554306 0.396973
v -0.163055 -3.337387 0.410034
v -0.298981 -3.282211 0.419861
v -0.339325 -3.260544 0.426544
v -0.537689 -3.140610 0.469269
v -0.677216 -3.066635 0.494904
v -0.836823 -2.996445 0.518494
v -1.634979 -2.773544 0.657685
v -2.048981 -3.394028 0.388520
v -2.092194 -3.424789 0.378388
v -2.265045 -3.519211 0.356324
v -2.482269 -3.604721 0.340760
v -2.736969 -3.673203 0.329315
v -3.023651 -3.711777 0.316864
v -3.129486 -3.715622 0.312500
v -3.245758 -3.712631 0.308808
v -9.571136 -1.647568 0.194367
v -3.334198 -3.518295 0.416168
v -3.396332 -3.507614 0.415711
v -3.442291 -3.496017 0.416565
v -3.666351 -3.416306 0.423584
v -3.846771 -3.327560 0.429810
v -3.991180 -3.234055 0.438111
v -4.112762 -3.132675 0.450531
v -4.221771 -3.015427 0.468811
v -4.336700 -2.856674 0.499848
v -4.995453 -1.630417 0.728180
v -6.210236 -2.128159 0.452423
v -6.902924 -2.453659 0.401367
v -7.032074 -2.491501 0.394287
v -7.160797 -2.515915 0.389801
v -7.271759 -2.527267 0.387940
v -7.592316 -2.521042 0.386749
v -7.902313 -2.467392 0.384796
v -8.217926 -2.368210 0.380493
v -8.523773 -2.228500 0.371308
v -8.803314 -2.057785 0.355621
v -9.041229 -1.871750 0.334870
v -9.221283 -1.690720 0.310089
v -9.350739 -1.470139 0.283966
v -9.339630 -1.430222 0.287659
v -9.340057 -1.388840 0.287201
v -9.321075 -1.358932 0.292725
v -9.240875 -1.203842 0.309387
v -9.124786 -1.055832 0.324585
v -8.985687 -0.920639 0.338287
v -8.821747 -0.800705 0.350342
v -8.632782 -0.699448 0.362488
v -8.418549 -0.621445 0.376312
v -8.179779 -0.572372 0.394531
v -7.901947 -0.557602 0.423492
v -6.567841 -0.634140 0.629273
v -6.589020 1.106339 0.471191
v -6.568146 1.244766 0.451263
v -6.538361 1.363480 0.437042
v -6.501678 1.466507 0.427124
v -6.458954 1.558121 0.420441
v -6.409454 1.642654 0.415954
v -6.352203 1.723282 0.413513
v -6.284943 1.802750 0.412720
v -6.205597 1.882339 0.413330
v -6.112091 1.962418 0.415008
v -6.024811 2.027054 0.417450
v -5.730438 2.198868 0.423614
v -5.398041 2.334122 0.421448
v -4.932953 2.422501 0.416992
v -4.815704 2.396866 0.430969
v -4.693024 2.356522 0.449615
v -4.498749 2.269608 0.485809
v -4.254913 2.134354 0.541107
v -4.071747 2.047928 0.577942
v -3.660431 1.918167 0.645111
v -3.003387 2.071609 0.659576
v -2.616486 2.458633 0.572540
v -2.485199 2.623734 0.526794
v -2.460907 2.656998 0.516784
v -2.291901 2.784683 0.498016
v -2.083771 2.917007 0.482605
v -1.875824 3.023392 0.471069
v -1.736481 3.077530 0.466644
v -1.517426 3.131302 0.466125
v -1.256012 3.161880 0.469543
v -0.962250 3.162064 0.473999
v -0.662018 3.128494 0.477783
v -0.380829 3.065933 0.482696
v -0.142303 2.983475 0.491302
v 0.055267 2.885635 0.507141
v 0.095551 2.860550 0.513031
v 0.131622 2.834183 0.520233
v 0.167633 2.804459 0.529449
v 0.745636 2.113724 0.766266
v 1.553925 2.404373 0.651001
v 1.761078 2.528397 0.636261
v 1.942719 2.718887 0.597992
v 2.628693 3.531143 0.467376
v 2.742645 3.620438 0.454559
v 2.896210 3.711746 0.444641
v 2.941864 3.733047 0.443176
v 3.039093 3.770889 0.442230
v 3.115326 3.794754 0.442627
v 3.370392 3.847305 0.446930
v 3.621674 3.865372 0.451141
v 3.891449 3.853287 0.455108
v 4.168549 3.810074 0.457123
v 4.440338 3.737564 0.456024
v 4.693756 3.641129 0.451690
v 4.915863 3.530838 0.445892
v 5.094025 3.418839 0.440277
v 5.190521 3.343948 0.438476
v 5.266144 3.270645 0.439758
v 5.360626 3.161392 0.444153
v 5.529083 2.923111 0.455627
v 5.637115 2.729202 0.468078
v 5.789520 2.256790 0.531250
v 5.928009 1.948990 0.558258
v 6.908844 0.351029 0.626984
v 7.812592 1.330887 0.319611
v 7.942780 1.287857 0.309357
v 8.070221 1.204300 0.303528
v 8.095062 1.175491 0.304901
v 8.204010 0.999771 0.317352
v 8.287323 0.810501 0.323364
v 8.354706 0.570572 0.326141
v 8.367157 0.497086 0.326233
v 8.377289 0.396683 0.326508
v 8.379669 0.301834 0.326508
v 8.375214 0.213882 0.326508
v 8.364716 0.133255 0.326721
v 8.349030 0.059647 0.327332
v 8.331024 -0.000229 0.328369
v 8.247894 -0.195541 0.330383
v 8.227264 -0.233505 0.330780
v 8.195770 -0.283981 0.332092
v 8.166656 -0.324203 0.333649
v 8.140289 -0.355453 0.335571
v 8.114838 -0.381271 0.337830
v 8.087616 -0.405014 0.340790
v 8.057037 -0.427292 0.344727
v 8.020721 -0.448593 0.349945
v 7.975189 -0.470016 0.357391
v 7.917572 -0.490463 0.367737
v 7.845551 -0.508347 0.381714
v 7.757416 -0.521103 0.399933
v 6.675690 -0.574570 0.639771
v 6.233429 -1.712509 0.443115
v 6.189178 -1.758041 0.437286
v 6.130280 -1.810593 0.431641
v 6.059479 -1.865219 0.426697
v 5.980804 -1.917953 0.423096
v 5.898102 -1.965317 0.420807
v 5.815094 -2.005173 0.420044
v 5.736115 -2.036057 0.420929
v 5.664520 -2.057663 0.423493
v 5.602936 -2.070724 0.427551
v 5.553131 -2.076462 0.432678
v 5.514862 -2.077011 0.438385
v 5.456085 -2.070480 0.450134
v 4.910004 -1.936874 0.570038
v 3.998505 -1.827194 0.769440
v 3.473541 -2.583115 0.569946
v 3.445892 -2.604111 0.567780
v 3.423065 -2.635605 0.558350
v 3.252716 -2.776047 0.540253
v 3.028778 -2.923325 0.530762
v 2.743134 -3.073837 0.527497
v 2.410431 -3.210190 0.526642
v 2.047394 -3.320724 0.526032
v 1.671295 -3.395676 0.523834
v 1.300751 -3.430649 0.521027
v 0.953888 -3.425522 0.520386
v 0.641083 -3.383713 0.525727
v -0.083344 -3.167526 0.543854
v -0.198334 -3.132858 0.544464
v -0.221771 -3.106247 0.556580
v -0.427338 -2.977097 0.597779
v -0.586029 -2.889450 0.624146
v -0.768890 -2.805222 0.648499
v -1.752838 -2.514206 0.783661
v -2.244598 -3.273239 0.496216
v -2.395844 -3.357407 0.474182
v -2.587372 -3.432297 0.455963
v -2.814178 -3.492355 0.441345
v -3.072968 -3.526291 0.426453
v -3.156769 -3.529099 0.422119
v -3.253265 -3.526291 0.418335
v -2.200897 -3.260727 0.496674
v 7.763947 1.340164 0.324798
v 6.271698 -1.685776 0.442169
v -5.036346 2.431107 0.407715
v -3.320099 -3.314682 0.517121
v -3.356659 -3.317917 0.512146
v -3.382233 -3.306381 0.514771
v -3.575348 -3.232162 0.525116
v -3.729034 -3.155624 0.532135
v -3.847870 -3.078232 0.540894
v -3.946564 -2.995651 0.552674
v -4.036835 -2.898544 0.569000
v -4.140533 -2.755783 0.596710
v -4.915680 -1.286240 0.812103
v -6.331390 -1.869431 0.524841
v -7.024384 -2.194260 0.470856
v -7.134369 -2.226181 0.464142
v -7.244537 -2.246384 0.459351
v -7.332794 -2.254379 0.456970
v -7.621063 -2.244186 0.452789
v -7.896759 -2.191086 0.447968
v -8.181061 -2.095016 0.440155
v -8.458038 -1.961288 0.427124
v -8.710175 -1.800034 0.407349
v -8.921417 -1.628098 0.383270
v -9.048187 -1.433762 0.364777
v -8.968842 -1.294601 0.375580
v -8.856415 -1.181320 0.392212
v -8.719696 -1.079758 0.406036
v -8.558380 -0.992416 0.420044
v -8.370575 -0.923691 0.435303
v -8.155121 -0.879379 0.453430
v -7.891571 -0.864853 0.478912
v -6.329865 -0.940414 0.661621
v -6.366119 1.107315 0.557556
v -6.347443 1.227188 0.540771
v -6.322479 1.325455 0.528747
v -6.293427 1.406937 0.520325
v -6.260895 1.476761 0.514557
v -6.223846 1.540054 0.510498
v -6.180817 1.600723 0.507965
v -6.128998 1.662064 0.506714
v -6.065826 1.725479 0.506622
v -5.988678 1.791641 0.507629
v -5.921173 1.841690 0.509369
v -5.653290 1.998795 0.515289
v -5.349701 2.123734 0.514465
v -5.016754 2.208939 0.509552
v -4.930573 2.182632 0.524322
v -4.825958 2.147415 0.541595
v -4.642120 2.063736 0.577148
v -4.388214 1.920853 0.632751
v -4.176788 1.819534 0.672668
v -3.688080 1.661209 0.745911
v -2.906342 1.843338 0.765655
v -2.451569 2.309708 0.677185
v -2.300201 2.512283 0.625397
v -2.161407 2.613724 0.610351
v -1.967499 2.738113 0.593597
v -1.779022 2.835526 0.581115
v -1.667084 2.879288 0.576599
v -1.480499 2.925003 0.575195
v -1.249603 2.951187 0.577972
v -0.983063 2.950150 0.582763
v -0.707855 2.917862 0.588135
v -0.450470 2.858841 0.595367
v -0.235443 2.782852 0.606079
v -0.058929 2.691605 0.621307
v -0.021820 2.665115 0.627502
v 0.690338 1.812271 0.880066
v 1.660187 2.174576 0.765381
v 1.907562 2.323868 0.747711
v 2.123138 2.552689 0.706878
v 2.822601 3.390457 0.570251
v 2.912994 3.462296 0.558410
v 3.039215 3.537857 0.548340
v 3.072418 3.545486 0.550079
v 3.145294 3.581985 0.545135
v 3.198822 3.598587 0.544891
v 3.423248 3.644424 0.547210
v 3.641998 3.659561 0.550140
v 3.882904 3.648148 0.553314
v 4.134430 3.608231 0.554962
v 4.383209 3.541275 0.553924
v 4.615143 3.452591 0.550140
v 4.816193 3.352432 0.545349
v 4.972748 3.253922 0.541229
v 5.045441 3.197525 0.540497
v 5.100739 3.143814 0.542053
v 5.180389 3.051834 0.546905
v 5.338104 2.829727 0.560699
v 5.430328 2.666336 0.573211
v 5.588348 2.183060 0.634613
v 5.750397 1.824783 0.660553
v 6.875092 -0.079391 0.652527
v 7.925629 1.009171 0.377167
v 8.017120 0.867081 0.382080
v 8.083527 0.712784 0.386810
v 8.141144 0.504776 0.389313
v 8.149200 0.457291 0.389496
v 8.157440 0.378738 0.390076
v 8.159882 0.307022 0.390564
v 8.157318 0.243729 0.391083
v 8.150970 0.188980 0.391754
v 8.142242 0.143326 0.392700
v 8.134552 0.102798 0.393097
v 8.064178 -0.068161 0.397125
v 8.036346 -0.105209 0.400757
v 8.017609 -0.137619 0.402100
v 8.007355 -0.174545 0.400330
v 7.974335 -0.175827 0.409058
v 7.939606 -0.192551 0.415802
v 7.902191 -0.207565 0.423431
v 7.848175 -0.221420 0.434662
v 7.776703 -0.232468 0.450348
v 6.521210 -0.291000 0.703430
v 6.005890 -1.645370 0.532196
v 5.951385 -1.688339 0.528320
v 5.889801 -1.730515 0.525574
v 5.825592 -1.768234 0.524109
v 5.762543 -1.799362 0.524048
v 5.705109 -1.822495 0.525330
v 5.656708 -1.837265 0.527557
v 5.619965 -1.845139 0.530548
v 5.589325 -1.856857 0.530670
v 5.550385 -1.843674 0.542664
v 4.992706 -1.699142 0.664398
v 3.906281 -1.553940 0.875885
v 3.311249 -2.460739 0.677551
v 3.285858 -2.483749 0.674774
v 3.128387 -2.618942 0.659546
v 2.924347 -2.755417 0.649628
v 2.657928 -2.897507 0.644928
v 2.344452 -3.027390 0.642823
v 2.001312 -3.132736 0.641449
v 1.646881 -3.203903 0.639099
v 1.300873 -3.236496 0.636750
v 0.982147 -3.231064 0.636933
v 0.699738 -3.191635 0.642853
v -0.001984 -2.976486 0.664917
v -0.104034 -2.935226 0.671784
v -0.314117 -2.794479 0.712281
v -0.492584 -2.693039 0.738892
v -0.699493 -2.595322 0.763275
v -1.867584 -2.221664 0.885346
v -2.531403 -3.173264 0.577484
v -2.696136 -3.238937 0.559113
v -2.893951 -3.291489 0.542908
v -3.123810 -3.321335 0.526428
v -3.185211 -3.323227 0.522644
v -3.261383 -3.320663 0.518982
v 7.863739 1.021988 0.386597
v 6.058563 -1.596725 0.538025
v -5.058441 2.206680 0.508301
v -2.425079 -3.111923 0.593933
v -3.484772 -3.030014 0.617859
v -3.611298 -2.966476 0.625214
v -3.703827 -2.905685 0.633362
v -3.778595 -2.842636 0.643311
v -3.849030 -2.766769 0.656677
v -3.940155 -2.641525 0.680756
v -4.830780 -0.929855 0.876404
v -6.450104 -1.594772 0.576355
v -7.142426 -1.915939 0.519440
v -7.233490 -1.941147 0.513031
v -7.325043 -1.956833 0.507996
v -7.390717 -1.961899 0.505432
v -7.645660 -1.948471 0.498200
v -7.885712 -1.897629 0.490753
v -8.136627 -1.806625 0.478790
v -8.382843 -1.681503 0.461945
v -8.605927 -1.533005 0.438385
v -8.601105 -1.367111 0.440033
v -8.467316 -1.294357 0.454926
v -8.306427 -1.235397 0.470886
v -8.115143 -1.195724 0.488464
v -7.866913 -1.180527 0.510864
v -6.110382 -1.220566 0.669129
v -6.133881 1.099686 0.630737
v -6.117157 1.199173 0.616699
v -6.097198 1.275589 0.607086
v -6.076019 1.334427 0.600708
v -6.053986 1.381607 0.596435
v -6.029694 1.423233 0.593384
v -6.001190 1.463577 0.591308
v -5.965118 1.506485 0.590027
v -5.918365 1.553726 0.589599
v -5.858063 1.605789 0.590088
v -5.810577 1.641190 0.591217
v -5.570831 1.783157 0.597168
v -5.297760 1.898026 0.598633
v -5.041168 1.950821 0.603668
v -4.955048 1.921219 0.618866
v -4.782318 1.841202 0.652923
v -4.519073 1.691177 0.708649
v -4.279205 1.574661 0.751617
v -3.711823 1.387283 0.831055
v -2.805084 1.597427 0.856628
v -2.282135 2.145584 0.769653
v -2.027924 2.424088 0.711029
v -1.848785 2.540237 0.694061
v -1.680145 2.628433 0.681427
v -1.595734 2.661819 0.677429
v -1.441742 2.699417 0.675506
v -1.241608 2.721390 0.677673
v -1.002716 2.719193 0.682648
v -0.752960 2.688309 0.689178
v -0.519623 2.632950 0.697998
v -0.328583 2.563309 0.709411
v -0.164154 2.478348 0.726074
v 0.635468 1.492813 0.974426
v 1.768890 1.929215 0.864014
v 2.058502 2.104080 0.844330
v 2.309296 2.371964 0.801269
v 3.022003 3.232742 0.660309
v 3.088593 3.286514 0.650482
v 3.254608 3.373550 0.638244
v 3.291595 3.385269 0.637542
v 3.480133 3.423477 0.637787
v 3.665192 3.435684 0.639190
v 3.875641 3.424881 0.641266
v 4.099823 3.388443 0.642395
v 4.323883 3.327408 0.641510
v 4.532867 3.246964 0.638519
v 4.711700 3.157486 0.635010
v 4.845795 3.073013 0.632477
v 4.894073 3.035538 0.632507
v 4.928375 3.002213 0.633911
v 4.992523 2.928116 0.638702
v 5.138824 2.723099 0.653961
v 5.213715 2.591934 0.665253
v 5.376495 2.100357 0.724335
v 5.561371 1.690262 0.748016
v 7.923370 0.424942 0.441498
v 7.930695 0.359329 0.442291
v 7.932648 0.311966 0.443024
v 7.933014 0.275284 0.443359
v 7.928925 0.227554 0.444397
v 7.829865 0.078140 0.461151
v 7.774506 0.070023 0.472229
v 6.357513 0.002335 0.747864
v 5.839325 -1.494858 0.619751
v 5.795013 -1.526413 0.618317
v 5.749115 -1.554306 0.617828
v 5.705597 -1.576340 0.618256
v 5.670685 -1.596603 0.617005
v 5.069794 -1.446152 0.744232
v 3.805695 -1.261825 0.962830
v 2.997955 -2.444260 0.765991
v 2.814301 -2.569138 0.756439
v 2.567413 -2.702377 0.750794
v 2.273773 -2.825363 0.747650
v 1.951569 -2.925217 0.745636
v 1.620026 -2.992233 0.743256
v 1.299591 -3.022385 0.741486
v 1.009674 -3.016708 0.742462
v 0.758148 -2.980026 0.748657
v 0.079620 -2.766159 0.772949
v 0.013275 -2.736252 0.777649
v -0.199554 -2.595139 0.813690
v -0.397797 -2.478928 0.839478
v -0.629120 -2.366440 0.862641
v -1.981598 -1.908981 0.967499
v -2.668182 -2.972031 0.669464
v -2.805756 -3.027512 0.651703
v -2.974457 -3.072617 0.635071
v -3.175079 -3.098801 0.618134
v -3.214325 -3.100082 0.615387
v -3.291290 -3.097946 0.611267
v 7.365204 0.048477 0.557159
v -5.084198 1.960403 0.596771
v 6.539764 0.008377 0.713013
v -2.618011 -2.943710 0.678559
v -2.128815 2.345230 0.723053
v 3.138092 -2.316269 0.782532
v -3.396027 -2.813644 0.703827
v -3.495148 -2.762558 0.710236
v -3.560883 -2.718613 0.716614
v -3.610992 -2.675766 0.723725
v -3.660431 -2.622177 0.733399
v -3.737701 -2.515976 0.753693
v -4.735992 -0.565170 0.921387
v -7.257843 -1.620346 0.544129
v -7.328461 -1.639938 0.538971
v -7.422028 -1.653122 0.532990
v -7.663849 -1.639328 0.522125
v -7.865753 -1.569992 0.511597
v -7.829376 -1.525742 0.515015
v -5.891144 1.081802 0.688202
v -5.878021 1.160355 0.678284
v -5.864166 1.214005 0.671966
v -5.848297 1.245499 0.669647
v -5.856110 1.281143 0.661499
v -5.838654 1.301163 0.661285
v -5.817352 1.316238 0.662689
v -5.793121 1.335587 0.663727
v -5.765472 1.367874 0.662628
v -5.722076 1.405960 0.663025
v -5.689362 1.429764 0.664062
v -5.483673 1.553543 0.670135
v -5.241364 1.657547 0.673553
v -5.078461 1.680862 0.682251
v -4.917755 1.604935 0.714111
v -4.646149 1.448013 0.769684
v -4.378082 1.315933 0.815643
v -3.735016 1.098038 0.899536
v -2.698151 1.339554 0.936279
v -2.108917 1.967423 0.850372
v -1.892853 2.217239 0.800628
v -1.728973 2.325089 0.784363
v -1.580353 2.404007 0.772430
v -1.523407 2.426773 0.769470
v -1.401764 2.456497 0.767456
v -1.232147 2.474442 0.769073
v -1.020844 2.471329 0.773987
v -0.796478 2.442093 0.781219
v -0.587250 2.390884 0.790893
v -0.420197 2.328751 0.802399
v -0.317047 2.275101 0.813598
v 0.580719 1.159073 1.051391
v 1.879303 1.669449 0.947571
v 2.212067 1.870865 0.926605
v 2.499115 2.178421 0.881805
v 3.224091 3.059830 0.738006
v 3.266754 3.094864 0.731079
v 3.371307 3.159744 0.718353
v 3.539337 3.186417 0.719696
v 3.690155 3.195755 0.719574
v 3.869354 3.185684 0.720459
v 4.065216 3.152908 0.721008
v 4.263458 3.098038 0.720215
v 4.448517 3.026077 0.718048
v 4.604401 2.947525 0.715790
v 4.715424 2.877213 0.714569
v 4.750214 2.873611 0.708740
v 4.758759 2.849197 0.713440
v 4.799530 2.791397 0.719909
v 4.933563 2.604446 0.735870
v 4.989594 2.507339 0.744995
v 5.156403 2.010269 0.801910
v 5.364471 1.550247 0.824798
v 5.661652 -1.347702 0.696076
v 5.140778 -1.178146 0.808441
v 3.697968 -0.954269 1.031860
v 2.863312 -2.253159 0.860047
v 2.700165 -2.365768 0.851319
v 2.472992 -2.489914 0.845276
v 2.199615 -2.605637 0.841431
v 1.898834 -2.699692 0.838959
v 1.590851 -2.762436 0.836670
v 1.296600 -2.790085 0.835480
v 1.035797 -2.784286 0.837158
v 0.815338 -2.750778 0.843323
v 0.160492 -2.538315 0.868225
v 0.122772 -2.521347 0.871033
v -0.083649 -2.379868 0.901734
v -0.302032 -2.249069 0.926514
v -0.558136 -2.121323 0.947907
v -2.094269 -1.579636 1.031708
v -2.913910 -2.799728 0.734070
v -3.053864 -2.837570 0.718415
v -3.233795 -2.862411 0.699890
v -5.880768 -1.030991 0.717163
v -7.063141 -1.531723 0.562042
v 5.706879 -1.298447 0.700897
v -5.118073 1.694839 0.674652
v 3.338898 3.139175 0.722717
v -2.808624 -2.756882 0.749329
v -1.962006 2.163406 0.809418
v 2.955902 -2.172287 0.869446
v 6.158844 0.177383 0.787659
v -3.308807 -2.583115 0.782074
v -3.380707 -2.545395 0.787201
v -3.420929 -2.524033 0.789612
v -3.450287 -2.502792 0.792786
v -3.472382 -2.466599 0.800476
v -3.534943 -2.380722 0.816986
v -4.634613 -0.196213 0.948608
v -5.643341 1.060501 0.737610
v -5.645538 1.157059 0.722900
v -5.580292 1.202164 0.726044
v -5.392303 1.311905 0.735168
v -5.168488 1.407242 0.739441
v -5.047394 1.357803 0.762146
v -4.768158 1.193863 0.816620
v -4.472565 1.045853 0.865631
v -3.753571 0.797134 0.953033
v -2.588531 1.069229 1.002533
v -1.933441 1.777237 0.920624
v -1.757111 1.995743 0.879852
v -1.608795 2.094681 0.864990
v -1.480377 2.163895 0.854339
v -1.451447 2.192825 0.847809
v -1.361053 2.198013 0.851074
v -1.221527 2.212357 0.852295
v -1.037384 2.208572 0.856964
v -0.838165 2.181229 0.864349
v -0.652863 2.134476 0.874084
v -0.509857 2.080154 0.884796
v -0.459503 2.053604 0.890411
v 0.525726 0.814346 1.112060
v 1.990570 1.398026 1.017303
v 2.367096 1.626419 0.995361
v 2.690826 1.973831 0.949097
v 3.426666 2.873306 0.803772
v 3.462433 2.901566 0.797821
v 3.599213 2.934769 0.793426
v 3.715912 2.941544 0.792206
v 3.863739 2.932449 0.791992
v 4.030914 2.903519 0.791931
v 4.202850 2.854996 0.791260
v 4.363556 2.791763 0.789856
v 4.496063 2.724380 0.788696
v 4.591217 2.656876 0.789612
v 4.724396 2.475357 0.807159
v 4.760162 2.413651 0.813263
v 4.930328 1.913468 0.868225
v 5.162018 1.404190 0.890472
v 5.205414 -0.896835 0.857147
v 3.583893 -0.634628 1.084167
v 2.725189 -2.047470 0.941925
v 2.582855 -2.146957 0.934357
v 2.375641 -2.261642 0.928436
v 2.122711 -2.369858 0.924286
v 1.843719 -2.457932 0.921570
v 1.559540 -2.516220 0.919556
v 1.291656 -2.541306 0.918945
v 1.059967 -2.535629 0.921143
v 0.870636 -2.505844 0.927124
v 0.237518 -2.301193 0.948853
v 0.032562 -2.151352 0.977600
v -0.205963 -2.005539 1.000794
v -0.486786 -1.862472 1.019867
v -2.204987 -1.237228 1.079224
v -3.019989 -2.560410 0.805145
v -3.131439 -2.587204 0.792999
v -5.671051 -0.612350 0.784363
v -2.989594 -2.544113 0.811249
v -3.256805 -2.603867 0.779755
v -1.793427 1.967117 0.884460
v 2.780670 -1.998093 0.947235
v 5.559174 -1.005966 0.792877
v 5.900787 0.123306 0.841370
v -3.330902 -2.234787 0.868683
v -4.529327 0.173904 0.956818
v -5.296478 1.058060 0.790619
v -4.884186 0.930801 0.849609
v -4.562042 0.766861 0.902496
v -3.768036 0.487503 0.992218
v -2.476654 0.789444 1.056641
v -1.756927 1.576431 0.981048
v -1.628754 1.766068 0.947174
v -1.488739 1.851029 0.936218
v -1.319855 1.925797 0.926178
v -1.209930 1.936722 0.927063
v -1.052460 1.932694 0.931274
v -0.877899 1.907547 0.938324
v -0.716339 1.865494 0.947479
v -0.581207 1.796585 0.961487
v 0.470367 0.461807 1.157196
v 2.101959 1.117508 1.073944
v 2.522491 1.372879 1.051178
v 2.882782 1.759781 1.003754
v 3.658661 2.669998 0.859283
v 3.741669 2.674698 0.857727
v 3.858246 2.666885 0.856720
v 3.996796 2.641922 0.856079
v 4.142426 2.599747 0.855316
v 4.278595 2.545181 0.854400
v 4.402069 2.480057 0.854248
v 4.512604 2.336502 0.867828
v 4.541351 2.300858 0.870422
v 4.700226 1.810806 0.924255
v 4.955780 1.253128 0.946442
v 5.264618 -0.605698 0.891876
v 3.464142 -0.306015 1.120819
v 2.583527 -1.838547 1.009583
v 2.463043 -1.914230 1.005737
v 2.276031 -2.019028 1.000336
v 2.043732 -2.119553 0.996247
v 1.786591 -2.201462 0.993591
v 1.526276 -2.255234 0.991883
v 1.284637 -2.277695 0.991730
v 1.082062 -2.272141 0.994171
v 0.923859 -2.246384 0.999512
v 0.148346 -1.911789 1.042328
v -0.109894 -1.750534 1.062958
v -0.415436 -1.591843 1.079010
v -2.313568 -0.885178 1.111115
v -3.205841 -2.323105 0.858582
v -5.445099 -0.188461 0.843018
v -5.169037 1.106766 0.796783
v -3.276398 -2.318771 0.854431
v -3.146698 -2.292892 0.868958
v 3.597565 2.647720 0.863617
v 2.602020 -1.812179 1.013428
v -5.399567 0.996231 0.788849
v 5.420624 -0.654587 0.861267
v 5.634857 0.071610 0.883820
v 0.332916 -2.043137 1.020538
v -4.992706 0.660172 0.867645
v -3.777618 0.170364 1.015686
v -2.362946 0.500687 1.095825
v -1.578156 1.365555 1.030395
v -1.368866 1.595657 0.997894
v -1.197479 1.649246 0.992706
v -1.066132 1.645340 0.996490
v -0.915924 1.622757 1.002930
v -0.777863 1.585953 1.011139
v -0.729828 1.567093 1.015076
v 0.414459 0.104385 1.187408
v 2.212860 0.829971 1.117950
v 2.677521 1.112320 1.094696
v 3.073334 1.539505 1.048614
v 3.852386 2.390518 0.915100
v 3.962921 2.369522 0.913879
v 4.082489 2.333878 0.912994
v 4.194244 2.287979 0.912018
v 4.294159 2.197952 0.918060
v 4.467987 1.703262 0.971283
v 4.748627 1.098465 0.996155
v 5.250702 -0.285934 0.926849
v 3.339264 0.028519 1.142578
v 2.341217 -1.669418 1.065674
v 2.174591 -1.763718 1.060974
v 1.962921 -1.856308 1.057251
v 1.727631 -1.931869 1.054901
v 1.491058 -1.981003 1.053528
v 1.275543 -2.000717 1.053650
v 1.101837 -1.995102 1.055725
v 0.974640 -1.973007 1.059509
v 0.263641 -1.662155 1.095642
v -0.013885 -1.485763 1.113312
v -0.342743 -1.311020 1.124786
v -2.420502 -0.526474 1.125122
v -5.187897 0.235977 0.865417
v -1.286224 1.645218 0.990631
v -5.164459 0.764847 0.839874
v 4.251434 2.258011 0.911987
v 5.367645 0.020035 0.926727
v -4.312592 0.334122 0.970062
v 2.425079 -1.608810 1.069275
v -1.459747 1.533096 1.006164
v -3.230377 -1.907089 0.941223
v 0.429657 -1.783493 1.080048
v -3.770660 -0.170273 1.027832
v -2.247528 0.206863 1.123779
v -1.400543 1.149735 1.074463
v -1.249542 1.330948 1.050781
v -1.184357 1.351944 1.049164
v -1.078705 1.348404 1.052276
v -0.952423 1.328690 1.057739
v -0.832794 1.274735 1.067627
v 0.356476 -0.254990 1.201721
v 2.324066 0.537857 1.148163
v 2.831696 0.846390 1.126007
v 3.264374 1.312149 1.079620
v 3.929413 2.085831 0.964538
v 4.023163 2.057327 0.963562
v 4.077301 2.034866 0.963470
v 4.234344 1.590592 1.008331
v 4.537689 0.938858 1.031464
v 4.960907 0.120255 0.986450
v 3.209259 0.366165 1.149384
v 2.217560 -1.413376 1.113770
v 2.071442 -1.497177 1.110138
v 1.880524 -1.581650 1.107178
v 1.667023 -1.650864 1.105347
v 1.454010 -1.695297 1.104462
v 1.264374 -1.712387 1.104797
v 1.119293 -1.707016 1.106506
v 1.023041 -1.689621 1.109161
v 0.378021 -1.404465 1.138397
v 0.081573 -1.213302 1.152741
v -0.270416 -1.023849 1.160736
v -2.524567 -0.164535 1.123322
v -3.831512 -0.142380 1.022003
v 3.860199 2.067886 0.970154
v -1.218475 1.348587 1.048675
v 2.249969 -1.389816 1.115143
v -1.296539 1.298355 1.054932
v -3.227142 -1.373642 1.010651
v 0.524750 -1.513656 1.127350
v -3.432159 -0.391769 1.057953
v -1.223480 0.926163 1.108185
v -1.090485 1.043472 1.097748
v -0.967743 1.018692 1.104004
v 0.297699 -0.613754 1.201965
v 2.433807 0.243118 1.168030
v 3.452850 1.079056 1.097717
v 4.001190 1.473709 1.037384
v 4.325531 0.777420 1.060272
v 4.513580 0.460892 1.045074
v 1.966949 -1.221298 1.148010
v 1.796661 -1.297287 1.145844
v 1.604889 -1.360031 1.144776
v 1.415192 -1.399765 1.144409
v 1.251129 -1.414352 1.144959
v 1.134491 -1.409653 1.146362
v 1.069000 -1.397385 1.147949
v 0.491119 -1.140243 1.170929
v 0.176300 -0.934555 1.181305
v -0.198395 -0.730575 1.184631
v -2.061371 -0.009750 1.143738
v -2.894989 -0.268234 1.098633
v 3.040192 0.637711 1.141663
v -1.153046 1.072464 1.092224
v 3.928497 1.681229 1.018768
v -3.221588 -0.828110 1.060486
v 3.128387 0.711990 1.135803
v 0.618073 -1.235763 1.163269
v 2.076080 -1.158188 1.150391
v -0.200592 -0.402817 1.193756
v 3.870941 1.141373 1.071869
v 3.999969 0.865677 1.081879
v 1.860687 -0.936447 1.172608
v 1.711395 -1.004623 1.172638
v 1.541229 -1.061142 1.172882
v 1.374664 -1.096237 1.173157
v 1.235931 -1.108383 1.173859
v 1.147430 -1.104416 1.174744
v 1.100677 -1.098190 1.175385
v -1.560028 0.128738 1.158264
v 0.709503 -0.951523 1.187897
v 3.695099 0.916641 1.098266
v 1.904938 -0.910141 1.172608
v 2.322052 -0.145798 1.183685
v -1.051422 0.623123 1.143036
v 1.494843 3.596878 -0.445038
v 1.536713 3.575272 -0.242035
v 1.630402 3.531448 -0.056488
v 1.759430 3.463882 0.112793
v -5.559845 -2.413742 0.346558
v -7.444550 -0.018906 0.347504
v -7.010101 0.540909 0.364136
v 1.912750 3.373184 0.266327
v 6.564728 1.686844 0.384125
v -4.797455 -2.467819 0.507782
v -5.589996 -2.157822 0.465241
v -7.344452 -0.302658 0.445129
v -6.813263 0.415482 0.481506
v 2.082977 3.260574 0.404571
v 6.490570 1.436661 0.506317
v 7.290314 1.213394 0.417328
v -4.666107 -2.268051 0.622284
v -5.618317 -1.877853 0.564972
v -7.227081 -0.603867 0.515564
v -6.601410 0.273758 0.578247
v 2.265106 3.127823 0.527923
v 6.405304 1.167496 0.608002
v 7.221710 -0.549789 0.525208
v -1.252167 -2.656174 0.712189
v 7.352509 0.853836 0.491852
v 6.476959 -1.147995 0.563446
v -4.529999 -2.049911 0.721436
v -5.643890 -1.579819 0.645325
v -7.094940 -0.915024 0.558960
v -6.378876 0.120621 0.656158
v 0.336151 2.248611 0.756409
v 1.179352 1.990677 0.815307
v 2.455414 2.976761 0.636810
v 6.308929 0.885758 0.689606
v 7.152557 -0.262436 0.581482
v 4.450836 -1.628403 0.771454
v 3.603668 -2.021347 0.784119
v -1.272369 -2.404404 0.820069
v 7.391693 0.476212 0.536591
v 6.309784 -0.962204 0.651764
v -2.146332 -2.681015 0.746887
v -4.390045 -1.817184 0.806152
v -5.666168 -1.268784 0.707031
v -6.951019 -1.228989 0.576294
v -6.149200 -0.040024 0.717499
v 0.230438 2.001663 0.854400
v 1.207977 1.705582 0.909271
v 2.650970 2.809280 0.731689
v 4.440033 -1.355087 0.856262
v -1.293182 -2.133652 0.912750
v 6.137726 -0.753952 0.725067
v 6.052460 0.855362 0.758362
v -2.298859 -2.443710 0.833924
v 3.466339 -1.811386 0.880951
v -4.246979 -1.573105 0.877503
v -5.917572 0.049515 0.762756
v -3.215302 1.216629 0.916321
v 0.130951 1.731888 0.940918
v 1.236481 1.407547 0.990234
v 2.849518 2.627213 0.813019
v 4.423187 -1.067123 0.926361
v -1.313934 -1.846481 0.990448
v -5.321869 -0.800034 0.821106
v 5.943939 -0.582870 0.780640
v -2.450226 -2.187912 0.906250
v 3.327728 -1.578842 0.964325
v 5.765228 0.866287 0.822815
v -4.100800 -1.320358 0.936218
v -5.676666 0.237808 0.797363
v -3.169281 0.930313 0.976776
v 0.031952 1.449356 1.014099
v 1.264923 1.098648 1.057770
v 3.049408 2.432205 0.881286
v 4.400726 -0.767075 0.982117
v -1.334259 -1.545578 1.053528
v -5.164764 -0.405807 0.875244
v -2.595795 -1.911117 0.965881
v 3.183990 -1.332626 1.033295
v 5.535858 0.764359 0.878143
v -4.148163 -0.649094 0.986115
v -3.748810 -1.458908 0.955414
v -3.120270 0.635147 1.024933
v -0.066132 1.155960 1.074188
v 1.293121 0.781204 1.111877
v 4.373016 -0.457443 1.024139
v -1.353912 -1.233444 1.102478
v -2.735870 -1.617477 1.012390
v 3.243195 2.218338 0.938049
v 3.035919 -1.075119 1.088410
v 5.300385 0.661820 0.925354
v -3.068451 0.333145 1.060852
v -1.972809 0.936234 1.070770
v -0.159027 0.848770 1.122620
v 1.320831 0.457657 1.152710
v 4.317902 -0.136887 1.055450
v -1.721771 -0.783188 1.136597
v -1.028900 -1.045029 1.135925
v -3.808929 -0.782150 1.020721
v 2.886200 -0.804733 1.130310
v -2.823700 -1.228989 1.055878
v -3.013885 0.026627 1.085175
v -1.827301 0.681290 1.109741
v -0.249969 0.533829 1.158142
v 1.673859 0.264664 1.171692
v 1.017975 0.000443 1.189880
v 4.139435 0.209305 1.084808
v -1.769135 -0.443954 1.152161
v -1.017487 -0.730087 1.162231
v -3.537811 -0.758957 1.042084
v 2.735077 -0.523910 1.159058
v -2.876129 -0.776291 1.087585
v -1.645966 0.460465 1.137177
v -0.337311 0.211136 1.181458
v 1.727448 -0.053390 1.188873
v 1.015717 -0.339096 1.200958
v -1.127655 -0.362595 1.174316
v 3.808685 0.582535 1.108612
v 2.564911 -0.268356 1.174408
v -0.626007 0.147049 1.178070
v -0.879242 -0.132919 1.180695
v 1.448761 -0.506515 1.197876
v -1.198761 -3.467209 -0.445038
v -1.267365 -3.556747 -0.445038
v -1.354218 -3.644943 -0.445038
v -1.457733 -3.730820 -0.445038
v -1.576263 -3.813583 -0.445038
v -1.851837 -3.965683 -0.445038
v -2.167816 -4.093735 -0.445038
v -2.511200 -4.190292 -0.445038
v -2.868744 -4.247971 -0.445038
v -3.048798 -4.259811 -0.445038
v -3.227386 -4.259201 -0.445038
v -3.403046 -4.245102 -0.445038
v -3.574066 -4.216599 -0.445038
v -3.738739 -4.172714 -0.445038
v -4.053253 -4.054245 -0.445038
v -4.337799 -3.910812 -0.445038
v -4.593903 -3.741684 -0.445038
v -4.823395 -3.546188 -0.445038
v -5.027740 -3.323776 -0.445038
v -5.208710 -3.073654 -0.445038
v -5.290924 -2.938034 -0.445038
v -1.198761 -3.467209 -1.035064
v -1.267365 -3.556747 -1.035064
v -1.354218 -3.644943 -1.035064
v -1.457733 -3.730820 -1.035064
v -1.576263 -3.813583 -1.035064
v -1.851837 -3.965683 -1.035064
v -2.167816 -4.093735 -1.035064
v -2.511200 -4.190292 -1.035064
v -2.868744 -4.247971 -1.035064
v -3.048798 -4.259811 -1.035064
v -3.227386 -4.259201 -1.035064
v -3.403046 -4.245102 -1.035064
v -3.574066 -4.216599 -1.035064
v -3.738739 -4.172714 -1.035064
v -4.053253 -4.054245 -1.035064
v -4.337799 -3.910812 -1.035064
v -4.593903 -3.741684 -1.035064
v -4.823395 -3.546188 -1.035064
v -5.027740 -3.323776 -1.035064
v -5.208710 -3.073654 -1.035064
v -5.290924 -2.938034 -1.035064
v -5.290924 -2.938034 -0.445038
v -5.604889 -3.042648 -0.445038
v -6.363129 -3.331406 -0.445038
v -6.596344 -3.396652 -0.445038
v -6.816437 -3.440048 -0.445038
v -7.036957 -3.466721 -0.445038
v -7.475922 -3.473312 -0.445038
v -7.906097 -3.423935 -0.445038
v -8.320587 -3.325790 -0.445038
v -8.712494 -3.186264 -0.445038
v -9.074738 -3.012863 -0.445038
v -9.400482 -2.812790 -0.445038
v -9.682709 -2.593430 -0.445038
v -9.914398 -2.362350 -0.445038
v -10.009186 -2.244614 -0.445038
v -10.088715 -2.126694 -0.445038
v -10.145416 -2.018784 -0.445038
v -10.189484 -1.903854 -0.445038
v -10.221527 -1.783371 -0.445038
v -10.242218 -1.658920 -0.445038
v -10.252167 -1.532028 -0.445038
v -10.251984 -1.404099 -0.445038
v -10.242218 -1.276779 -0.445038
v -10.223602 -1.151535 -0.445038
v -10.196625 -1.029892 -0.445038
v -10.161957 -0.913376 -0.445038
v -10.120270 -0.803513 -0.445038
v -10.072113 -0.701828 -0.445038
v -10.018158 -0.609848 -0.445038
v -9.831757 -0.359604 -0.445038
v -9.613373 -0.130600 -0.445038
v -9.363922 0.074600 -0.445038
v -9.084381 0.253311 -0.445038
v -8.775604 0.403030 -0.445038
v -8.438507 0.521011 -0.445038
v -8.074127 0.604690 -0.445038
v -7.683319 0.651443 -0.445038
v -7.478241 0.660110 -0.445038
v -5.290924 -2.938034 -1.035064
v -5.604889 -3.042648 -1.035064
v -6.363129 -3.331406 -1.035064
v -6.596344 -3.396652 -1.035064
v -6.816437 -3.440048 -1.035064
v -7.036957 -3.466721 -1.035064
v -7.475922 -3.473312 -1.035064
v -7.906097 -3.423935 -1.035064
v -8.320587 -3.325790 -1.035064
v -8.712494 -3.186264 -1.035064
v -9.074738 -3.012863 -1.035064
v -9.400482 -2.812790 -1.035064
v -9.682709 -2.593430 -1.035064
v -9.914398 -2.362350 -1.035065
v -10.009186 -2.244614 -1.035065
v -10.088715 -2.126694 -1.035065
v -10.145416 -2.018784 -1.035065
v -10.189484 -1.903854 -1.035065
v -10.221527 -1.783371 -1.035065
v -10.242218 -1.658920 -1.035065
v -10.252167 -1.532028 -1.035065
v -10.251984 -1.404099 -1.035065
v -10.242218 -1.276779 -1.035065
v -10.223602 -1.151535 -1.035065
v -10.196625 -1.029892 -1.035065
v -10.161957 -0.913376 -1.035065
v -10.120270 -0.803513 -1.035065
v -10.072113 -0.701828 -1.035065
v -10.018158 -0.609848 -1.035065
v -9.831757 -0.359604 -1.035065
v -9.613373 -0.130600 -1.035065
v -9.363922 0.074600 -1.035065
v -9.084381 0.253311 -1.035065
v -8.775604 0.403030 -1.035065
v -8.438507 0.521011 -1.035065
v -8.074127 0.604690 -1.035065
v -7.683319 0.651443 -1.035065
v -7.478241 0.660110 -1.035065
v -7.478241 0.660110 -0.445038
v -7.462433 0.916702 -0.445038
v -7.426605 1.157608 -0.445038
v -7.371613 1.383377 -0.445038
v -7.298492 1.594559 -0.445038
v -7.208221 1.791397 -0.445038
v -7.101837 1.974442 -0.445038
v -6.980316 2.144180 -0.445038
v -6.844574 2.300919 -0.445038
v -6.695709 2.445084 -0.445038
v -6.534698 2.577225 -0.445038
v -6.362396 2.697708 -0.445038
v -5.988373 2.905411 -0.445038
v -5.581573 3.071793 -0.445038
v -5.149872 3.200150 -0.445038
v -5.021576 3.224686 -0.445038
v -4.891754 3.235733 -0.445038
v -4.761627 3.234818 -0.445038
v -4.505219 3.203690 -0.445038
v -4.261993 3.143936 -0.445038
v -4.041412 3.068375 -0.445038
v -3.774078 2.953201 -0.445038
v -3.543610 2.839737 -0.445038
v -3.488312 2.817764 -0.445038
v -3.445587 2.807144 -0.445038
v -3.433441 2.809586 -0.445038
v -3.421295 2.812088 -0.445038
v -3.373627 2.853897 -0.445038
v -3.332916 2.902115 -0.445038
v -3.219696 3.052689 -0.445038
v -3.174286 3.094315 -0.445038
v -2.827606 3.337601 -0.445038
v -2.546844 3.505692 -0.445038
v -2.252045 3.651749 -0.445038
v -1.983978 3.753006 -0.445038
v -1.626129 3.836868 -0.445038
v -1.246674 3.877579 -0.445038
v -0.856964 3.878128 -0.445038
v -0.468414 3.841385 -0.445038
v -0.092377 3.770279 -0.445038
v 0.259735 3.667679 -0.445038
v 0.576569 3.536514 -0.445038
v 0.718170 3.461136 -0.445038
v 0.846771 3.379715 -0.445038
v 0.960785 3.292557 -0.445038
v 1.058929 3.200150 -0.445038
v -7.478241 0.660110 -1.035065
v -7.462433 0.916702 -1.035065
v -7.426605 1.157608 -1.035065
v -7.371613 1.383377 -1.035065
v -7.298492 1.594559 -1.035065
v -7.208221 1.791397 -1.035065
v -7.101837 1.974441 -1.035065
v -6.980316 2.144180 -1.035065
v -6.844574 2.300919 -1.035065
v -6.695709 2.445084 -1.035065
v -6.534698 2.577225 -1.035065
v -6.362396 2.697708 -1.035065
v -5.988373 2.905411 -1.035065
v -5.581573 3.071793 -1.035065
v -5.149872 3.200150 -1.035065
v -5.021576 3.224686 -1.035065
v -4.891754 3.235733 -1.035065
v -4.761627 3.234818 -1.035065
v -4.505219 3.203690 -1.035065
v -4.261993 3.143936 -1.035065
v -4.041412 3.068375 -1.035065
v -3.774078 2.953201 -1.035065
v -3.543610 2.839737 -1.035065
v -3.488312 2.817764 -1.035065
v -3.445587 2.807144 -1.035065
v -3.433441 2.809586 -1.035065
v -3.421295 2.812088 -1.035065
v -3.373627 2.853897 -1.035065
v -3.332916 2.902115 -1.035065
v -3.219696 3.052689 -1.035065
v -3.174286 3.094315 -1.035065
v -2.827606 3.337601 -1.035065
v -2.546844 3.505692 -1.035065
v -2.252045 3.651749 -1.035065
v -1.983978 3.753006 -1.035065
v -1.626129 3.836868 -1.035065
v -1.246674 3.877579 -1.035065
v -0.856964 3.878128 -1.035065
v -0.468414 3.841385 -1.035065
v -0.092377 3.770279 -1.035065
v 0.259735 3.667679 -1.035065
v 0.576569 3.536514 -1.035065
v 0.718170 3.461136 -1.035065
v 0.846771 3.379715 -1.035065
v 0.960785 3.292557 -1.035065
v 1.058929 3.200150 -1.035065
v 1.058929 3.200150 -0.445038
v 1.100128 3.213943 -0.445038
v 1.106903 3.217056 -0.445038
v 1.129608 3.235428 -0.445038
v 1.494843 3.596878 -0.445038
v 1.860077 3.958389 -0.445038
v 2.093292 4.138687 -0.445038
v 2.357880 4.296097 -0.445038
v 2.505402 4.364334 -0.445038
v 2.680939 4.430191 -0.445038
v 2.859467 4.482620 -0.445038
v 3.222504 4.549332 -0.445038
v 3.588776 4.569412 -0.445038
v 3.952423 4.547867 -0.445038
v 4.307648 4.489578 -0.445038
v 4.648590 4.399490 -0.445038
v 4.969391 4.282669 -0.445038
v 5.264191 4.143936 -0.445038
v 5.527252 3.988297 -0.445038
v 5.731232 3.836868 -0.445038
v 5.900055 3.675674 -0.445038
v 6.060760 3.490555 -0.445038
v 6.278534 3.188004 -0.445038
v 6.456390 2.882645 -0.445038
v 6.488434 2.811234 -0.445038
v 6.622833 2.413345 -0.445038
v 6.659088 2.343460 -0.445038
v 6.703339 2.282913 -0.445038
v 1.058929 3.200150 -1.035065
v 1.100128 3.213943 -1.035065
v 1.106903 3.217056 -1.035065
v 1.129608 3.235428 -1.035065
v 1.494843 3.596878 -1.035065
v 1.860077 3.958389 -1.035065
v 2.093292 4.138687 -1.035065
v 2.357880 4.296097 -1.035065
v 2.505402 4.364334 -1.035065
v 2.680939 4.430191 -1.035065
v 2.859467 4.482620 -1.035065
v 3.222504 4.549332 -1.035065
v 3.588776 4.569412 -1.035065
v 3.952423 4.547867 -1.035065
v 4.307648 4.489578 -1.035065
v 4.648590 4.399490 -1.035065
v 4.969391 4.282669 -1.035065
v 5.264191 4.143936 -1.035065
v 5.527252 3.988297 -1.035065
v 5.731232 3.836868 -1.035065
v 5.900055 3.675674 -1.035065
v 6.060760 3.490555 -1.035065
v 6.278534 3.188004 -1.035065
v 6.456390 2.882645 -1.035065
v 6.488434 2.811234 -1.035065
v 6.622833 2.413345 -1.035065
v 6.659088 2.343460 -1.035065
v 6.703339 2.282913 -1.035065
v 6.703339 2.282913 -0.445038
v 6.800018 2.355240 -0.445038
v 6.910370 2.408524 -0.445038
v 7.032013 2.444290 -0.445038
v 7.162445 2.464310 -0.445038
v 7.299164 2.469986 -0.445038
v 7.439606 2.463028 -0.445038
v 7.721771 2.417374 -0.445038
v 7.988739 2.340164 -0.445038
v 8.220428 2.244095 -0.445038
v 8.316742 2.192886 -0.445038
v 8.396698 2.141800 -0.445038
v 8.500336 2.059525 -0.445038
v 8.600861 1.962906 -0.445038
v 8.697174 1.853043 -0.445038
v 8.788544 1.731155 -0.445038
v 8.952118 1.455704 -0.445038
v 9.083527 1.145645 -0.445038
v 9.174957 0.810074 -0.445038
v 9.203278 0.635635 -0.445038
v 9.218658 0.458206 -0.445038
v 9.220062 0.278946 -0.445038
v 9.206573 0.099014 -0.445038
v 9.177216 -0.080429 -0.445038
v 9.131012 -0.258225 -0.445038
v 9.066925 -0.433395 -0.445038
v 8.932281 -0.704758 -0.445038
v 8.853180 -0.831162 -0.445038
v 8.765778 -0.950546 -0.445038
v 8.669769 -1.062302 -0.445038
v 8.564789 -1.165878 -0.445038
v 8.450531 -1.260666 -0.445038
v 8.326569 -1.346115 -0.445038
v 8.192719 -1.421616 -0.445038
v 8.048553 -1.486557 -0.445038
v 7.893829 -1.540451 -0.445038
v 7.728119 -1.582565 -0.445038
v 7.551117 -1.612350 -0.445038
v 7.362579 -1.629318 -0.445038
v 7.162018 -1.632736 -0.445038
v 6.703339 2.282913 -1.035065
v 6.800018 2.355240 -1.035065
v 6.910370 2.408524 -1.035065
v 7.032013 2.444290 -1.035065
v 7.162445 2.464310 -1.035065
v 7.299164 2.469986 -1.035065
v 7.439606 2.463028 -1.035065
v 7.721771 2.417374 -1.035065
v 7.988739 2.340164 -1.035065
v 8.220428 2.244095 -1.035065
v 8.316742 2.192886 -1.035065
v 8.396698 2.141800 -1.035065
v 8.500336 2.059525 -1.035065
v 8.600861 1.962906 -1.035065
v 8.697174 1.853042 -1.035065
v 8.788544 1.731155 -1.035065
v 8.952118 1.455704 -1.035065
v 9.083527 1.145645 -1.035065
v 9.174957 0.810074 -1.035065
v 9.203278 0.635635 -1.035065
v 9.218658 0.458206 -1.035065
v 9.220062 0.278946 -1.035065
v 9.206573 0.099014 -1.035065
v 9.177216 -0.080429 -1.035065
v 9.131012 -0.258225 -1.035065
v 9.066925 -0.433395 -1.035065
v 8.932281 -0.704758 -1.035065
v 8.853180 -0.831162 -1.035065
v 8.765778 -0.950546 -1.035065
v 8.669769 -1.062302 -1.035065
v 8.564789 -1.165878 -1.035065
v 8.450531 -1.260666 -1.035065
v 8.326569 -1.346115 -1.035065
v 8.192719 -1.421616 -1.035065
v 8.048553 -1.486557 -1.035065
v 7.893829 -1.540451 -1.035065
v 7.728119 -1.582565 -1.035065
v 7.551117 -1.612351 -1.035065
v 7.362579 -1.629318 -1.035065
v 7.162018 -1.632736 -1.035065
v 7.162018 -1.632736 -0.445038
v 7.120697 -1.755722 -0.445038
v 7.059418 -1.880905 -0.445038
v 6.979584 -2.006577 -0.445038
v 6.882538 -2.131027 -0.445038
v 6.769806 -2.252365 -0.445038
v 6.642792 -2.368820 -0.445038
v 6.502899 -2.478500 -0.445038
v 6.351715 -2.579758 -0.445038
v 6.190460 -2.670639 -0.445038
v 6.020782 -2.749496 -0.445038
v 5.843964 -2.814438 -0.445038
v 5.661530 -2.863632 -0.445038
v 5.474884 -2.895370 -0.445038
v 5.285553 -2.907761 -0.445038
v 5.094818 -2.899094 -0.445038
v 4.904266 -2.867477 -0.445038
v 4.385162 -2.736435 -0.445038
v 4.304535 -2.726364 -0.445038
v 7.162018 -1.632736 -1.035065
v 7.120697 -1.755722 -1.035065
v 7.059418 -1.880905 -1.035065
v 6.979584 -2.006577 -1.035065
v 6.882538 -2.131027 -1.035065
v 6.769806 -2.252365 -1.035065
v 6.642792 -2.368820 -1.035064
v 6.502899 -2.478500 -1.035064
v 6.351715 -2.579758 -1.035064
v 6.190460 -2.670639 -1.035064
v 6.020782 -2.749496 -1.035064
v 5.843964 -2.814438 -1.035064
v 5.661530 -2.863632 -1.035064
v 5.474884 -2.895370 -1.035064
v 5.285553 -2.907761 -1.035064
v 5.094818 -2.899094 -1.035064
v 4.904266 -2.867477 -1.035064
v 4.385162 -2.736435 -1.035064
v 4.304535 -2.726364 -1.035064
v 4.304535 -2.726364 -0.445038
v 4.220795 -2.839890 -0.445038
v 4.119843 -2.952438 -0.445038
v 4.002838 -3.063339 -0.445038
v 3.724640 -3.277390 -0.445038
v 3.395111 -3.476852 -0.445038
v 3.023041 -3.656174 -0.445038
v 2.617218 -3.810104 -0.445038
v 2.186554 -3.933151 -0.445038
v 1.739777 -4.020004 -0.445038
v 1.285797 -4.065231 -0.445038
v 0.833405 -4.063522 -0.445038
v 0.391388 -4.009445 -0.445038
v -0.421173 -3.802597 -0.445038
v -0.669586 -3.714157 -0.445038
v -0.795135 -3.651169 -0.445038
v -0.986542 -3.543869 -0.445038
v -1.053986 -3.512375 -0.445038
v -1.124481 -3.486191 -0.445038
v -1.198761 -3.467209 -0.445038
v 4.304535 -2.726364 -1.035064
v 4.220795 -2.839890 -1.035064
v 4.119843 -2.952438 -1.035064
v 4.002838 -3.063339 -1.035064
v 3.724640 -3.277390 -1.035064
v 3.395111 -3.476852 -1.035064
v 3.023041 -3.656174 -1.035064
v 2.617218 -3.810104 -1.035064
v 2.186554 -3.933151 -1.035064
v 1.739777 -4.020004 -1.035064
v 1.285797 -4.065231 -1.035064
v 0.833405 -4.063522 -1.035064
v 0.391388 -4.009445 -1.035064
v -0.421173 -3.802597 -1.035064
v -0.669586 -3.714157 -1.035064
v -0.795135 -3.651169 -1.035064
v -0.986542 -3.543869 -1.035064
v -1.053986 -3.512375 -1.035064
v -1.124481 -3.486191 -1.035064
v -1.198761 -3.467209 -1.035064
v -3.143585 -2.255783 -1.035065
v -3.227386 -4.259201 -1.035064
v -3.175262 -2.397018 -1.035064
v -3.403046 -4.245102 -1.035064
v -3.574066 -4.216599 -1.035064
v -3.204681 -2.506516 -1.035064
v -3.738739 -4.172714 -1.035064
v -3.090607 -1.861191 -1.035065
v -4.053253 -4.054245 -1.035064
v -3.069061 -1.722153 -1.035065
v -4.337799 -3.910812 -1.035064
v -4.593903 -3.741684 -1.035064
v -3.108246 -1.765427 -1.035065
v -4.823395 -3.546188 -1.035064
v -3.083710 -1.736618 -1.035065
v -5.027740 -3.323776 -1.035064
v -3.055450 -1.645432 -1.035065
v -5.208710 -3.073654 -1.035064
v -4.121552 0.244644 -1.035065
v -5.290924 -2.938034 -1.035064
v -6.254364 -1.222153 -1.035065
v -5.604889 -3.042648 -1.035064
v -7.007111 -1.377182 -1.035065
v -6.363129 -3.331406 -1.035064
v -7.074738 -1.387863 -1.035065
v -6.596344 -3.396652 -1.035064
v -7.141144 -1.395798 -1.035065
v -6.816437 -3.440048 -1.035064
v -7.177155 -1.398605 -1.035065
v -7.036957 -3.466721 -1.035064
v -7.373138 -1.404221 -1.035065
v -7.475922 -3.473312 -1.035064
v -7.551300 -1.399155 -1.035065
v -7.906097 -3.423935 -1.035064
v -7.748627 -1.389145 -1.035065
v -8.320587 -3.325790 -1.035064
v -7.961395 -1.380783 -1.035065
v -8.712494 -3.186264 -1.035064
v -8.184296 -1.377792 -1.035065
v -9.074738 -3.012863 -1.035064
v -8.412445 -1.386215 -1.035065
v -9.400482 -2.812790 -1.035064
v -8.633392 -1.402634 -1.035065
v -9.682709 -2.593430 -1.035064
v -8.928619 -1.476303 -1.035065
v -9.914398 -2.362350 -1.035065
v -9.010651 -1.508164 -1.035065
v -10.009186 -2.244614 -1.035065
v -10.088715 -2.126694 -1.035065
v -9.167450 -1.576157 -1.035065
v -10.145416 -2.018784 -1.035065
v -9.151031 -1.567551 -1.035065
v -10.189484 -1.903854 -1.035065
v -9.087616 -1.538742 -1.035065
v -10.221527 -1.783371 -1.035065
v -9.012482 -1.508835 -1.035065
v -10.242218 -1.658920 -1.035065
v -8.944427 -1.481857 -1.035065
v -10.252167 -1.532028 -1.035065
v -8.883087 -1.457443 -1.035065
v -10.251984 -1.404099 -1.035065
v -8.826141 -1.436325 -1.035065
v -10.242218 -1.276779 -1.035065
v -8.775421 -1.419602 -1.035065
v -10.223602 -1.151535 -1.035065
v -8.771332 -1.399155 -1.035065
v -10.196625 -1.029892 -1.035065
v -8.868927 -1.350205 -1.035065
v -10.161957 -0.913376 -1.035065
v -8.982452 -1.288010 -1.035065
v -10.120270 -0.803513 -1.035065
v -10.072113 -0.701828 -1.035065
v -9.118561 -1.206162 -1.035065
v -10.018158 -0.609848 -1.035065
v -8.600922 -1.398239 -1.035065
v -9.831757 -0.359604 -1.035065
v -8.446136 -1.386704 -1.035065
v -9.613373 -0.130600 -1.035065
v -8.307343 -1.378952 -1.035065
v -9.363922 0.074600 -1.035065
v -8.172089 -1.377060 -1.035065
v -9.084381 0.253311 -1.035065
v -8.035553 -1.376694 -1.035065
v -8.775604 0.403030 -1.035065
v -7.889191 -1.380966 -1.035065
v -8.438507 0.521011 -1.035065
v -7.726959 -1.389267 -1.035065
v -8.074127 0.604690 -1.035065
v -7.517303 -1.399033 -1.035065
v -7.683319 0.651443 -1.035065
v -7.478241 0.660110 -1.035065
v -5.068207 0.665298 -1.035065
v -7.462433 0.916702 -1.035065
v -5.137299 0.709427 -1.035065
v -7.426605 1.157608 -1.035065
v -5.192535 0.742386 -1.035065
v -7.371613 1.383377 -1.035065
v -5.228485 0.763870 -1.035065
v -7.298492 1.594559 -1.035065
v -7.208221 1.791397 -1.035065
v -5.244476 0.773453 -1.035065
v -7.101837 1.974441 -1.035065
v -5.233429 0.767044 -1.035065
v -6.980316 2.144180 -1.035065
v -5.204376 0.749954 -1.035065
v -6.844574 2.300919 -1.035065
v -5.161346 0.724564 -1.035065
v -6.695709 2.445084 -1.035065
v -6.534698 2.577225 -1.035065
v -5.123505 0.715591 -1.035065
v -6.362396 2.697708 -1.035065
v -4.845673 0.524918 -1.035065
v -5.988373 2.905411 -1.035065
v -4.818695 0.905411 -1.035065
v -5.581573 3.071793 -1.035065
v -5.149872 3.200150 -1.035065
v -4.846710 1.955887 -1.035065
v -5.021576 3.224686 -1.035065
v -4.891754 3.235733 -1.035065
v -4.842438 1.971329 -1.035065
v -4.761627 3.234818 -1.035065
v -4.809601 1.538956 -1.035065
v -4.505219 3.203690 -1.035065
v -4.803802 1.297317 -1.035065
v -4.261993 3.143936 -1.035065
v -4.808197 1.082779 -1.035065
v -4.041412 3.068375 -1.035065
v -4.820770 0.683853 -1.035065
v -3.774078 2.953201 -1.035065
v -4.684967 0.267227 -1.035065
v -3.543610 2.839737 -1.035065
v -4.318756 0.237076 -1.035065
v -3.488312 2.817764 -1.035065
v -3.512177 -0.204697 -1.035065
v -3.445587 2.807144 -1.035065
v -1.994110 -0.062607 -1.035065
v -3.421295 2.812088 -1.035065
v -0.968781 0.494034 -1.035065
v -3.373627 2.853897 -1.035065
v -2.041229 1.871841 -1.035065
v -3.332916 2.902115 -1.035065
v -3.219696 3.052689 -1.035065
v -2.928680 2.788773 -1.035065
v -3.174286 3.094315 -1.035065
v -1.471344 1.248184 -1.035065
v -2.827606 3.337601 -1.035065
v -1.079254 0.817764 -1.035065
v -2.546844 3.505692 -1.035065
v -2.252045 3.651749 -1.035065
v -1.256866 1.365188 -1.035065
v -1.983978 3.753006 -1.035065
v -1.159454 1.094375 -1.035065
v -1.626129 3.836868 -1.035065
v -1.081085 0.825272 -1.035065
v -1.246674 3.877579 -1.035065
v -1.007233 0.643997 -1.035065
v -0.856964 3.878128 -1.035065
v -0.915009 0.685928 -1.035065
v -0.468414 3.841385 -1.035065
v -0.757782 0.994278 -1.035065
v -0.092377 3.770279 -1.035065
v -0.555695 1.347610 -1.035065
v 0.259735 3.667679 -1.035065
v -0.188324 1.915542 -1.035065
v 0.576569 3.536514 -1.035065
v -0.148956 1.970474 -1.035065
v 0.718170 3.461136 -1.035065
v 0.846771 3.379715 -1.035065
v -0.012177 2.146683 -1.035065
v 0.960785 3.292557 -1.035065
v 0.241974 -0.514877 -1.035065
v 1.058929 3.200150 -1.035065
v 2.322174 0.143753 -1.035065
v 1.100128 3.213943 -1.035065
v 2.785248 0.522110 -1.035065
v 1.106903 3.217056 -1.035065
v 3.352631 0.749527 -1.035065
v 1.129608 3.235428 -1.035065
v 3.446320 2.146744 -1.035065
v 1.860077 3.958389 -1.035065
v 3.442413 2.155533 -1.035065
v 2.093292 4.138687 -1.035065
v 2.357880 4.296097 -1.035065
v 3.212616 2.673477 -1.035065
v 2.505402 4.364334 -1.035065
v 2.680939 4.430191 -1.035065
v 3.345490 2.440018 -1.035065
v 2.859467 4.482620 -1.035065
v 3.526337 1.993484 -1.035065
v 3.222504 4.549332 -1.035065
v 3.582733 1.866287 -1.035065
v 3.588776 4.569412 -1.035065
v 3.637482 1.720596 -1.035065
v 3.952423 4.547867 -1.035065
v 3.684601 1.572647 -1.035065
v 4.307648 4.489578 -1.035065
v 3.747833 1.526810 -1.035065
v 4.648590 4.399490 -1.035065
v 3.872406 1.648514 -1.035065
v 4.969391 4.282669 -1.035065
v 4.058380 1.867081 -1.035065
v 5.264191 4.143936 -1.035065
v 4.306305 2.150772 -1.035065
v 5.527252 3.988297 -1.035065
v 5.731232 3.836868 -1.035065
v 4.342438 2.189774 -1.035065
v 5.900055 3.675674 -1.035065
v 4.186737 2.007462 -1.035065
v 6.060760 3.490555 -1.035065
v 4.080902 1.761917 -1.035065
v 6.278534 3.188004 -1.035065
v 6.456390 2.882645 -1.035065
v 5.765717 2.527664 -1.035065
v 6.488434 2.811234 -1.035065
v 3.626251 1.138382 -1.035065
v 6.622833 2.413345 -1.035065
v 3.875519 0.618240 -1.035065
v 6.659088 2.343460 -1.035065
v 6.358673 -0.013413 -1.035065
v 6.703339 2.282913 -1.035065
v 6.800018 2.355240 -1.035065
v 7.158417 1.765335 -1.035065
v 6.910370 2.408524 -1.035065
v 7.203033 1.676102 -1.035065
v 7.032013 2.444290 -1.035065
v 7.249786 1.564651 -1.035065
v 7.162445 2.464310 -1.035065
v 7.295074 1.437332 -1.035065
v 7.299164 2.469986 -1.035065
v 7.322235 1.348282 -1.035065
v 7.439606 2.463028 -1.035065
v 7.405487 1.009292 -1.035065
v 7.721771 2.417374 -1.035065
v 7.451263 0.808060 -1.035065
v 7.988739 2.340164 -1.035065
v 7.722015 1.187637 -1.035065
v 8.220428 2.244095 -1.035065
v 8.316742 2.192886 -1.035065
v 7.792694 1.295486 -1.035065
v 8.396698 2.141800 -1.035065
v 7.688202 1.130386 -1.035065
v 8.500336 2.059525 -1.035065
v 7.619293 1.025040 -1.035065
v 8.600861 1.962906 -1.035065
v 7.539642 0.913956 -1.035065
v 8.697174 1.853042 -1.035065
v 7.510712 0.876663 -1.035065
v 8.788544 1.731155 -1.035065
v 7.420441 0.680923 -1.035065
v 8.952118 1.455704 -1.035065
v 7.387177 0.557938 -1.035065
v 9.083527 1.145645 -1.035065
v 7.336823 0.411636 -1.035065
v 9.174957 0.810074 -1.035065
v 7.333466 0.403397 -1.035065
v 9.203278 0.635635 -1.035065
v 7.317841 0.368484 -1.035065
v 9.218658 0.458206 -1.035065
v 7.305084 0.342850 -1.035065
v 9.220062 0.278946 -1.035065
v 7.296112 0.326431 -1.035065
v 9.206573 0.099014 -1.035065
v 7.321075 0.311722 -1.035065
v 9.177216 -0.080429 -1.035065
v 9.131012 -0.258225 -1.035065
v 7.405060 0.280350 -1.035065
v 9.066925 -0.433395 -1.035065
v 8.932281 -0.704758 -1.035065
v 7.414520 0.144058 -1.035065
v 8.853180 -0.831162 -1.035065
v 7.395721 0.136856 -1.035065
v 8.765778 -0.950546 -1.035065
v 7.415985 0.107864 -1.035065
v 8.669769 -1.062302 -1.035065
v 7.429596 0.088333 -1.035065
v 8.564789 -1.165878 -1.035065
v 8.450531 -1.260666 -1.035065
v 7.435272 0.080032 -1.035065
v 8.326569 -1.346115 -1.035065
v 7.426483 0.092544 -1.035065
v 8.192719 -1.421616 -1.035065
v 7.410370 0.115372 -1.035065
v 8.048553 -1.486557 -1.035065
v 7.385712 0.150528 -1.035065
v 7.893829 -1.540451 -1.035065
v 7.353302 0.193680 -1.035065
v 7.728119 -1.582565 -1.035065
v 7.310883 0.250809 -1.035065
v 7.551117 -1.612351 -1.035065
v 7.259918 0.294876 -1.035065
v 7.362579 -1.629318 -1.035065
v 5.757965 0.285293 -1.035065
v 7.162018 -1.632736 -1.035065
v 7.120697 -1.755722 -1.035065
v 6.054047 -1.317673 -1.035065
v 7.059418 -1.880905 -1.035065
v 5.895355 -1.241989 -1.035065
v 6.979584 -2.006577 -1.035065
v 5.741913 -1.159531 -1.035065
v 6.882538 -2.131027 -1.035065
v 5.600983 -1.075729 -1.035065
v 6.769806 -2.252365 -1.035065
v 5.477753 -0.995651 -1.035065
v 6.642792 -2.368820 -1.035064
v 5.374237 -0.922470 -1.035065
v 6.502899 -2.478500 -1.035064
v 5.293732 -0.860947 -1.035065
v 6.351715 -2.579758 -1.035064
v 5.260956 -0.859665 -1.035065
v 6.190460 -2.670639 -1.035064
v 5.268219 -0.936386 -1.035065
v 6.020782 -2.749496 -1.035064
v 5.272430 -1.016098 -1.035065
v 5.843964 -2.814438 -1.035064
v 5.273041 -1.091843 -1.035065
v 5.661530 -2.863632 -1.035064
v 5.272675 -1.173264 -1.035065
v 5.474884 -2.895370 -1.035064
v 5.285553 -2.907761 -1.035064
v 5.269012 -1.246933 -1.035065
v 5.094818 -2.899094 -1.035064
v 5.272552 -1.103745 -1.035065
v 4.904266 -2.867477 -1.035064
v 4.875092 -0.130966 -1.035065
v 4.385162 -2.736435 -1.035064
v 4.304535 -2.726364 -1.035064
v 4.220795 -2.839890 -1.035064
v 2.894562 -1.760422 -1.035065
v 4.119843 -2.952438 -1.035064
v 2.873627 -1.741928 -1.035065
v 4.002838 -3.063339 -1.035064
v 2.268158 -1.148667 -1.035065
v 3.724640 -3.277390 -1.035064
v 1.935577 -0.784226 -1.035065
v 3.395111 -3.476852 -1.035064
v 1.631256 -0.417038 -1.035065
v 3.023041 -3.656174 -1.035064
v 1.492035 -0.418808 -1.035065
v 2.617218 -3.810104 -1.035064
v 1.354645 -0.461350 -1.035065
v 2.186554 -3.933151 -1.035064
v 1.222626 -0.496140 -1.035065
v 1.739777 -4.020004 -1.035064
v 1.116425 -0.518845 -1.035065
v 1.285797 -4.065231 -1.035064
v 1.055634 -0.528610 -1.035065
v 0.833405 -4.063522 -1.035064
v 1.044281 -0.529953 -1.035065
v 0.391388 -4.009445 -1.035064
v 0.251556 -1.594345 -1.035065
v -0.421173 -3.802597 -1.035064
v -0.669586 -3.714157 -1.035064
v -0.015289 -2.181686 -1.035065
v -0.795135 -3.651169 -1.035064
v 0.558197 -0.533005 -1.035065
v -0.986542 -3.543869 -1.035064
v 0.209808 -0.492966 -1.035065
v -1.053986 -3.512375 -1.035064
v -0.123993 -0.285629 -1.035065
v -1.124481 -3.486191 -1.035064
v -1.198761 -3.467209 -1.035064
v -1.267365 -3.556747 -1.035064
v -2.100739 -2.832138 -1.035064
v -1.354218 -3.644943 -1.035064
v -2.257233 -2.681625 -1.035064
v -1.457733 -3.730820 -1.035064
v -2.325104 -2.610703 -1.035064
v -1.576263 -3.813583 -1.035064
v -2.710968 -2.162399 -1.035065
v -1.851837 -3.965683 -1.035064
v -2.924469 -1.882187 -1.035065
v -2.167816 -4.093735 -1.035064
v -3.060272 -1.700363 -1.035065
v -2.511200 -4.190292 -1.035064
v -3.113495 -2.089218 -1.035065
v -2.868744 -4.247971 -1.035064
v -3.115936 -2.105392 -1.035065
v -3.048798 -4.259811 -1.035064
v -4.843048 1.936661 -1.035065
v -8.745697 -1.410874 -1.035065
v 7.443878 0.798538 -1.035065
v 7.373016 0.169327 -1.035065
v -5.726898 -1.125046 -1.035065
v 7.292755 0.320877 -1.035065
v 7.276337 0.301163 -1.035065
v 5.257111 -0.830673 -1.035065
v 3.373749 2.338150 -1.035065
v -5.108124 0.692886 -1.035065
v -3.068878 -1.721115 -1.035065
v -3.056000 -1.688095 -1.035065
v -4.826752 0.511368 -1.035065
v -4.672150 0.246963 -1.035065
v 3.889069 1.663284 -1.035065
v 4.714874 0.123978 -1.035065
v -2.381195 -0.053024 -1.035065
v 3.708160 1.484329 -1.035065
v -1.066437 0.771500 -1.035065
v 2.871857 0.612686 -1.035065
v -2.989532 -0.433395 -1.035065
v -0.972504 0.558853 -1.035065
v 0.671295 -0.543686 -1.035065
v 3.577118 0.825882 -1.035065
v 1.602814 -0.379562 -1.035065
v -0.974152 0.182022 -1.035065
vn -0.1223 -0.9925 -0.0000
vn -0.0418 -0.9991 0.0001
vn -0.1178 -0.9324 0.3417
vn -0.2111 -0.9775 -0.0000
vn -0.1900 -0.9202 0.3423
vn -0.3052 -0.9523 -0.0000
vn -0.2751 -0.8994 0.3398
vn -0.4020 -0.9156 -0.0000
vn -0.3772 -0.8645 0.3322
vn -0.5015 -0.8652 -0.0000
vn -0.4749 -0.8131 0.3367
vn -0.6008 -0.7994 -0.0000
vn -0.5650 -0.7491 0.3458
vn -0.6937 -0.7202 -0.0000
vn -0.6491 -0.6717 0.3570
vn -0.7158 -0.5960 0.3638
vn -0.7746 -0.6324 -0.0000
vn -0.7221 -0.6293 0.2873
vn -0.8334 -0.5527 -0.0000
vn -0.2862 -0.8678 0.4063
vn -0.3449 -0.9386 -0.0000
vn 0.3361 -0.9418 -0.0000
vn 0.2491 -0.8924 0.3764
vn 0.3130 -0.9498 -0.0000
vn 0.2868 -0.8731 0.3944
vn 0.2058 -0.8974 0.3904
vn 0.2317 -0.9728 0.0001
vn 0.1453 -0.9097 0.3891
vn 0.1569 -0.9876 -0.0000
vn 0.0676 -0.9977 0.0001
vn 0.0687 -0.9209 0.3836
vn -0.0496 -0.9988 -0.0000
vn -0.0432 -0.9272 0.3721
vn -0.1604 -0.9158 0.3681
vn -0.1726 -0.9850 -0.0000
vn -0.2651 -0.8912 0.3681
vn -0.2833 -0.9590 0.0001
vn -0.3613 -0.8545 0.3732
vn -0.3841 -0.9233 0.0001
vn -0.4533 -0.8040 0.3849
vn -0.4783 -0.8782 0.0001
vn -0.5693 -0.8221 -0.0000
vn -0.5334 -0.7453 0.4000
vn -0.6611 -0.7503 0.0001
vn -0.6113 -0.6704 0.4206
vn -0.6912 -0.5655 0.4500
vn -0.7438 -0.6684 -0.0000
vn -0.7428 -0.4856 0.4610
vn -0.8048 -0.5935 -0.0000
vn -0.8584 -0.5129 -0.0000
vn -0.7702 -0.4277 0.4731
vn -0.9110 -0.4124 -0.0000
vn -0.8051 -0.3530 0.4767
vn -0.8362 -0.2724 0.4761
vn -0.9514 -0.3081 -0.0000
vn -0.8582 -0.1991 0.4731
vn -0.9775 -0.2110 -0.0000
vn -0.8744 -0.1248 0.4688
vn -0.9926 -0.1212 -0.0000
vn -0.8842 -0.0513 0.4642
vn -0.9993 -0.0383 0.0001
vn -0.8875 0.0204 0.4603
vn -0.9992 0.0389 -0.0000
vn -0.8844 0.0904 0.4579
vn -0.9937 0.1120 -0.0001
vn -0.8768 0.1537 0.4556
vn -0.9833 0.1820 -0.0000
vn -0.9680 0.2508 0.0001
vn -0.8640 0.2183 0.4537
vn -0.9474 0.3201 0.0001
vn -0.8462 0.2811 0.4526
vn -0.9200 0.3918 -0.0000
vn -0.8247 0.3402 0.4519
vn -0.8840 0.4676 -0.0000
vn -0.8013 0.3939 0.4502
vn -0.8335 0.5525 -0.0000
vn -0.7652 0.4616 0.4488
vn -0.7642 0.6449 0.0001
vn -0.6998 0.5714 0.4288
vn -0.6261 0.6567 0.4204
vn -0.6808 0.7324 -0.0000
vn -0.5407 0.7293 0.4193
vn -0.5880 0.8089 0.0001
vn -0.4486 0.7881 0.4216
vn -0.4883 0.8727 -0.0000
vn -0.3515 0.8330 0.4273
vn -0.3840 0.9233 -0.0000
vn -0.2527 0.8636 0.4364
vn -0.2775 0.9607 -0.0000
vn -0.1602 0.8807 0.4459
vn -0.1715 0.9852 -0.0000
vn -0.1857 0.9066 0.3789
vn -0.0806 0.9967 -0.0001
vn -0.6530 0.5959 0.4674
vn -0.7003 0.7139 -0.0000
vn -0.9945 0.1044 0.0001
vn -0.9380 0.1959 0.2860
vn -0.9814 0.1921 -0.0000
vn -0.9159 0.1967 0.3498
vn -0.9594 0.2822 -0.0000
vn -0.8951 0.2696 0.3552
vn -0.9281 0.3724 0.0001
vn -0.8675 0.3496 0.3538
vn -0.8306 0.4320 0.3513
vn -0.8878 0.4602 0.0001
vn -0.7886 0.5065 0.3488
vn -0.8397 0.5430 -0.0000
vn -0.7410 0.5763 0.3447
vn -0.7853 0.6191 -0.0000
vn -0.6890 0.6402 0.3396
vn -0.7266 0.6870 -0.0000
vn -0.6341 0.6974 0.3341
vn -0.6656 0.7463 -0.0000
vn -0.5822 0.7440 0.3280
vn -0.6041 0.7969 -0.0000
vn -0.5301 0.8480 -0.0000
vn -0.5120 0.7963 0.3223
vn -0.4327 0.9015 0.0001
vn -0.4139 0.8551 0.3121
vn -0.3006 0.8973 0.3233
vn -0.3322 0.9432 -0.0000
vn -0.2368 0.9716 -0.0000
vn -0.1909 0.9127 0.3612
vn -0.1366 0.9906 0.0001
vn -0.1010 0.9215 0.3750
vn -0.0332 0.9213 0.3874
vn -0.0390 0.9992 -0.0000
vn 0.0638 0.9980 -0.0000
vn 0.0404 0.9193 0.3915
vn 0.1798 0.9837 0.0001
vn 0.1531 0.9090 0.3876
vn 0.2446 0.8911 0.3822
vn 0.2815 0.9595 -0.0000
vn 0.3163 0.8704 0.3774
vn 0.3603 0.9329 0.0001
vn 0.3531 0.8662 0.3535
vn 0.4189 0.9080 -0.0001
vn 0.2880 0.9111 0.2949
vn 0.4056 0.9141 -0.0000
vn 0.1439 0.9587 0.2454
vn 0.3063 0.9519 -0.0000
vn -0.0803 0.9685 0.2356
vn 0.0220 0.9998 0.0001
vn -0.3692 0.9002 0.2308
vn -0.4447 0.8957 -0.0000
vn -0.7138 0.7004 -0.0001
vn -0.5633 0.7922 0.2347
vn -0.7818 0.6235 -0.0001
vn -0.6417 0.7134 0.2815
vn -0.7408 0.6718 0.0001
vn -0.6472 0.6829 0.3387
vn -0.5861 0.7375 0.3356
vn -0.6265 0.7794 -0.0000
vn -0.5285 0.7864 0.3198
vn -0.5445 0.8388 0.0001
vn -0.4793 0.8777 0.0001
vn -0.4572 0.8336 0.3100
vn -0.3991 0.9169 0.0001
vn -0.3787 0.8730 0.3072
vn -0.2913 0.9566 0.0001
vn -0.2796 0.9099 0.3063
vn -0.1672 0.9389 0.3008
vn -0.1677 0.9858 -0.0000
vn -0.0588 0.9541 0.2936
vn -0.0541 0.9985 -0.0000
vn 0.0420 0.9557 0.2912
vn 0.0464 0.9989 0.0001
vn 0.1382 0.9445 0.2979
vn 0.1401 0.9901 0.0001
vn 0.2331 0.9724 0.0001
vn 0.2304 0.9218 0.3117
vn 0.3316 0.9434 -0.0000
vn 0.3232 0.8847 0.3359
vn 0.4150 0.8318 0.3685
vn 0.4268 0.9044 0.0001
vn 0.4697 0.7974 0.3789
vn 0.5028 0.8644 -0.0000
vn 0.5715 0.8206 0.0001
vn 0.5013 0.7788 0.3770
vn 0.6473 0.7623 -0.0000
vn 0.5007 0.8022 0.3251
vn 0.1972 0.9165 0.3481
vn 0.2147 0.9767 -0.0000
vn -0.3696 0.9292 -0.0000
vn -0.1949 0.9480 0.2516
vn -0.3864 0.8750 0.2916
vn -0.5284 0.8490 0.0002
vn -0.6666 0.7454 0.0002
vn -0.5592 0.7693 0.3091
vn -0.6559 0.6739 0.3401
vn -0.6150 0.7104 0.3423
vn -0.7034 0.7108 -0.0000
vn -0.5229 0.7813 0.3408
vn -0.5625 0.8268 -0.0000
vn -0.4377 0.8326 0.3395
vn -0.4660 0.8848 -0.0000
vn -0.3705 0.8662 0.3354
vn -0.3858 0.9226 0.0001
vn -0.3168 0.9485 -0.0000
vn -0.3095 0.8924 0.3283
vn -0.2315 0.9728 -0.0000
vn -0.2308 0.9188 0.3202
vn -0.1181 0.9930 -0.0000
vn -0.1186 0.9450 0.3048
vn -0.0043 0.9557 0.2942
vn 0.0022 1.0000 -0.0000
vn 0.1010 0.9530 0.2855
vn 0.1107 0.9939 -0.0000
vn 0.1981 0.9392 0.2804
vn 0.2089 0.9779 0.0001
vn 0.2883 0.9155 0.2807
vn 0.2992 0.9542 0.0001
vn 0.3746 0.8814 0.2876
vn 0.3844 0.9231 -0.0000
vn 0.4680 0.8837 -0.0000
vn 0.4552 0.8391 0.2977
vn 0.5534 0.8329 -0.0000
vn 0.5347 0.7854 0.3119
vn 0.6445 0.7646 0.0001
vn 0.6121 0.7219 0.3227
vn 0.6809 0.6549 0.3279
vn 0.7235 0.6903 0.0001
vn 0.7383 0.5863 0.3335
vn 0.7841 0.6206 0.0001
vn 0.8389 0.5443 -0.0000
vn 0.7931 0.5004 0.3473
vn 0.8894 0.4571 0.0001
vn 0.8286 0.4180 0.3723
vn 0.8567 0.3425 0.3856
vn 0.9309 0.3652 0.0001
vn 0.8445 0.3942 0.3625
vn 0.9202 0.3915 -0.0000
vn 0.8500 0.5268 -0.0000
vn 0.7188 0.6290 0.2960
vn 0.2179 0.7935 0.5682
vn 0.1485 0.9889 -0.0000
vn -0.5192 0.8546 -0.0000
vn -0.2691 0.8023 0.5328
vn -0.2572 0.7628 0.5933
vn -0.3599 0.9330 -0.0000
vn -0.1964 0.7904 0.5803
vn -0.2173 0.9761 -0.0000
vn -0.1194 0.8184 0.5621
vn -0.0966 0.9953 0.0001
vn -0.0486 0.8350 0.5482
vn 0.0039 1.0000 -0.0000
vn 0.1047 0.9945 -0.0000
vn 0.0477 0.8480 0.5278
vn 0.2191 0.9757 -0.0000
vn 0.1778 0.8542 0.4886
vn 0.2971 0.8294 0.4731
vn 0.3310 0.9436 -0.0000
vn 0.3975 0.7853 0.4746
vn 0.4267 0.9044 0.0001
vn 0.4608 0.7517 0.4718
vn 0.5043 0.8635 -0.0000
vn 0.5810 0.8139 -0.0000
vn 0.5111 0.7213 0.4676
vn 0.5730 0.6782 0.4602
vn 0.6581 0.7529 0.0001
vn 0.6313 0.6316 0.4500
vn 0.7229 0.6909 -0.0000
vn 0.6798 0.5879 0.4385
vn 0.7766 0.6300 -0.0000
vn 0.8313 0.5559 -0.0000
vn 0.7390 0.5224 0.4253
vn 0.8923 0.4514 0.0001
vn 0.8137 0.4207 0.4012
vn 0.8689 0.3045 0.3903
vn 0.9449 0.3273 -0.0000
vn 0.9014 0.1933 0.3874
vn 0.9773 0.2118 -0.0000
vn 0.9152 0.1107 0.3876
vn 0.9924 0.1233 -0.0000
vn 0.9989 0.0472 -0.0000
vn 0.9207 0.0421 0.3879
vn 0.9994 -0.0333 -0.0000
vn 0.9207 -0.0330 0.3889
vn 0.9930 -0.1182 -0.0000
vn 0.9139 -0.1102 0.3908
vn 0.9784 -0.2067 -0.0000
vn 0.9001 -0.1888 0.3926
vn 0.9546 -0.2979 -0.0000
vn 0.8797 -0.2668 0.3936
vn 0.9188 -0.3947 0.0001
vn 0.8457 -0.3589 0.3949
vn 0.7974 -0.4514 0.4005
vn 0.8728 -0.4881 0.0001
vn 0.7520 -0.5183 0.4071
vn 0.8278 -0.5611 -0.0000
vn 0.7833 -0.6217 0.0001
vn 0.7117 -0.5689 0.4121
vn 0.7310 -0.6823 0.0001
vn 0.6631 -0.6212 0.4175
vn 0.6710 -0.7414 0.0001
vn 0.6093 -0.6709 0.4226
vn 0.6037 -0.7972 0.0001
vn 0.5508 -0.7173 0.4268
vn 0.5300 -0.8480 0.0001
vn 0.4887 -0.7594 0.4296
vn 0.4515 -0.8922 0.0001
vn 0.4155 -0.7996 0.4335
vn 0.3473 -0.8308 0.4350
vn 0.3702 -0.9290 -0.0000
vn 0.2805 -0.8566 0.4331
vn 0.2879 -0.9577 0.0001
vn 0.2174 -0.8779 0.4268
vn 0.2064 -0.9785 -0.0000
vn 0.1661 -0.8968 0.4101
vn 0.1278 -0.9918 -0.0000
vn 0.2031 -0.9257 0.3190
vn 0.0533 -0.9986 -0.0000
vn 0.5286 -0.7844 0.3246
vn 0.5906 -0.8069 0.0001
vn 0.9250 -0.3799 0.0001
vn 0.8018 -0.5498 0.2340
vn 0.7828 -0.5363 0.3156
vn 0.8724 -0.4888 -0.0000
vn 0.7497 -0.5702 0.3359
vn 0.8173 -0.5763 -0.0000
vn 0.7078 -0.6154 0.3468
vn 0.7613 -0.6484 -0.0000
vn 0.6598 -0.6639 0.3520
vn 0.7047 -0.7095 -0.0000
vn 0.6066 -0.7116 0.3545
vn 0.6469 -0.7626 -0.0000
vn 0.5504 -0.7547 0.3570
vn 0.5872 -0.8095 0.0001
vn 0.5242 -0.8516 0.0001
vn 0.4907 -0.7940 0.3589
vn 0.4566 -0.8897 0.0001
vn 0.4245 -0.8304 0.3608
vn 0.3834 -0.9236 -0.0000
vn 0.3535 -0.8613 0.3650
vn 0.3029 -0.9530 -0.0000
vn 0.2773 -0.8863 0.3709
vn 0.2142 -0.9768 0.0001
vn 0.1959 -0.9053 0.3770
vn 0.1166 -0.9932 -0.0000
vn 0.1108 -0.9175 0.3820
vn 0.0100 -1.0000 0.0001
vn 0.0250 -0.9233 0.3833
vn -0.1048 -0.9945 0.0001
vn -0.0698 -0.9224 0.3798
vn -0.1442 -0.9212 0.3614
vn -0.2044 -0.9789 -0.0000
vn -0.0135 -0.9777 0.2095
vn -0.1848 -0.9828 -0.0000
vn 0.3864 -0.8915 0.2367
vn 0.3943 -0.9190 -0.0000
vn 0.7755 -0.6314 0.0001
vn 0.6504 -0.7295 0.2118
vn 0.6459 -0.7119 0.2759
vn 0.7167 -0.6973 0.0001
vn 0.6497 -0.7602 0.0001
vn 0.6176 -0.7316 0.2885
vn 0.5647 -0.8253 -0.0000
vn 0.5475 -0.7878 0.2821
vn 0.4677 -0.8429 0.2660
vn 0.4765 -0.8792 -0.0000
vn 0.3889 -0.8862 0.2517
vn 0.3948 -0.9188 -0.0000
vn 0.3109 -0.9189 0.2428
vn 0.3149 -0.9491 -0.0000
vn 0.2330 -0.9725 -0.0000
vn 0.2276 -0.9442 0.2381
vn 0.1452 -0.9894 -0.0000
vn 0.1399 -0.9607 0.2398
vn 0.0477 -0.9989 0.0001
vn 0.0445 -0.9681 0.2465
vn -0.0627 -0.9980 -0.0000
vn -0.0590 -0.9655 0.2535
vn -0.1844 -0.9828 -0.0000
vn -0.1791 -0.9499 0.2560
vn -0.2936 -0.9129 0.2837
vn -0.2914 -0.9566 0.0001
vn -0.3926 -0.9197 0.0001
vn -0.3661 -0.8827 0.2945
vn -0.4029 -0.8698 0.2849
vn -0.4688 -0.8833 -0.0000
vn -0.3708 -0.8964 0.2430
vn -0.4565 -0.8897 0.0002
vn -0.2966 -0.9305 0.2151
vn -0.3861 -0.9225 0.0001
vn -0.1392 -0.9771 0.1610
vn -0.2984 -0.9545 -0.0000
vn 0.2564 -0.9238 0.2843
vn 0.3272 -0.9449 -0.0000
vn 0.7546 -0.6562 -0.0000
vn 0.5829 -0.7678 0.2658
vn 0.5752 -0.7452 0.3375
vn 0.6764 -0.7365 -0.0000
vn 0.5445 -0.7625 0.3495
vn 0.6061 -0.7954 -0.0000
vn 0.5286 -0.8489 -0.0000
vn 0.4985 -0.7918 0.3530
vn 0.4301 -0.9028 -0.0000
vn 0.4115 -0.8453 0.3406
vn 0.3116 -0.8911 0.3298
vn 0.3237 -0.9462 0.0001
vn 0.2153 -0.9765 -0.0000
vn 0.2049 -0.9238 0.3236
vn 0.0983 -0.9391 0.3293
vn 0.1126 -0.9936 -0.0000
vn 0.0184 -0.9423 0.3341
vn 0.0312 -0.9995 0.0001
vn -0.0458 -0.9398 0.3387
vn -0.1095 -0.8431 0.5264
vn -0.1681 -0.8330 0.5271
vn -0.2389 -0.8139 0.5297
vn -0.3333 -0.7803 0.5291
vn -0.4252 -0.7322 0.5321
vn -0.5039 -0.6766 0.5370
vn -0.5758 -0.6120 0.5422
vn -0.6260 -0.5695 0.5327
vn -0.6080 -0.6187 0.4976
vn -0.2498 -0.6775 0.6918
vn 0.1562 -0.7736 0.6142
vn 0.2377 -0.7434 0.6251
vn 0.1689 -0.7694 0.6160
vn 0.1221 -0.7809 0.6126
vn 0.0606 -0.7914 0.6082
vn -0.0356 -0.7982 0.6014
vn -0.1408 -0.7889 0.5982
vn -0.2337 -0.7649 0.6003
vn -0.3197 -0.7276 0.6070
vn -0.4028 -0.6755 0.6176
vn -0.4697 -0.6150 0.6333
vn -0.5350 -0.5373 0.6520
vn -0.6054 -0.4352 0.6664
vn -0.6467 -0.3717 0.6661
vn -0.6650 -0.3297 0.6702
vn -0.6868 -0.2792 0.6711
vn -0.7065 -0.2238 0.6714
vn -0.7203 -0.1716 0.6721
vn -0.7309 -0.1152 0.6727
vn -0.7378 -0.0564 0.6727
vn -0.7404 0.0033 0.6722
vn -0.7386 0.0626 0.6712
vn -0.7342 0.1148 0.6692
vn -0.7250 0.1692 0.6677
vn -0.7128 0.2206 0.6658
vn -0.6988 0.2664 0.6639
vn -0.6840 0.3057 0.6623
vn -0.6575 0.3554 0.6644
vn -0.6001 0.4546 0.6582
vn -0.5362 0.5358 0.6523
vn -0.4621 0.6009 0.6522
vn -0.3825 0.6513 0.6554
vn -0.2994 0.6881 0.6609
vn -0.2179 0.7117 0.6678
vn -0.1558 0.7262 0.6696
vn -0.2327 0.7303 0.6423
vn -0.4923 0.4260 0.7591
vn -0.8236 0.2474 0.5103
vn -0.8178 0.2209 0.5314
vn -0.7977 0.2645 0.5420
vn -0.7738 0.3244 0.5441
vn -0.7428 0.3938 0.5414
vn -0.7083 0.4559 0.5389
vn -0.6690 0.5155 0.5355
vn -0.6254 0.5713 0.5316
vn -0.5786 0.6223 0.5272
vn -0.5339 0.6644 0.5230
vn -0.4707 0.7119 0.5212
vn -0.3757 0.7687 0.5176
vn -0.2573 0.8081 0.5299
vn -0.1474 0.8183 0.5556
vn -0.0688 0.8257 0.5599
vn -0.0256 0.8247 0.5650
vn 0.0252 0.8207 0.5708
vn 0.1139 0.8083 0.5777
vn 0.1910 0.7932 0.5783
vn 0.2489 0.7790 0.5755
vn 0.2683 0.7854 0.5578
vn 0.2106 0.8149 0.5400
vn 0.0985 0.8469 0.5226
vn -0.0774 0.8463 0.5271
vn -0.3145 0.7974 0.5151
vn -0.4660 0.7380 0.4880
vn -0.5249 0.6898 0.4986
vn -0.5089 0.6790 0.5292
vn -0.5590 0.6963 0.4502
vn -0.4793 0.7179 0.5049
vn -0.4156 0.7600 0.4997
vn -0.3437 0.7985 0.4942
vn -0.2577 0.8331 0.4894
vn -0.1589 0.8598 0.4852
vn -0.0592 0.8742 0.4820
vn 0.0373 0.8745 0.4836
vn 0.1299 0.8609 0.4920
vn 0.2163 0.8350 0.5059
vn 0.3026 0.7954 0.5251
vn 0.3748 0.7547 0.5385
vn 0.4045 0.7395 0.5380
vn 0.4153 0.7376 0.5325
vn 0.3803 0.7652 0.5194
vn 0.1360 0.7765 0.6153
vn -0.1588 0.8294 0.5356
vn -0.3526 0.7614 0.5441
vn -0.4875 0.6799 0.5477
vn -0.5751 0.6072 0.5482
vn -0.5398 0.6443 0.5418
vn -0.4625 0.7101 0.5310
vn -0.3925 0.7548 0.5255
vn -0.3380 0.7844 0.5201
vn -0.2883 0.8074 0.5148
vn -0.2195 0.8333 0.5074
vn -0.1173 0.8621 0.4930
vn -0.0112 0.8763 0.4816
vn 0.0875 0.8765 0.4734
vn 0.1803 0.8644 0.4695
vn 0.2676 0.8408 0.4706
vn 0.3503 0.8060 0.4771
vn 0.4251 0.7628 0.4872
vn 0.4965 0.7106 0.4986
vn 0.5605 0.6542 0.5078
vn 0.6156 0.5941 0.5177
vn 0.6645 0.5284 0.5284
vn 0.7112 0.4477 0.5420
vn 0.7446 0.3781 0.5501
vn 0.7626 0.3280 0.5576
vn 0.7490 0.3736 0.5472
vn 0.6025 0.5793 0.5490
vn 0.2082 0.5603 0.8017
vn -0.0893 0.7108 0.6977
vn -0.1154 0.6983 0.7064
vn -0.1025 0.6904 0.7161
vn -0.0732 0.6904 0.7197
vn -0.0310 0.6918 0.7214
vn 0.0282 0.6916 0.7217
vn 0.1347 0.6911 0.7101
vn 0.2521 0.6734 0.6950
vn 0.3419 0.6431 0.6853
vn 0.3900 0.6232 0.6778
vn 0.4253 0.6050 0.6732
vn 0.4706 0.5769 0.6677
vn 0.5166 0.5437 0.6614
vn 0.5567 0.5112 0.6548
vn 0.6082 0.4591 0.6476
vn 0.6833 0.3696 0.6297
vn 0.7411 0.2656 0.6166
vn 0.7749 0.1657 0.6100
vn 0.7888 0.0938 0.6075
vn 0.7943 0.0345 0.6065
vn 0.7949 -0.0308 0.6060
vn 0.7896 -0.0967 0.6060
vn 0.7783 -0.1628 0.6064
vn 0.7611 -0.2278 0.6074
vn 0.7295 -0.3070 0.6112
vn 0.6846 -0.3912 0.6151
vn 0.6459 -0.4485 0.6178
vn 0.6120 -0.4905 0.6203
vn 0.5718 -0.5333 0.6234
vn 0.5285 -0.5730 0.6264
vn 0.4827 -0.6094 0.6290
vn 0.4351 -0.6424 0.6309
vn 0.3774 -0.6740 0.6350
vn 0.3287 -0.7004 0.6335
vn 0.2823 -0.7236 0.6299
vn 0.2438 -0.7448 0.6211
vn 0.2227 -0.7660 0.6031
vn 0.2781 -0.7798 0.5608
vn 0.4376 -0.6239 0.6475
vn 0.6595 -0.5866 0.4701
vn 0.6701 -0.5610 0.4860
vn 0.6526 -0.5674 0.5022
vn 0.6233 -0.5874 0.5161
vn 0.5847 -0.6166 0.5273
vn 0.5390 -0.6500 0.5358
vn 0.4883 -0.6835 0.5425
vn 0.4363 -0.7136 0.5481
vn 0.3764 -0.7439 0.5522
vn 0.3127 -0.7702 0.5558
vn 0.2463 -0.7916 0.5593
vn 0.1784 -0.8077 0.5619
vn 0.1109 -0.8190 0.5629
vn 0.0474 -0.8261 0.5616
vn -0.0186 -0.8282 0.5601
vn -0.0718 -0.8304 0.5526
vn 0.0472 -0.8799 0.4727
vn 0.3276 -0.7856 0.5249
vn 0.5377 -0.7352 0.4128
vn 0.5671 -0.7041 0.4273
vn 0.5592 -0.7048 0.4365
vn 0.5121 -0.7357 0.4433
vn 0.4424 -0.7847 0.4343
vn 0.3701 -0.8275 0.4221
vn 0.2962 -0.8616 0.4123
vn 0.2155 -0.8876 0.4071
vn 0.1301 -0.9037 0.4078
vn 0.0392 -0.9096 0.4137
vn -0.0555 -0.9050 0.4217
vn -0.1677 -0.8862 0.4318
vn -0.2723 -0.8460 0.4583
vn -0.3262 -0.8268 0.4583
vn -0.3356 -0.8241 0.4563
vn -0.3025 -0.8412 0.4482
vn -0.2361 -0.8663 0.4401
vn -0.0849 -0.8963 0.4352
vn 0.1874 -0.7954 0.5763
vn 0.4344 -0.7605 0.4826
vn 0.4639 -0.7312 0.5000
vn 0.4551 -0.7309 0.5087
vn 0.4327 -0.7388 0.5166
vn 0.3696 -0.7678 0.5234
vn 0.2769 -0.8082 0.5198
vn 0.1810 -0.8353 0.5191
vn 0.0777 -0.8495 0.5218
vn 0.0061 -0.8525 0.5227
vn -0.0489 -0.8496 0.5251
vn -0.0996 -0.7376 0.6679
vn -0.1453 -0.7291 0.6688
vn -0.2025 -0.7125 0.6718
vn -0.2834 -0.6824 0.6738
vn -0.3647 -0.6416 0.6748
vn -0.4314 -0.5984 0.6752
vn -0.4901 -0.5518 0.6748
vn -0.5246 -0.5310 0.6655
vn -0.5117 -0.5523 0.6581
vn -0.2281 -0.5287 0.8175
vn 0.1074 -0.6247 0.7734
vn 0.1838 -0.6034 0.7759
vn 0.1293 -0.6263 0.7688
vn 0.0944 -0.6354 0.7664
vn 0.0475 -0.6433 0.7641
vn -0.0294 -0.6467 0.7622
vn -0.1186 -0.6377 0.7611
vn -0.1969 -0.6143 0.7641
vn -0.2700 -0.5780 0.7701
vn -0.3420 -0.5280 0.7773
vn -0.3966 -0.4702 0.7884
vn -0.4512 -0.3976 0.7989
vn -0.5108 -0.3094 0.8021
vn -0.5417 -0.2631 0.7984
vn -0.5539 -0.2363 0.7983
vn -0.5675 -0.2047 0.7975
vn -0.5779 -0.1692 0.7984
vn -0.5845 -0.1357 0.8000
vn -0.5905 -0.0974 0.8012
vn -0.5944 -0.0546 0.8023
vn -0.5956 -0.0096 0.8032
vn -0.5936 0.0363 0.8040
vn -0.5908 0.0762 0.8032
vn -0.5840 0.1179 0.8031
vn -0.5755 0.1568 0.8026
vn -0.5659 0.1897 0.8023
vn -0.5562 0.2158 0.8026
vn -0.5394 0.2498 0.8041
vn -0.4922 0.3347 0.8036
vn -0.4378 0.4060 0.8022
vn -0.3764 0.4619 0.8031
vn -0.3124 0.5050 0.8046
vn -0.2465 0.5366 0.8070
vn -0.1853 0.5572 0.8094
vn -0.1470 0.5683 0.8096
vn -0.2026 0.5488 0.8110
vn -0.3794 0.2845 0.8804
vn -0.6853 0.2248 0.6927
vn -0.6964 0.2285 0.6803
vn -0.6846 0.2562 0.6825
vn -0.6656 0.2987 0.6839
vn -0.6406 0.3521 0.6824
vn -0.6131 0.4001 0.6812
vn -0.5816 0.4472 0.6796
vn -0.5461 0.4922 0.6779
vn -0.5071 0.5343 0.6763
vn -0.4689 0.5696 0.6750
vn -0.4137 0.6100 0.6758
vn -0.3244 0.6606 0.6770
vn -0.2112 0.6967 0.6856
vn -0.1111 0.7098 0.6956
vn -0.0487 0.7160 0.6964
vn -0.0224 0.7158 0.6980
vn 0.0109 0.7131 0.7010
vn 0.0767 0.7028 0.7072
vn 0.1354 0.6921 0.7090
vn 0.1793 0.6835 0.7076
vn 0.1922 0.6902 0.6976
vn 0.1516 0.7036 0.6942
vn 0.0713 0.7234 0.6868
vn -0.0712 0.7170 0.6934
vn -0.2674 0.6836 0.6791
vn -0.3930 0.6571 0.6432
vn -0.4373 0.6354 0.6365
vn -0.4543 0.6348 0.6250
vn -0.4153 0.6439 0.6426
vn -0.3630 0.6744 0.6430
vn -0.3007 0.7077 0.6393
vn -0.2288 0.7375 0.6353
vn -0.1445 0.7602 0.6334
vn -0.0561 0.7717 0.6335
vn 0.0324 0.7705 0.6366
vn 0.1168 0.7569 0.6430
vn 0.1943 0.7336 0.6512
vn 0.2696 0.7019 0.6593
vn 0.3198 0.6808 0.6589
vn 0.3345 0.6757 0.6569
vn 0.3366 0.6768 0.6547
vn 0.3109 0.6892 0.6545
vn 0.0993 0.6501 0.7534
vn -0.1488 0.7080 0.6903
vn -0.3172 0.6461 0.6942
vn -0.4199 0.5877 0.6916
vn -0.4880 0.5378 0.6875
vn -0.4566 0.5692 0.6838
vn -0.3935 0.6271 0.6723
vn -0.3385 0.6637 0.6671
vn -0.2959 0.6881 0.6626
vn -0.2570 0.7066 0.6593
vn -0.2002 0.7294 0.6541
vn -0.1118 0.7566 0.6442
vn -0.0170 0.7721 0.6353
vn 0.0722 0.7736 0.6296
vn 0.1577 0.7628 0.6271
vn 0.2391 0.7401 0.6286
vn 0.3152 0.7069 0.6332
vn 0.3827 0.6662 0.6401
vn 0.4446 0.6194 0.6471
vn 0.4965 0.5715 0.6533
vn 0.5398 0.5207 0.6614
vn 0.5801 0.4652 0.6687
vn 0.6225 0.3994 0.6730
vn 0.6635 0.3448 0.6640
vn 0.6796 0.3117 0.6640
vn 0.6629 0.3370 0.6686
vn 0.5524 0.4698 0.6885
vn 0.1926 0.4078 0.8925
vn -0.0092 0.5845 0.8113
vn -0.0199 0.6024 0.7979
vn -0.0035 0.5822 0.8131
vn 0.0226 0.5768 0.8166
vn 0.0483 0.5677 0.8218
vn 0.1154 0.5522 0.8257
vn 0.2141 0.5331 0.8185
vn 0.2843 0.5106 0.8115
vn 0.3171 0.4986 0.8068
vn 0.3387 0.4889 0.8039
vn 0.3700 0.4708 0.8009
vn 0.4028 0.4484 0.7979
vn 0.4333 0.4245 0.7950
vn 0.4741 0.3846 0.7921
vn 0.5396 0.3103 0.7826
vn 0.5944 0.2210 0.7732
vn 0.6275 0.1360 0.7666
vn 0.6411 0.0764 0.7636
vn 0.6473 0.0274 0.7617
vn 0.6491 -0.0261 0.7602
vn 0.6461 -0.0798 0.7591
vn 0.6379 -0.1327 0.7586
vn 0.6247 -0.1843 0.7588
vn 0.5982 -0.2497 0.7615
vn 0.5629 -0.3206 0.7618
vn 0.5332 -0.3674 0.7621
vn 0.5076 -0.4017 0.7622
vn 0.4784 -0.4352 0.7628
vn 0.4477 -0.4658 0.7633
vn 0.4163 -0.4935 0.7637
vn 0.3837 -0.5187 0.7640
vn 0.3435 -0.5433 0.7660
vn 0.3135 -0.5652 0.7631
vn 0.2854 -0.5843 0.7597
vn 0.2639 -0.6015 0.7540
vn 0.2549 -0.6160 0.7454
vn 0.2828 -0.6189 0.7328
vn 0.3483 -0.4737 0.8089
vn 0.5455 -0.5352 0.6450
vn 0.5501 -0.5398 0.6372
vn 0.5405 -0.5421 0.6435
vn 0.5214 -0.5507 0.6518
vn 0.4933 -0.5658 0.6607
vn 0.4574 -0.5859 0.6689
vn 0.4154 -0.6087 0.6759
vn 0.3737 -0.6290 0.6817
vn 0.3237 -0.6518 0.6858
vn 0.2715 -0.6725 0.6885
vn 0.2186 -0.6901 0.6899
vn 0.1666 -0.7044 0.6900
vn 0.1176 -0.7151 0.6891
vn 0.0740 -0.7227 0.6872
vn 0.0300 -0.7262 0.6868
vn -0.0093 -0.7280 0.6855
vn 0.0722 -0.7610 0.6448
vn 0.2773 -0.6609 0.6974
vn 0.4640 -0.6801 0.5676
vn 0.4900 -0.6632 0.5658
vn 0.4898 -0.6616 0.5677
vn 0.4610 -0.6756 0.5753
vn 0.4042 -0.7126 0.5735
vn 0.3408 -0.7501 0.5668
vn 0.2728 -0.7824 0.5598
vn 0.1974 -0.8076 0.5558
vn 0.1170 -0.8230 0.5559
vn 0.0330 -0.8278 0.5600
vn -0.0514 -0.8223 0.5667
vn -0.1526 -0.8014 0.5783
vn -0.2411 -0.7670 0.5946
vn -0.2786 -0.7552 0.5934
vn -0.2780 -0.7546 0.5943
vn -0.2493 -0.7591 0.6014
vn -0.1968 -0.7722 0.6041
vn -0.0773 -0.7889 0.6096
vn 0.1338 -0.6639 0.7357
vn 0.3455 -0.6903 0.6357
vn 0.3640 -0.6810 0.6354
vn 0.3621 -0.6790 0.6386
vn 0.3518 -0.6795 0.6439
vn 0.3096 -0.6870 0.6574
vn 0.2293 -0.7149 0.6606
vn 0.1487 -0.7316 0.6653
vn 0.0550 -0.7430 0.6671
vn -0.0058 -0.7456 0.6663
vn -0.0509 -0.7430 0.6673
vn -0.0909 -0.6353 0.7669
vn -0.1249 -0.6287 0.7676
vn -0.1694 -0.6154 0.7698
vn -0.2365 -0.5908 0.7714
vn -0.3053 -0.5590 0.7710
vn -0.3602 -0.5277 0.7693
vn -0.4063 -0.4955 0.7677
vn -0.4304 -0.4814 0.7636
vn -0.4215 -0.4750 0.7724
vn -0.2088 -0.4080 0.8888
vn 0.0841 -0.5118 0.8550
vn -0.0707 -0.4894 0.8692
vn 0.1338 -0.4800 0.8670
vn 0.0920 -0.4965 0.8632
vn 0.0671 -0.5019 0.8623
vn 0.0328 -0.5065 0.8616
vn -0.0260 -0.5049 0.8628
vn -0.0990 -0.4947 0.8634
vn -0.1631 -0.4717 0.8665
vn -0.2237 -0.4374 0.8710
vn -0.2850 -0.3916 0.8749
vn -0.3296 -0.3396 0.8809
vn -0.3770 -0.2761 0.8841
vn -0.4259 -0.2011 0.8822
vn -0.4446 -0.1698 0.8795
vn -0.4513 -0.1531 0.8791
vn -0.4738 -0.1411 0.8692
vn -0.4587 -0.1224 0.8801
vn -0.4681 -0.1042 0.8775
vn -0.4698 -0.0791 0.8792
vn -0.4713 -0.0503 0.8806
vn -0.4727 -0.0179 0.8811
vn -0.4719 0.0150 0.8815
vn -0.4704 0.0438 0.8814
vn -0.4661 0.0745 0.8816
vn -0.4600 0.1037 0.8818
vn -0.4520 0.1303 0.8825
vn -0.4492 0.1520 0.8804
vn -0.4364 0.1676 0.8840
vn -0.3964 0.2263 0.8898
vn -0.3518 0.2913 0.8896
vn -0.3019 0.3383 0.8913
vn -0.2545 0.3758 0.8911
vn -0.2048 0.4048 0.8912
vn -0.1607 0.4245 0.8911
vn -0.1345 0.4341 0.8908
vn -0.1623 0.4316 0.8873
vn -0.2826 0.1722 0.9437
vn -0.2360 0.3202 0.9175
vn -0.5802 0.1948 0.7909
vn -0.4834 0.1923 0.8540
vn -0.5817 0.2140 0.7848
vn -0.5757 0.2413 0.7813
vn -0.5615 0.2742 0.7807
vn -0.5409 0.3140 0.7803
vn -0.5193 0.3483 0.7804
vn -0.4943 0.3834 0.7802
vn -0.4656 0.4176 0.7803
vn -0.4337 0.4502 0.7805
vn -0.4015 0.4782 0.7811
vn -0.3544 0.5110 0.7832
vn -0.2731 0.5545 0.7861
vn -0.1725 0.5884 0.7900
vn -0.0845 0.6078 0.7896
vn -0.0372 0.6123 0.7898
vn -0.0244 0.6127 0.7900
vn -0.0060 0.6121 0.7908
vn 0.0419 0.6067 0.7939
vn 0.0845 0.6001 0.7954
vn 0.1168 0.5944 0.7957
vn 0.1278 0.5971 0.7919
vn 0.1023 0.5993 0.7939
vn 0.0459 0.6096 0.7914
vn -0.0674 0.5983 0.7984
vn -0.2256 0.5764 0.7854
vn -0.3312 0.5738 0.7491
vn -0.3649 0.5672 0.7384
vn -0.3783 0.5706 0.7289
vn -0.3495 0.5754 0.7394
vn -0.3084 0.5938 0.7432
vn -0.2561 0.6186 0.7428
vn -0.1977 0.6417 0.7410
vn -0.1272 0.6591 0.7412
vn -0.0512 0.6672 0.7431
vn 0.0271 0.6654 0.7460
vn 0.1009 0.6547 0.7491
vn 0.1680 0.6377 0.7518
vn 0.2301 0.6172 0.7524
vn 0.2631 0.6091 0.7482
vn 0.2699 0.6073 0.7472
vn 0.2685 0.6083 0.7469
vn 0.2545 0.6097 0.7507
vn 0.0732 0.5441 0.8358
vn -0.1340 0.6002 0.7885
vn -0.2768 0.5470 0.7900
vn -0.3555 0.5073 0.7850
vn -0.4064 0.4756 0.7802
vn -0.3777 0.5002 0.7792
vn -0.3266 0.5480 0.7701
vn -0.2839 0.5758 0.7667
vn -0.2517 0.5942 0.7640
vn -0.2223 0.6077 0.7624
vn -0.1766 0.6261 0.7595
vn -0.1031 0.6483 0.7544
vn -0.0204 0.6621 0.7491
vn 0.0579 0.6634 0.7460
vn 0.1346 0.6534 0.7449
vn 0.2082 0.6327 0.7459
vn 0.2764 0.6031 0.7483
vn 0.3362 0.5676 0.7515
vn 0.3892 0.5287 0.7543
vn 0.4314 0.4905 0.7572
vn 0.4652 0.4514 0.7615
vn 0.4974 0.4088 0.7651
vn 0.5374 0.3545 0.7652
vn 0.5561 0.3012 0.7746
vn 0.6085 0.3168 0.7276
vn 0.5703 0.3119 0.7599
vn 0.5160 0.3968 0.7592
vn 0.1721 0.2774 0.9452
vn 0.3356 0.3910 0.8571
vn 0.0593 0.4668 0.8824
vn 0.0404 0.5274 0.8486
vn 0.0760 0.4720 0.8783
vn 0.0779 0.4635 0.8827
vn 0.1188 0.4411 0.8896
vn 0.1902 0.4197 0.8875
vn 0.2411 0.4015 0.8836
vn 0.2741 0.3963 0.8763
vn 0.2884 0.3809 0.8785
vn 0.3108 0.3658 0.8773
vn 0.3319 0.3475 0.8770
vn 0.3621 0.3174 0.8765
vn 0.4150 0.2566 0.8729
vn 0.4628 0.1806 0.8679
vn 0.4926 0.1099 0.8633
vn 0.5049 0.0618 0.8610
vn 0.5111 0.0227 0.8592
vn 0.5140 -0.0199 0.8575
vn 0.5130 -0.0620 0.8561
vn 0.5081 -0.1030 0.8551
vn 0.4995 -0.1425 0.8545
vn 0.4793 -0.1952 0.8557
vn 0.4561 -0.2527 0.8533
vn 0.4354 -0.2896 0.8524
vn 0.4180 -0.3164 0.8515
vn 0.3992 -0.3418 0.8508
vn 0.3800 -0.3645 0.8502
vn 0.3606 -0.3848 0.8497
vn 0.3412 -0.4030 0.8492
vn 0.3161 -0.4213 0.8500
vn 0.2994 -0.4380 0.8477
vn 0.2831 -0.4517 0.8461
vn 0.2703 -0.4631 0.8441
vn 0.2643 -0.4710 0.8416
vn 0.2712 -0.4690 0.8405
vn 0.2799 -0.3557 0.8917
vn 0.4406 -0.4674 0.7665
vn 0.4363 -0.4938 0.7522
vn 0.4312 -0.4965 0.7534
vn 0.4194 -0.5023 0.7562
vn 0.4009 -0.5106 0.7606
vn 0.3756 -0.5227 0.7653
vn 0.3453 -0.5378 0.7691
vn 0.3144 -0.5518 0.7725
vn 0.2764 -0.5682 0.7751
vn 0.2370 -0.5840 0.7764
vn 0.1981 -0.5980 0.7766
vn 0.1613 -0.6098 0.7760
vn 0.1281 -0.6189 0.7749
vn 0.1001 -0.6256 0.7737
vn 0.0719 -0.6291 0.7740
vn 0.0407 -0.6286 0.7767
vn 0.0915 -0.6433 0.7601
vn 0.2352 -0.5452 0.8046
vn 0.4004 -0.6069 0.6866
vn 0.4170 -0.6033 0.6799
vn 0.4193 -0.6032 0.6785
vn 0.4027 -0.6107 0.6818
vn 0.3592 -0.6361 0.6830
vn 0.3052 -0.6658 0.6809
vn 0.2443 -0.6937 0.6776
vn 0.1759 -0.7162 0.6753
vn 0.1024 -0.7305 0.6752
vn 0.0271 -0.7349 0.6776
vn -0.0465 -0.7299 0.6820
vn -0.1351 -0.7099 0.6912
vn -0.2074 -0.6850 0.6984
vn -0.2313 -0.6773 0.6984
vn -0.2290 -0.6755 0.7009
vn -0.2070 -0.6697 0.7132
vn -0.1676 -0.6726 0.7208
vn -0.0734 -0.6786 0.7308
vn 0.0921 -0.5505 0.8297
vn 0.2709 -0.6124 0.7427
vn 0.2788 -0.6179 0.7351
vn 0.2761 -0.6132 0.7401
vn 0.2706 -0.6138 0.7417
vn 0.2431 -0.6107 0.7536
vn 0.1777 -0.6268 0.7587
vn 0.1132 -0.6333 0.7656
vn 0.0323 -0.6405 0.7673
vn -0.0172 -0.6423 0.7663
vn -0.0528 -0.6398 0.7668
vn -0.0838 -0.5465 0.8333
vn -0.1079 -0.5419 0.8335
vn -0.1414 -0.5321 0.8348
vn -0.1957 -0.5136 0.8354
vn -0.2520 -0.4899 0.8345
vn -0.2960 -0.4680 0.8327
vn -0.3323 -0.4447 0.8317
vn -0.3523 -0.4295 0.8315
vn -0.3585 -0.4173 0.8350
vn -0.1817 -0.3053 0.9348
vn -0.2945 -0.3821 0.8759
vn -0.0854 -0.3831 0.9197
vn 0.0409 -0.4027 0.9144
vn 0.0888 -0.3766 0.9221
vn 0.0585 -0.3866 0.9204
vn 0.0412 -0.3890 0.9203
vn 0.0172 -0.3902 0.9206
vn -0.0257 -0.3840 0.9230
vn -0.0843 -0.3720 0.9244
vn -0.1358 -0.3493 0.9271
vn -0.1854 -0.3171 0.9301
vn -0.2369 -0.2752 0.9317
vn -0.2722 -0.2289 0.9346
vn -0.3131 -0.1707 0.9343
vn -0.3538 -0.1140 0.9284
vn -0.3903 -0.0903 0.9163
vn -0.3613 -0.0804 0.9290
vn -0.3836 -0.0531 0.9220
vn -0.3795 -0.0293 0.9247
vn -0.3772 -0.0056 0.9261
vn -0.3747 0.0134 0.9270
vn -0.3706 0.0330 0.9282
vn -0.3673 0.0549 0.9285
vn -0.3557 0.0827 0.9309
vn -0.3919 0.1044 0.9141
vn -0.3217 0.1413 0.9363
vn -0.2899 0.1951 0.9369
vn -0.2453 0.2402 0.9392
vn -0.2133 0.2693 0.9391
vn -0.1753 0.2953 0.9392
vn -0.1438 0.3135 0.9386
vn -0.1267 0.3230 0.9379
vn -0.1473 0.3121 0.9386
vn -0.2104 0.0887 0.9736
vn -0.1840 0.2067 0.9610
vn -0.3828 0.1372 0.9136
vn -0.4827 0.1844 0.8562
vn -0.4859 0.2074 0.8491
vn -0.4785 0.2277 0.8480
vn -0.4654 0.2538 0.8479
vn -0.4504 0.2821 0.8471
vn -0.4354 0.3046 0.8471
vn -0.4154 0.3296 0.8478
vn -0.3922 0.3543 0.8489
vn -0.3667 0.3784 0.8499
vn -0.3400 0.3995 0.8513
vn -0.3012 0.4254 0.8534
vn -0.2292 0.4630 0.8562
vn -0.1450 0.4962 0.8560
vn -0.0734 0.5247 0.8481
vn -0.0375 0.5344 0.8444
vn -0.0248 0.5305 0.8473
vn 0.0089 0.5210 0.8535
vn 0.0400 0.5167 0.8552
vn 0.0636 0.5128 0.8561
vn 0.0744 0.5117 0.8559
vn 0.0605 0.5069 0.8598
vn 0.0221 0.5101 0.8598
vn -0.0653 0.4950 0.8664
vn -0.1895 0.4816 0.8557
vn -0.2768 0.4964 0.8228
vn -0.3008 0.5003 0.8119
vn -0.3091 0.5065 0.8049
vn -0.2877 0.5111 0.8100
vn -0.2557 0.5224 0.8134
vn -0.2135 0.5395 0.8145
vn -0.1674 0.5559 0.8142
vn -0.1097 0.5681 0.8156
vn -0.0459 0.5734 0.8180
vn 0.0214 0.5718 0.8201
vn 0.0839 0.5648 0.8210
vn 0.1404 0.5542 0.8205
vn 0.1893 0.5425 0.8185
vn 0.2105 0.5394 0.8153
vn 0.2131 0.5380 0.8156
vn 0.2112 0.5375 0.8164
vn 0.2048 0.5333 0.8207
vn 0.0536 0.4566 0.8881
vn -0.1163 0.5069 0.8541
vn -0.2372 0.4634 0.8538
vn -0.2970 0.4386 0.8482
vn -0.3336 0.4211 0.8435
vn -0.3071 0.4412 0.8432
vn -0.2658 0.4790 0.8366
vn -0.2329 0.4988 0.8348
vn -0.2093 0.5116 0.8333
vn -0.1878 0.5203 0.8331
vn -0.1519 0.5340 0.8317
vn -0.0922 0.5498 0.8302
vn -0.0213 0.5604 0.8279
vn 0.0463 0.5605 0.8269
vn 0.1136 0.5513 0.8265
vn 0.1791 0.5332 0.8268
vn 0.2392 0.5084 0.8273
vn 0.2918 0.4793 0.8277
vn 0.3369 0.4490 0.8276
vn 0.3712 0.4201 0.8281
vn 0.3973 0.3921 0.8297
vn 0.4238 0.3610 0.8307
vn 0.4584 0.3208 0.8288
vn 0.4910 0.2853 0.8231
vn 0.4840 0.2837 0.8278
vn 0.4330 0.3347 0.8369
vn 0.1660 0.1663 0.9720
vn 0.2975 0.2937 0.9084
vn 0.0881 0.3985 0.9129
vn 0.1269 0.3512 0.9276
vn 0.0927 0.3609 0.9280
vn 0.1772 0.3343 0.9256
vn 0.2295 0.3309 0.9153
vn 0.2409 0.3006 0.9228
vn 0.2583 0.2842 0.9233
vn 0.2786 0.2627 0.9238
vn 0.3200 0.2136 0.9230
vn 0.3593 0.1477 0.9215
vn 0.3835 0.0892 0.9192
vn 0.3938 0.0511 0.9178
vn 0.3995 0.0207 0.9165
vn 0.4030 -0.0125 0.9151
vn 0.4036 -0.0447 0.9138
vn 0.4014 -0.0755 0.9128
vn 0.3967 -0.1045 0.9120
vn 0.3826 -0.1458 0.9123
vn 0.3704 -0.1912 0.9090
vn 0.3571 -0.2187 0.9081
vn 0.3467 -0.2383 0.9072
vn 0.3359 -0.2565 0.9063
vn 0.3259 -0.2717 0.9055
vn 0.3155 -0.2850 0.9051
vn 0.3054 -0.2970 0.9047
vn 0.2910 -0.3097 0.9052
vn 0.2816 -0.3209 0.9043
vn 0.2721 -0.3293 0.9042
vn 0.2645 -0.3356 0.9041
vn 0.2605 -0.3384 0.9042
vn 0.2535 -0.3311 0.9089
vn 0.2323 -0.2469 0.9408
vn 0.3355 -0.4004 0.8527
vn 0.3297 -0.4435 0.8334
vn 0.3236 -0.4423 0.8365
vn 0.3164 -0.4482 0.8360
vn 0.3030 -0.4580 0.8357
vn 0.2852 -0.4700 0.8353
vn 0.2642 -0.4820 0.8354
vn 0.2378 -0.4946 0.8360
vn 0.2104 -0.5068 0.8360
vn 0.1841 -0.5175 0.8356
vn 0.1599 -0.5265 0.8350
vn 0.1392 -0.5332 0.8344
vn 0.1228 -0.5379 0.8340
vn 0.1052 -0.5404 0.8348
vn 0.0784 -0.5372 0.8398
vn 0.1065 -0.5361 0.8374
vn 0.2011 -0.4473 0.8715
vn 0.3408 -0.5301 0.7764
vn 0.3493 -0.5348 0.7694
vn 0.3528 -0.5357 0.7672
vn 0.3438 -0.5432 0.7660
vn 0.3123 -0.5607 0.7669
vn 0.2674 -0.5832 0.7671
vn 0.2141 -0.6057 0.7663
vn 0.1537 -0.6247 0.7656
vn 0.0882 -0.6373 0.7655
vn 0.0221 -0.6418 0.7665
vn -0.0407 -0.6380 0.7689
vn -0.1166 -0.6213 0.7749
vn -0.1748 -0.6053 0.7766
vn -0.1901 -0.6000 0.7771
vn -0.1887 -0.5956 0.7808
vn -0.1729 -0.5833 0.7937
vn -0.1464 -0.5785 0.8024
vn -0.0768 -0.5735 0.8156
vn 0.0609 -0.4537 0.8891
vn 0.1970 -0.5374 0.8200
vn 0.2261 -0.5721 0.7884
vn 0.1940 -0.5454 0.8154
vn 0.1776 -0.5395 0.8231
vn 0.1278 -0.5478 0.8268
vn 0.0779 -0.5482 0.8327
vn 0.0104 -0.5515 0.8341
vn -0.0287 -0.5523 0.8331
vn -0.0554 -0.5500 0.8333
vn 0.1243 0.2640 0.9565
vn -0.0786 -0.4731 0.8775
vn -0.0947 -0.4698 0.8777
vn -0.1176 -0.4636 0.8782
vn -0.1611 -0.4508 0.8780
vn -0.2055 -0.4334 0.8775
vn -0.2394 -0.4179 0.8764
vn -0.2676 -0.4014 0.8759
vn -0.2855 -0.3897 0.8756
vn -0.2925 -0.3736 0.8803
vn -0.1608 -0.2287 0.9601
vn -0.2446 -0.3095 0.9189
vn -0.0962 -0.3012 0.9487
vn 0.0087 -0.3111 0.9503
vn 0.0490 -0.2885 0.9562
vn 0.0281 -0.2938 0.9555
vn 0.0168 -0.2938 0.9557
vn 0.0011 -0.2927 0.9562
vn -0.0286 -0.2828 0.9587
vn -0.0747 -0.2693 0.9601
vn -0.1154 -0.2468 0.9622
vn -0.1556 -0.2161 0.9639
vn -0.1989 -0.1775 0.9638
vn -0.2277 -0.1367 0.9641
vn -0.2619 -0.0931 0.9606
vn -0.2912 -0.0305 0.9562
vn -0.3184 -0.0472 0.9468
vn -0.3341 -0.0592 0.9407
vn -0.3358 -0.0672 0.9395
vn -0.3093 -0.0073 0.9509
vn -0.2992 0.0014 0.9542
vn -0.3049 0.0118 0.9523
vn -0.2872 0.0260 0.9575
vn -0.2605 0.0724 0.9628
vn -0.3172 0.0444 0.9473
vn -0.2376 0.1090 0.9652
vn -0.2026 0.1512 0.9675
vn -0.1798 0.1793 0.9672
vn -0.1530 0.2016 0.9674
vn -0.1306 0.2176 0.9673
vn -0.1180 0.2246 0.9673
vn -0.1228 0.2141 0.9691
vn -0.1563 0.0224 0.9875
vn -0.1463 0.1209 0.9818
vn -0.3114 0.0931 0.9457
vn -0.3944 0.1633 0.9043
vn -0.3970 0.1985 0.8961
vn -0.3922 0.2155 0.8943
vn -0.3837 0.2328 0.8936
vn -0.3735 0.2514 0.8929
vn -0.3603 0.2700 0.8929
vn -0.3457 0.2863 0.8936
vn -0.3285 0.3031 0.8946
vn -0.3083 0.3201 0.8958
vn -0.2877 0.3354 0.8971
vn -0.2567 0.3554 0.8988
vn -0.1956 0.3877 0.9008
vn -0.1259 0.4196 0.8990
vn -0.0637 0.4296 0.9008
vn -0.0620 0.4460 0.8929
vn -0.0542 0.4734 0.8792
vn -0.0201 0.4411 0.8972
vn -0.0004 0.4438 0.8961
vn 0.0185 0.4400 0.8978
vn 0.0303 0.4354 0.8997
vn 0.0251 0.4263 0.9042
vn 0.0005 0.4243 0.9055
vn -0.0645 0.4069 0.9112
vn -0.1588 0.3998 0.9027
vn -0.2293 0.4276 0.8744
vn -0.2453 0.4395 0.8641
vn -0.2490 0.4471 0.8591
vn -0.2325 0.4519 0.8612
vn -0.2077 0.4597 0.8634
vn -0.1745 0.4715 0.8644
vn -0.1389 0.4827 0.8647
vn -0.0931 0.4907 0.8664
vn -0.0410 0.4940 0.8685
vn 0.0154 0.4930 0.8699
vn 0.0670 0.4892 0.8696
vn 0.1134 0.4833 0.8681
vn 0.1516 0.4765 0.8660
vn 0.1664 0.4718 0.8659
vn 0.1680 0.4698 0.8666
vn 0.1671 0.4694 0.8670
vn 0.1639 0.4595 0.8729
vn 0.0449 0.3779 0.9248
vn -0.1067 0.4263 0.8982
vn -0.2009 0.3958 0.8961
vn -0.2447 0.3799 0.8921
vn -0.2695 0.3729 0.8879
vn -0.2448 0.3910 0.8872
vn -0.2111 0.4206 0.8823
vn -0.1863 0.4339 0.8815
vn -0.1697 0.4421 0.8808
vn -0.1549 0.4470 0.8810
vn -0.1274 0.4565 0.8806
vn -0.0798 0.4663 0.8810
vn -0.0198 0.4734 0.8806
vn 0.0378 0.4721 0.8807
vn 0.0962 0.4637 0.8808
vn 0.1537 0.4482 0.8806
vn 0.2060 0.4284 0.8798
vn 0.2520 0.4057 0.8786
vn 0.2899 0.3832 0.8770
vn 0.3172 0.3628 0.8762
vn 0.3371 0.3440 0.8764
vn 0.3582 0.3224 0.8762
vn 0.3883 0.2934 0.8735
vn 0.4128 0.2653 0.8714
vn 0.4080 0.2516 0.8776
vn 0.3717 0.2742 0.8869
vn 0.1631 0.0776 0.9836
vn 0.2689 0.2174 0.9383
vn 0.1573 0.2807 0.9468
vn 0.1277 0.2862 0.9496
vn 0.1818 0.2602 0.9483
vn 0.2074 0.2438 0.9474
vn 0.2071 0.2838 0.9363
vn 0.2158 0.2348 0.9478
vn 0.2270 0.2234 0.9479
vn 0.2530 0.1780 0.9509
vn 0.2821 0.1207 0.9517
vn 0.3009 0.0732 0.9508
vn 0.3089 0.0439 0.9501
vn 0.3134 0.0213 0.9494
vn 0.3174 -0.0041 0.9483
vn 0.3189 -0.0277 0.9474
vn 0.3186 -0.0496 0.9466
vn 0.3169 -0.0694 0.9459
vn 0.3082 -0.1012 0.9459
vn 0.3030 -0.1357 0.9433
vn 0.2953 -0.1539 0.9429
vn 0.2905 -0.1657 0.9424
vn 0.2851 -0.1775 0.9419
vn 0.2813 -0.1871 0.9412
vn 0.2763 -0.1957 0.9409
vn 0.2723 -0.2020 0.9408
vn 0.2647 -0.2100 0.9412
vn 0.2585 -0.2163 0.9415
vn 0.2532 -0.2210 0.9418
vn 0.2451 -0.2248 0.9431
vn 0.2354 -0.2253 0.9454
vn 0.2314 -0.2241 0.9467
vn 0.1957 -0.1519 0.9688
vn 0.2252 -0.1910 0.9554
vn 0.2747 -0.3731 0.8862
vn 0.2893 -0.3490 0.8913
vn 0.2681 -0.3856 0.8829
vn 0.2561 -0.3967 0.8815
vn 0.2430 -0.4072 0.8804
vn 0.2274 -0.4179 0.8796
vn 0.2101 -0.4286 0.8787
vn 0.1916 -0.4383 0.8781
vn 0.1746 -0.4463 0.8777
vn 0.1602 -0.4523 0.8774
vn 0.1484 -0.4571 0.8769
vn 0.1397 -0.4602 0.8768
vn 0.1300 -0.4613 0.8776
vn 0.1057 -0.4558 0.8838
vn 0.1142 -0.4384 0.8915
vn 0.1739 -0.3553 0.9184
vn 0.2873 -0.4533 0.8438
vn 0.2837 -0.4581 0.8424
vn 0.2965 -0.4646 0.8344
vn 0.2899 -0.4758 0.8304
vn 0.2673 -0.4895 0.8300
vn 0.2306 -0.5067 0.8307
vn 0.1847 -0.5244 0.8312
vn 0.1324 -0.5396 0.8315
vn 0.0752 -0.5505 0.8315
vn 0.0184 -0.5550 0.8316
vn -0.0343 -0.5529 0.8325
vn -0.0980 -0.5398 0.8361
vn -0.1450 -0.5277 0.8370
vn -0.1606 -0.5287 0.8335
vn -0.1496 -0.5170 0.8428
vn -0.1434 -0.5054 0.8509
vn -0.1243 -0.4986 0.8579
vn -0.0800 -0.5004 0.8621
vn 0.0366 -0.3629 0.9311
vn -0.0051 -0.4422 0.8969
vn 0.1344 -0.4786 0.8677
vn 0.1442 -0.4736 0.8689
vn 0.1188 -0.4722 0.8734
vn 0.0832 -0.4769 0.8750
vn 0.0448 -0.4763 0.8781
vn -0.0099 -0.4775 0.8786
vn -0.0398 -0.4777 0.8776
vn -0.0590 -0.4756 0.8777
vn 0.1431 0.1755 0.9740
vn -0.0781 -0.4134 0.9072
vn -0.0899 -0.4179 0.9040
vn -0.0992 -0.4100 0.9067
vn -0.1314 -0.3981 0.9079
vn -0.1665 -0.3849 0.9078
vn -0.1909 -0.3742 0.9075
vn -0.2115 -0.3621 0.9078
vn -0.2254 -0.3513 0.9087
vn -0.2372 -0.3269 0.9148
vn -0.1449 -0.1667 0.9753
vn -0.2074 -0.2549 0.9445
vn -0.1062 -0.2304 0.9673
vn -0.0225 -0.2335 0.9721
vn 0.0133 -0.2118 0.9772
vn -0.0005 -0.2133 0.9770
vn -0.0067 -0.2113 0.9774
vn -0.0157 -0.2085 0.9779
vn -0.0342 -0.1964 0.9799
vn -0.0694 -0.1824 0.9808
vn -0.1014 -0.1596 0.9820
vn -0.1333 -0.1303 0.9825
vn -0.1688 -0.0964 0.9809
vn -0.1920 -0.0672 0.9791
vn -0.2281 -0.0194 0.9734
vn -0.2630 -0.0286 0.9644
vn -0.2553 -0.0063 0.9668
vn -0.2068 0.0134 0.9783
vn -0.2039 0.0473 0.9779
vn -0.1757 0.0724 0.9818
vn -0.1548 0.0988 0.9830
vn -0.1359 0.1178 0.9837
vn -0.1195 0.1318 0.9840
vn -0.1086 0.1380 0.9845
vn -0.1032 0.1298 0.9862
vn -0.1161 -0.0334 0.9927
vn -0.1151 0.0441 0.9924
vn -0.2545 0.0547 0.9655
vn -0.3227 0.1458 0.9352
vn -0.3224 0.1883 0.9277
vn -0.3186 0.2018 0.9262
vn -0.3129 0.2145 0.9253
vn -0.3050 0.2268 0.9250
vn -0.2953 0.2396 0.9249
vn -0.2855 0.2500 0.9252
vn -0.2734 0.2611 0.9258
vn -0.2589 0.2728 0.9266
vn -0.2442 0.2835 0.9274
vn -0.2205 0.2987 0.9285
vn -0.1693 0.3260 0.9301
vn -0.1152 0.3533 0.9284
vn -0.0436 0.3879 0.9207
vn -0.0647 0.3842 0.9210
vn -0.0321 0.3784 0.9251
vn -0.0187 0.3738 0.9273
vn -0.0065 0.3675 0.9300
vn -0.0053 0.3558 0.9346
vn -0.0191 0.3500 0.9365
vn -0.0646 0.3320 0.9411
vn -0.1331 0.3295 0.9347
vn -0.1886 0.3676 0.9106
vn -0.2021 0.3969 0.8953
vn -0.1837 0.3999 0.8980
vn -0.1656 0.4044 0.8995
vn -0.1398 0.4131 0.8999
vn -0.1131 0.4208 0.9001
vn -0.0781 0.4260 0.9014
vn -0.0367 0.4281 0.9030
vn 0.0093 0.4277 0.9039
vn 0.0509 0.4258 0.9034
vn 0.0880 0.4223 0.9022
vn 0.1192 0.4172 0.9009
vn 0.1381 0.4120 0.9007
vn 0.1409 0.4075 0.9023
vn 0.1365 0.4328 0.8911
vn 0.0370 0.3067 0.9511
vn 0.1051 0.3676 0.9240
vn -0.0985 0.3685 0.9244
vn -0.0168 0.3466 0.9379
vn -0.1626 0.3391 0.9266
vn -0.1975 0.3295 0.9233
vn -0.2131 0.3299 0.9196
vn -0.1895 0.3478 0.9182
vn -0.1620 0.3710 0.9144
vn -0.1433 0.3817 0.9131
vn -0.1322 0.3791 0.9159
vn -0.1239 0.3872 0.9136
vn -0.1035 0.3927 0.9138
vn -0.0662 0.3977 0.9151
vn -0.0161 0.4018 0.9156
vn 0.0323 0.3995 0.9162
vn 0.0825 0.3916 0.9164
vn 0.1324 0.3789 0.9159
vn 0.1773 0.3635 0.9146
vn 0.2170 0.3464 0.9127
vn 0.2481 0.3303 0.9107
vn 0.2689 0.3167 0.9096
vn 0.2834 0.3047 0.9093
vn 0.2996 0.2900 0.9089
vn 0.3247 0.2683 0.9070
vn 0.3439 0.2442 0.9067
vn 0.3412 0.2206 0.9137
vn 0.3154 0.2179 0.9236
vn 0.1820 -0.0178 0.9831
vn 0.2453 0.1451 0.9585
vn 0.1426 0.2336 0.9618
vn 0.1969 0.1878 0.9623
vn 0.1596 0.1925 0.9682
vn 0.1903 0.2188 0.9570
vn 0.2109 0.1420 0.9671
vn 0.1963 0.2017 0.9596
vn 0.2296 0.1009 0.9681
vn 0.2422 0.0599 0.9684
vn 0.2463 0.0394 0.9684
vn 0.2498 0.0241 0.9680
vn 0.2529 0.0062 0.9675
vn 0.2549 -0.0102 0.9669
vn 0.2555 -0.0242 0.9665
vn 0.2542 -0.0346 0.9665
vn 0.2533 -0.0586 0.9656
vn 0.2575 -0.0911 0.9620
vn 0.2507 -0.1004 0.9629
vn 0.2430 -0.1110 0.9636
vn 0.2626 -0.1258 0.9567
vn 0.2501 -0.1163 0.9612
vn 0.2469 -0.1280 0.9605
vn 0.2384 -0.1285 0.9626
vn 0.2319 -0.1280 0.9643
vn 0.2238 -0.1249 0.9666
vn 0.1727 -0.0838 0.9814
vn 0.2060 -0.1016 0.9733
vn 0.2628 -0.3339 0.9052
vn 0.2358 -0.3175 0.9185
vn 0.2143 -0.3478 0.9128
vn 0.2088 -0.3536 0.9118
vn 0.1994 -0.3616 0.9107
vn 0.1886 -0.3694 0.9099
vn 0.1777 -0.3761 0.9094
vn 0.1663 -0.3821 0.9090
vn 0.1580 -0.3868 0.9085
vn 0.1530 -0.3860 0.9097
vn 0.1495 -0.3974 0.9054
vn 0.1272 -0.3829 0.9150
vn 0.1190 -0.3666 0.9227
vn 0.1486 -0.2711 0.9510
vn 0.1420 -0.3296 0.9334
vn 0.2614 -0.3927 0.8817
vn 0.2111 -0.3464 0.9140
vn 0.2567 -0.3973 0.8810
vn 0.2451 -0.4110 0.8781
vn 0.2260 -0.4243 0.8769
vn 0.1961 -0.4376 0.8775
vn 0.1573 -0.4514 0.8784
vn 0.1128 -0.4634 0.8789
vn 0.0638 -0.4727 0.8789
vn 0.0158 -0.4773 0.8786
vn -0.0277 -0.4765 0.8788
vn -0.0804 -0.4666 0.8808
vn -0.1176 -0.4598 0.8802
vn -0.1280 -0.4595 0.8789
vn -0.1176 -0.4344 0.8930
vn -0.1022 -0.4254 0.8992
vn -0.0652 -0.4173 0.9064
vn 0.0130 -0.2832 0.9590
vn -0.0153 -0.3581 0.9335
vn 0.1144 -0.4269 0.8970
vn 0.0754 -0.4081 0.9098
vn 0.0474 -0.4161 0.9081
vn 0.0157 -0.4159 0.9093
vn -0.0280 -0.4167 0.9086
vn -0.0507 -0.4172 0.9074
vn -0.0636 -0.4164 0.9070
vn -0.2509 -0.0116 0.9679
vn 0.0936 -0.3943 0.9142
vn 0.0632 -0.3524 0.9337
vn 0.1664 0.0848 0.9824
vn 0.2145 -0.2037 0.9553
vn 0.2649 -0.2749 0.9243
vn -0.0725 -0.3628 0.9290
vn -0.0864 -0.3810 0.9205
vn -0.1082 -0.3519 0.9298
vn -0.1316 -0.3437 0.9298
vn -0.1495 -0.3359 0.9299
vn -0.1644 -0.3269 0.9306
vn -0.1757 -0.3171 0.9320
vn -0.1918 -0.2879 0.9382
vn -0.1293 -0.1128 0.9852
vn -0.1759 -0.2078 0.9622
vn -0.1168 -0.1682 0.9788
vn -0.0522 -0.1710 0.9839
vn -0.0231 -0.1399 0.9899
vn -0.0306 -0.1377 0.9900
vn -0.0305 -0.1350 0.9904
vn -0.0330 -0.1316 0.9908
vn -0.0412 -0.1188 0.9921
vn -0.0682 -0.1018 0.9925
vn -0.0907 -0.0821 0.9925
vn -0.1178 -0.0595 0.9913
vn -0.1421 -0.0409 0.9890
vn -0.1705 -0.0060 0.9853
vn -0.1831 0.0007 0.9831
vn -0.1392 0.0363 0.9896
vn -0.1560 -0.0035 0.9878
vn -0.1248 0.0487 0.9910
vn -0.1109 0.0582 0.9921
vn -0.0986 0.0603 0.9933
vn -0.0820 0.0467 0.9955
vn -0.1092 -0.1042 0.9885
vn -0.0895 -0.0204 0.9958
vn -0.2127 0.0086 0.9771
vn -0.2557 0.1316 0.9578
vn -0.2549 0.1809 0.9499
vn -0.2525 0.1892 0.9489
vn -0.2497 0.1968 0.9481
vn -0.2453 0.2051 0.9475
vn -0.2391 0.2128 0.9474
vn -0.2334 0.2186 0.9475
vn -0.2259 0.2250 0.9478
vn -0.2168 0.2325 0.9481
vn -0.2081 0.2398 0.9483
vn -0.1915 0.2512 0.9488
vn -0.1506 0.2755 0.9494
vn -0.1091 0.3012 0.9473
vn -0.0642 0.3431 0.9371
vn -0.0645 0.3192 0.9455
vn -0.0490 0.3154 0.9477
vn -0.0374 0.3068 0.9511
vn -0.0318 0.2935 0.9554
vn -0.0371 0.2852 0.9577
vn -0.0658 0.2649 0.9620
vn -0.1146 0.2722 0.9554
vn -0.1527 0.3181 0.9357
vn -0.1525 0.3351 0.9298
vn -0.1729 0.3653 0.9147
vn -0.1442 0.3462 0.9270
vn -0.1295 0.3551 0.9258
vn -0.1100 0.3622 0.9256
vn -0.0906 0.3677 0.9255
vn -0.0649 0.3712 0.9263
vn -0.0331 0.3727 0.9274
vn 0.0033 0.3725 0.9280
vn 0.0363 0.3716 0.9277
vn 0.0660 0.3695 0.9269
vn 0.0870 0.3667 0.9263
vn 0.1019 0.3609 0.9270
vn 0.1087 0.3940 0.9127
vn 0.0276 0.2461 0.9689
vn 0.0789 0.3064 0.9486
vn -0.0164 0.2855 0.9582
vn -0.0760 0.3045 0.9495
vn -0.1281 0.2871 0.9493
vn -0.1546 0.2846 0.9461
vn -0.1630 0.2911 0.9427
vn -0.1405 0.3096 0.9404
vn -0.1181 0.3291 0.9369
vn -0.1007 0.3308 0.9383
vn -0.0944 0.3379 0.9365
vn -0.0794 0.3403 0.9370
vn -0.0517 0.3423 0.9382
vn -0.0104 0.3440 0.9389
vn 0.0296 0.3407 0.9397
vn 0.0721 0.3337 0.9399
vn 0.1147 0.3233 0.9393
vn 0.1528 0.3114 0.9379
vn 0.1861 0.2985 0.9361
vn 0.2107 0.2877 0.9343
vn 0.2257 0.2795 0.9332
vn 0.2356 0.2719 0.9330
vn 0.2474 0.2616 0.9329
vn 0.2676 0.2452 0.9318
vn 0.2835 0.2233 0.9326
vn 0.2851 0.1931 0.9389
vn 0.2759 0.1757 0.9450
vn 0.2339 0.1201 0.9648
vn 0.1933 0.0166 0.9810
vn 0.1698 0.1520 0.9737
vn 0.1743 0.1261 0.9766
vn 0.2008 0.0423 0.9787
vn 0.1869 0.0815 0.9790
vn 0.2040 0.0284 0.9786
vn 0.2058 0.0174 0.9784
vn 0.2081 0.0068 0.9781
vn 0.2092 -0.0134 0.9778
vn 0.2111 -0.0705 0.9749
vn 0.2047 -0.0461 0.9777
vn 0.2138 -0.0402 0.9760
vn 0.2028 -0.0408 0.9784
vn 0.1952 -0.0151 0.9806
vn 0.1887 -0.0828 0.9785
vn 0.1850 -0.3021 0.9351
vn 0.2054 -0.2715 0.9403
vn 0.1793 -0.3049 0.9353
vn 0.1737 -0.3115 0.9342
vn 0.1633 -0.3207 0.9330
vn 0.1572 -0.3315 0.9303
vn 0.1513 -0.3513 0.9240
vn 0.1254 -0.2952 0.9472
vn 0.1360 -0.3250 0.9359
vn 0.1276 -0.2055 0.9703
vn 0.1299 -0.2569 0.9577
vn 0.1740 -0.2754 0.9455
vn 0.2051 -0.3341 0.9199
vn 0.2339 -0.3807 0.8946
vn 0.2020 -0.3551 0.9127
vn 0.2264 -0.3673 0.9021
vn 0.1887 -0.3652 0.9116
vn 0.1645 -0.3758 0.9120
vn 0.1325 -0.3866 0.9127
vn 0.0952 -0.3963 0.9132
vn 0.0541 -0.4041 0.9131
vn 0.0143 -0.4085 0.9126
vn -0.0210 -0.4087 0.9124
vn -0.0643 -0.4013 0.9137
vn -0.0958 -0.3883 0.9165
vn -0.1017 -0.3803 0.9193
vn -0.1073 -0.4192 0.9015
vn -0.0939 -0.3706 0.9240
vn -0.0841 -0.3566 0.9305
vn -0.0593 -0.3448 0.9368
vn -0.0054 -0.2214 0.9752
vn -0.0221 -0.2919 0.9562
vn 0.0331 -0.3642 0.9307
vn 0.0488 -0.3549 0.9336
vn 0.0144 -0.3661 0.9305
vn -0.0098 -0.3653 0.9308
vn -0.0433 -0.3648 0.9301
vn -0.0562 -0.3646 0.9295
vn 0.1867 -0.1466 0.9714
vn -0.0830 0.3187 0.9442
vn 0.0291 -0.2893 0.9568
vn -0.0707 -0.3249 0.9431
vn -0.0740 -0.3388 0.9379
vn -0.0895 -0.3147 0.9450
vn -0.1058 -0.3074 0.9457
vn -0.1172 -0.3018 0.9461
vn -0.1265 -0.2953 0.9470
vn -0.1348 -0.2871 0.9484
vn -0.1543 -0.2551 0.9545
vn -0.1123 -0.0650 0.9915
vn -0.1488 -0.1660 0.9748
vn -0.1415 -0.1030 0.9846
vn -0.1431 -0.0938 0.9853
vn -0.0508 -0.0850 0.9951
vn -0.0540 -0.0623 0.9966
vn -0.0512 -0.0814 0.9954
vn -0.0522 -0.0759 0.9957
vn -0.0539 -0.0550 0.9970
vn -0.0683 -0.0418 0.9968
vn -0.0939 -0.0145 0.9955
vn -0.0822 -0.0178 0.9965
vn -0.0994 -0.0083 0.9950
vn -0.1120 -0.0034 0.9937
vn -0.1159 -0.0037 0.9932
vn -0.1268 -0.0065 0.9919
vn -0.0596 -0.0091 0.9982
vn -0.0808 -0.1294 0.9883
vn -0.2046 0.1160 0.9720
vn -0.1814 0.0180 0.9832
vn -0.2018 0.1615 0.9660
vn -0.2028 0.1700 0.9643
vn -0.1948 0.1758 0.9650
vn -0.2056 0.1801 0.9619
vn -0.1979 0.1863 0.9624
vn -0.1946 0.1874 0.9628
vn -0.1890 0.1907 0.9633
vn -0.1859 0.1967 0.9627
vn -0.1808 0.2007 0.9628
vn -0.1696 0.2094 0.9630
vn -0.1373 0.2319 0.9630
vn -0.1059 0.2519 0.9619
vn -0.0753 0.2858 0.9553
vn -0.0771 0.2626 0.9618
vn -0.0619 0.2531 0.9654
vn -0.0545 0.2378 0.9698
vn -0.0532 0.2274 0.9724
vn -0.0677 0.2047 0.9765
vn -0.1003 0.2232 0.9696
vn -0.0830 0.2182 0.9724
vn -0.1236 0.2723 0.9542
vn -0.1114 0.3040 0.9462
vn -0.1182 0.2986 0.9470
vn -0.0996 0.3106 0.9453
vn -0.0857 0.3172 0.9445
vn -0.0716 0.3217 0.9441
vn -0.0533 0.3239 0.9446
vn -0.0301 0.3248 0.9453
vn -0.0023 0.3249 0.9458
vn 0.0230 0.3243 0.9457
vn 0.0454 0.3229 0.9453
vn 0.0601 0.3214 0.9450
vn 0.0742 0.3137 0.9466
vn 0.0191 0.1933 0.9810
vn 0.0587 0.2564 0.9648
vn -0.0129 0.2351 0.9719
vn -0.0602 0.2507 0.9662
vn -0.0979 0.2405 0.9657
vn -0.1161 0.2442 0.9627
vn -0.1184 0.2553 0.9596
vn -0.0969 0.2751 0.9565
vn -0.0772 0.2909 0.9536
vn -0.0665 0.2959 0.9529
vn -0.0604 0.3030 0.9511
vn -0.0361 0.2975 0.9540
vn -0.0028 0.2969 0.9549
vn 0.0292 0.2933 0.9556
vn 0.0644 0.2871 0.9557
vn 0.1002 0.2786 0.9552
vn 0.1319 0.2694 0.9539
vn 0.1594 0.2599 0.9524
vn 0.1787 0.2482 0.9521
vn 0.1920 0.2542 0.9479
vn 0.1897 0.2454 0.9507
vn 0.2001 0.2370 0.9507
vn 0.2173 0.2243 0.9500
vn 0.2314 0.2038 0.9513
vn 0.2361 0.1703 0.9567
vn 0.2371 0.1441 0.9608
vn 0.1797 0.0361 0.9831
vn 0.1884 0.0117 0.9820
vn 0.1816 -0.0080 0.9833
vn 0.2242 0.0624 0.9725
vn 0.1757 -0.0273 0.9841
vn 0.1858 -0.2544 0.9491
vn 0.1569 -0.2709 0.9497
vn 0.1958 -0.2247 0.9546
vn 0.1510 -0.2904 0.9449
vn 0.1255 -0.2300 0.9651
vn 0.1088 -0.1494 0.9828
vn 0.1227 -0.1981 0.9725
vn 0.1652 -0.3044 0.9381
vn 0.1734 -0.2910 0.9409
vn 0.1552 -0.3116 0.9375
vn 0.1362 -0.3203 0.9375
vn 0.1102 -0.3290 0.9379
vn 0.0796 -0.3369 0.9382
vn 0.0458 -0.3436 0.9380
vn 0.0136 -0.3476 0.9375
vn -0.0142 -0.3486 0.9372
vn -0.0500 -0.3431 0.9380
vn -0.0761 -0.3318 0.9403
vn -0.0779 -0.3287 0.9412
vn -0.0756 -0.3105 0.9476
vn -0.0689 -0.2963 0.9526
vn -0.0529 -0.2822 0.9579
vn -0.0203 -0.1681 0.9856
vn -0.0266 -0.2330 0.9721
vn 0.0201 -0.3254 0.9454
vn -0.0147 -0.3193 0.9475
vn -0.0331 -0.3204 0.9467
vn -0.0584 -0.3230 0.9446
vn 0.1599 -0.1008 0.9820
vn -0.0899 0.2653 0.9600
vn 0.2113 0.1026 0.9720
vn 0.2052 0.0196 0.9785
vn 0.0022 -0.2381 0.9712
vn 0.0044 -0.3033 0.9529
vn 0.1451 -0.2201 0.9646
vn -0.0735 -0.2766 0.9582
vn -0.0674 -0.2972 0.9524
vn -0.0819 -0.2722 0.9587
vn -0.0880 -0.2691 0.9591
vn -0.0949 -0.2665 0.9592
vn -0.0971 -0.2595 0.9608
vn -0.1193 -0.2237 0.9673
vn -0.1130 -0.0100 0.9935
vn -0.1239 -0.1181 0.9852
vn -0.0637 -0.0413 0.9971
vn -0.0617 -0.0348 0.9975
vn -0.0579 -0.0288 0.9979
vn -0.0545 -0.0143 0.9984
vn -0.1810 0.1125 0.9770
vn -0.1557 0.0458 0.9868
vn -0.1736 0.1610 0.9716
vn -0.1591 0.1766 0.9713
vn -0.1276 0.1926 0.9730
vn -0.1023 0.2157 0.9711
vn -0.0896 0.2321 0.9686
vn -0.0836 0.2038 0.9754
vn -0.0743 0.1861 0.9797
vn -0.0679 0.1760 0.9820
vn -0.0711 0.1521 0.9858
vn -0.0853 0.1774 0.9804
vn -0.0791 0.1703 0.9822
vn -0.0979 0.2332 0.9675
vn -0.0838 0.2644 0.9608
vn -0.0882 0.2594 0.9617
vn -0.0752 0.2707 0.9597
vn -0.0624 0.2741 0.9597
vn -0.0586 0.2827 0.9574
vn -0.0440 0.2801 0.9590
vn -0.0282 0.2820 0.9590
vn -0.0074 0.2821 0.9594
vn 0.0115 0.2815 0.9595
vn 0.0276 0.2803 0.9595
vn 0.0376 0.2793 0.9595
vn 0.0513 0.2707 0.9613
vn 0.0115 0.1458 0.9892
vn 0.0416 0.2107 0.9767
vn -0.0092 0.1882 0.9821
vn -0.0447 0.2037 0.9780
vn -0.0709 0.1988 0.9775
vn -0.0812 0.2077 0.9748
vn -0.0788 0.2219 0.9719
vn -0.0594 0.2462 0.9674
vn -0.0405 0.2605 0.9646
vn -0.0464 0.2739 0.9606
vn -0.0568 0.2734 0.9602
vn -0.0181 0.2598 0.9655
vn 0.0059 0.2575 0.9663
vn 0.0307 0.2543 0.9666
vn 0.0589 0.2490 0.9667
vn 0.0881 0.2420 0.9663
vn 0.1138 0.2347 0.9654
vn 0.1364 0.2278 0.9641
vn 0.1579 0.2177 0.9632
vn 0.1674 0.2291 0.9589
vn 0.1718 0.2050 0.9636
vn 0.1846 0.1860 0.9651
vn 0.1933 0.1507 0.9695
vn 0.2027 0.1158 0.9724
vn 0.1286 -0.1665 0.9776
vn 0.1724 -0.1751 0.9694
vn 0.0919 -0.1007 0.9907
vn 0.1170 -0.1460 0.9823
vn 0.1328 -0.2570 0.9572
vn 0.1421 -0.2428 0.9596
vn 0.1255 -0.2627 0.9567
vn 0.1109 -0.2699 0.9565
vn 0.0904 -0.2772 0.9566
vn 0.0659 -0.2838 0.9566
vn 0.0387 -0.2894 0.9564
vn 0.0135 -0.2928 0.9561
vn -0.0073 -0.2939 0.9558
vn -0.0368 -0.2898 0.9564
vn -0.0636 -0.2865 0.9560
vn -0.0605 -0.2590 0.9640
vn -0.0568 -0.2431 0.9683
vn -0.0468 -0.2271 0.9727
vn -0.0325 -0.1212 0.9921
vn -0.0294 -0.1802 0.9832
vn -0.0382 -0.2826 0.9585
vn -0.0200 -0.2669 0.9635
vn -0.0497 -0.2786 0.9591
vn -0.0663 -0.2771 0.9585
vn -0.1350 -0.0452 0.9898
vn -0.1785 -0.0575 0.9823
vn 0.1651 -0.2248 0.9603
vn -0.0199 -0.1918 0.9812
vn 0.1192 -0.1709 0.9780
vn 0.1859 0.0703 0.9801
vn 0.1861 -0.0149 0.9824
vn -0.0681 -0.2546 0.9646
vn -0.0828 -0.2415 0.9669
vn -0.1070 -0.1949 0.9750
vn -0.0960 -0.1323 0.9865
vn -0.1226 -0.0497 0.9912
vn -0.1419 0.1191 0.9827
vn -0.1612 0.1291 0.9784
vn -0.1603 0.1603 0.9740
vn -0.1599 0.1602 0.9740
vn -0.1102 0.1516 0.9823
vn -0.0978 0.1636 0.9817
vn -0.1011 0.1934 0.9759
vn -0.0931 0.1354 0.9864
vn -0.0857 0.1287 0.9880
vn -0.0724 0.1032 0.9920
vn -0.0734 0.1332 0.9884
vn -0.0762 0.1258 0.9891
vn -0.0753 0.1958 0.9777
vn -0.0566 0.2321 0.9711
vn -0.0442 0.2374 0.9704
vn -0.0350 0.2422 0.9696
vn -0.0259 0.2417 0.9700
vn -0.0119 0.2421 0.9702
vn 0.0016 0.2416 0.9704
vn 0.0126 0.2401 0.9707
vn 0.0311 0.2223 0.9745
vn 0.0347 0.2437 0.9692
vn 0.0052 0.1025 0.9947
vn 0.0266 0.1687 0.9853
vn -0.0053 0.1444 0.9895
vn -0.0299 0.1612 0.9865
vn -0.0477 0.1610 0.9858
vn -0.0519 0.1773 0.9828
vn -0.0415 0.1871 0.9815
vn -0.0295 0.2129 0.9766
vn -0.0024 0.2262 0.9741
vn -0.0298 0.2303 0.9727
vn 0.0147 0.2260 0.9740
vn 0.0341 0.2219 0.9745
vn 0.0558 0.2166 0.9747
vn 0.0786 0.2106 0.9744
vn 0.0982 0.2054 0.9737
vn 0.1187 0.1989 0.9728
vn 0.1351 0.1866 0.9731
vn 0.1346 0.2060 0.9693
vn 0.1473 0.1703 0.9743
vn 0.1566 0.1351 0.9784
vn 0.1788 0.0966 0.9791
vn 0.1412 -0.1230 0.9823
vn 0.1760 -0.1161 0.9775
vn 0.0764 -0.0574 0.9954
vn 0.1118 -0.0993 0.9888
vn 0.1080 -0.2180 0.9699
vn 0.1153 -0.2011 0.9728
vn 0.0993 -0.2185 0.9708
vn 0.0886 -0.2238 0.9706
vn 0.0729 -0.2299 0.9705
vn 0.0536 -0.2355 0.9704
vn 0.0324 -0.2401 0.9702
vn 0.0132 -0.2425 0.9701
vn -0.0014 -0.2424 0.9702
vn -0.0246 -0.2376 0.9711
vn -0.0445 -0.2258 0.9732
vn -0.0553 -0.2566 0.9649
vn -0.0466 -0.2139 0.9757
vn -0.0467 -0.1946 0.9798
vn -0.0420 -0.1744 0.9838
vn -0.0442 -0.0756 0.9962
vn -0.0315 -0.1313 0.9908
vn -0.0314 -0.2452 0.9690
vn -0.0576 -0.2481 0.9670
vn -0.1673 -0.0073 0.9859
vn -0.0397 -0.1467 0.9884
vn -0.0317 -0.2211 0.9747
vn -0.0685 0.2299 0.9708
vn 0.0956 -0.1270 0.9873
vn 0.1622 0.0408 0.9859
vn 0.1664 -0.0266 0.9857
vn -0.0673 -0.2160 0.9741
vn -0.1037 -0.0610 0.9927
vn -0.0829 0.0620 0.9946
vn -0.1262 0.0897 0.9879
vn -0.1129 0.0849 0.9900
vn -0.1302 0.0763 0.9885
vn -0.1136 0.0787 0.9904
vn -0.0900 0.0950 0.9914
vn -0.0631 0.0896 0.9940
vn -0.0733 0.0836 0.9938
vn -0.0603 0.1663 0.9842
vn -0.0657 0.1388 0.9881
vn -0.0415 0.1985 0.9792
vn -0.0472 0.1901 0.9806
vn -0.0344 0.2068 0.9778
vn -0.0262 0.2049 0.9784
vn -0.0165 0.2045 0.9787
vn -0.0078 0.2043 0.9789
vn -0.0016 0.2045 0.9789
vn 0.0156 0.1955 0.9806
vn -0.0019 0.0602 0.9982
vn 0.0136 0.1292 0.9915
vn -0.0020 0.1031 0.9947
vn -0.0150 0.1191 0.9928
vn -0.0254 0.1242 0.9919
vn -0.0209 0.1469 0.9889
vn -0.0069 0.2033 0.9791
vn 0.0417 0.1906 0.9808
vn 0.0076 0.1859 0.9825
vn 0.0548 0.1860 0.9810
vn 0.0714 0.1814 0.9808
vn 0.0861 0.1770 0.9804
vn 0.0930 0.1718 0.9807
vn 0.1043 0.1860 0.9770
vn 0.1008 0.1550 0.9828
vn 0.1157 0.1639 0.9797
vn 0.1201 0.1199 0.9855
vn 0.1423 0.0694 0.9874
vn 0.1634 -0.0927 0.9822
vn 0.0603 -0.0177 0.9980
vn 0.1055 -0.0542 0.9929
vn 0.1026 -0.1817 0.9780
vn 0.0753 -0.1745 0.9818
vn 0.0683 -0.1806 0.9812
vn 0.0574 -0.1860 0.9809
vn 0.0427 -0.1910 0.9807
vn 0.0265 -0.1949 0.9805
vn 0.0118 -0.1967 0.9804
vn 0.0002 -0.1962 0.9806
vn -0.0165 -0.1920 0.9813
vn -0.0374 -0.1691 0.9849
vn -0.0320 -0.1858 0.9821
vn -0.0389 -0.1505 0.9879
vn -0.0384 -0.1339 0.9902
vn -0.0308 -0.1068 0.9938
vn -0.0315 -0.0727 0.9969
vn -0.1025 0.0291 0.9943
vn -0.1521 0.0459 0.9873
vn -0.0556 0.2144 0.9752
vn -0.1004 0.1362 0.9856
vn -0.0570 -0.1002 0.9933
vn -0.0824 -0.1661 0.9827
vn 0.0740 -0.0868 0.9935
vn 0.0903 -0.1568 0.9835
vn -0.1316 0.0850 0.9877
vn 0.1483 -0.0783 0.9858
vn 0.1564 -0.0227 0.9874
vn -0.1307 0.0585 0.9897
vn -0.1294 0.0541 0.9901
vn -0.0913 0.0074 0.9958
vn -0.0758 0.0531 0.9957
vn -0.0942 0.0105 0.9955
vn -0.0524 0.0594 0.9969
vn -0.0729 0.0410 0.9965
vn -0.0491 0.0985 0.9939
vn -0.0442 0.1377 0.9895
vn -0.0286 0.1672 0.9855
vn -0.0333 0.1627 0.9861
vn -0.0264 0.1684 0.9854
vn -0.0292 0.1849 0.9823
vn -0.0195 0.1680 0.9856
vn -0.0146 0.1658 0.9860
vn 0.0048 0.1523 0.9883
vn 0.0061 0.1744 0.9847
vn -0.0084 0.0198 0.9998
vn 0.0013 0.0909 0.9959
vn 0.0047 0.0533 0.9986
vn 0.0013 0.0751 0.9972
vn -0.0067 0.0923 0.9957
vn -0.0024 0.0841 0.9965
vn 0.0087 0.1140 0.9934
vn 0.0507 0.1587 0.9860
vn 0.0217 0.1632 0.9864
vn 0.0622 0.1557 0.9858
vn 0.0784 0.1444 0.9864
vn 0.0840 0.1535 0.9846
vn 0.0944 0.1516 0.9839
vn 0.0904 0.1028 0.9906
vn 0.1149 0.0506 0.9921
vn 0.1390 -0.0303 0.9898
vn 0.0424 0.0217 0.9989
vn 0.0920 -0.0128 0.9957
vn 0.0560 -0.1379 0.9889
vn 0.0710 -0.1244 0.9897
vn 0.0510 -0.1407 0.9887
vn 0.0441 -0.1447 0.9885
vn 0.0334 -0.1492 0.9882
vn 0.0215 -0.1527 0.9880
vn 0.0107 -0.1544 0.9879
vn 0.0026 -0.1542 0.9880
vn -0.0089 -0.1516 0.9884
vn -0.0279 -0.1299 0.9911
vn -0.0204 -0.1437 0.9894
vn -0.0315 -0.1117 0.9932
vn -0.0311 -0.0940 0.9951
vn -0.0292 -0.0614 0.9977
vn -0.0350 -0.0270 0.9990
vn 0.0193 0.1486 0.9887
vn -0.0300 0.1686 0.9852
vn 0.1411 -0.0024 0.9900
vn -0.0747 -0.0483 0.9960
vn 0.0540 -0.0491 0.9973
vn -0.0622 -0.0542 0.9966
vn -0.0860 -0.1146 0.9897
vn -0.0684 -0.0035 0.9976
vn -0.0631 0.0408 0.9972
vn -0.0372 0.1102 0.9932
vn -0.0420 0.0737 0.9964
vn -0.0256 0.1352 0.9905
vn -0.0229 0.1477 0.9888
vn -0.0251 0.1321 0.9909
vn -0.0074 0.1264 0.9920
vn -0.0131 -0.0216 0.9997
vn -0.0067 0.0497 0.9987
vn 0.0047 0.0089 0.9999
vn 0.0087 0.0343 0.9994
vn 0.0116 0.0522 0.9986
vn 0.0123 0.0490 0.9987
vn 0.0152 0.0593 0.9981
vn 0.0125 0.0689 0.9975
vn 0.0355 0.1393 0.9896
vn 0.0678 0.1358 0.9884
vn 0.0638 0.0914 0.9938
vn 0.0444 0.1165 0.9922
vn 0.0930 0.0375 0.9950
vn 0.1205 0.0072 0.9927
vn 0.0687 0.0258 0.9973
vn 0.0277 0.0659 0.9974
vn 0.0607 -0.1051 0.9926
vn 0.0326 -0.0986 0.9946
vn 0.0326 -0.1038 0.9941
vn 0.0255 -0.1093 0.9937
vn 0.0173 -0.1125 0.9935
vn 0.0102 -0.1139 0.9934
vn 0.0049 -0.1137 0.9935
vn -0.0018 -0.1120 0.9937
vn -0.0175 -0.0928 0.9955
vn -0.0090 -0.1051 0.9944
vn -0.0246 -0.0782 0.9966
vn -0.0271 -0.0501 0.9984
vn -0.0274 -0.0178 0.9995
vn -0.0460 0.0227 0.9987
vn -0.0819 -0.0074 0.9966
vn 0.0484 0.1282 0.9906
vn 0.0373 -0.0174 0.9992
vn 0.0462 -0.0820 0.9956
vn -0.0702 -0.0623 0.9956
vn -0.0698 -0.0283 0.9972
vn -0.0193 0.0787 0.9967
vn -0.0178 0.0931 0.9955
vn -0.0257 0.1126 0.9933
vn -0.0077 0.1085 0.9941
vn -0.0196 0.0314 0.9993
vn -0.0159 -0.0022 0.9999
vn 0.0122 -0.0103 0.9999
vn 0.0262 0.0035 0.9997
vn 0.0334 0.0222 0.9992
vn 0.0473 0.0581 0.9972
vn 0.0339 0.0856 0.9958
vn 0.0413 0.0943 0.9947
vn 0.0848 0.0175 0.9962
vn 0.0763 0.0567 0.9955
vn 0.0320 -0.0624 0.9975
vn 0.0438 -0.0525 0.9977
vn 0.0278 -0.0673 0.9973
vn 0.0206 -0.0720 0.9972
vn 0.0145 -0.0756 0.9970
vn 0.0091 -0.0776 0.9969
vn 0.0054 -0.0776 0.9970
vn 0.0030 -0.0776 0.9970
vn -0.0035 -0.0496 0.9988
vn 0.0007 -0.0713 0.9975
vn -0.0181 -0.0612 0.9980
vn -0.0237 -0.0518 0.9984
vn -0.0170 0.0106 0.9998
vn -0.0328 0.0328 0.9989
vn -0.0142 0.1000 0.9949
vn 0.0625 0.0767 0.9951
vn 0.0545 0.0634 0.9965
vn -0.0211 0.0492 0.9986
vn 0.0648 0.0667 0.9957
vn 0.0325 -0.0408 0.9986
vn 0.0206 -0.0389 0.9990
vn 0.0158 -0.0422 0.9990
vn 0.0112 -0.0435 0.9990
vn 0.0089 -0.0450 0.9989
vn 0.0083 -0.0465 0.9989
vn 0.0079 -0.0447 0.9990
vn 0.0262 -0.0289 0.9992
vn -0.6588 0.7524 0.0001
vn 0.2203 -0.2922 0.9306
vn -0.0970 -0.1502 0.9839
vn -0.0653 -0.1883 0.9799
vn -0.0522 -0.0317 0.9981
vn -0.0591 0.0098 0.9982
vn -0.0509 0.0159 0.9986
vn -0.0196 -0.0085 0.9998
vn -0.0000 -0.0000 -1.0000
vn 0.0003 -0.0000 -1.0000
vn 0.7941 -0.6078 -0.0000
vn 0.7938 -0.6082 -0.0000
vn 0.6764 -0.7366 -0.0000
vn 0.6060 -0.7955 -0.0000
vn 0.4302 -0.9027 -0.0000
vn 0.3236 -0.9462 -0.0000
vn 0.0311 -0.9995 -0.0000
vn -0.0417 -0.9991 -0.0000
vn -0.2112 -0.9774 -0.0000
vn -0.3054 -0.9522 -0.0000
vn -0.4019 -0.9157 -0.0000
vn -0.5014 -0.8652 -0.0000
vn -0.6009 -0.7993 -0.0000
vn -0.7746 -0.6325 -0.0000
vn -0.8333 -0.5527 -0.0000
vn -0.8551 -0.5184 -0.0000
vn 0.3161 -0.9487 -0.0000
vn 0.2316 -0.9728 -0.0000
vn 0.0676 -0.9977 -0.0000
vn -0.1725 -0.9850 -0.0000
vn -0.2833 -0.9590 -0.0000
vn -0.3841 -0.9233 -0.0000
vn -0.4782 -0.8782 -0.0000
vn -0.5694 -0.8221 -0.0000
vn -0.6612 -0.7502 -0.0000
vn -0.7437 -0.6686 -0.0000
vn -0.8047 -0.5937 -0.0000
vn -0.9110 -0.4123 -0.0000
vn -0.9514 -0.3079 -0.0000
vn -0.9514 -0.3080 -0.0000
vn -0.9775 -0.2108 -0.0000
vn -0.9993 -0.0384 -0.0000
vn -0.9992 0.0390 -0.0000
vn -0.9937 0.1118 -0.0000
vn -0.9833 0.1822 -0.0000
vn -0.9833 0.1819 -0.0000
vn -0.9680 0.2510 -0.0000
vn -0.9474 0.3202 -0.0000
vn -0.9201 0.3917 -0.0000
vn -0.8840 0.4674 -0.0000
vn -0.8840 0.4675 -0.0000
vn -0.7642 0.6449 -0.0000
vn -0.6807 0.7325 -0.0000
vn -0.5880 0.8089 -0.0000
vn -0.3840 0.9234 -0.0000
vn -0.0806 0.9967 -0.0000
vn -0.0422 0.9991 -0.0000
vn -0.9981 0.0615 -0.0000
vn -0.9945 0.1044 -0.0000
vn -0.9593 0.2822 -0.0000
vn -0.9281 0.3725 -0.0000
vn -0.9280 0.3725 -0.0000
vn -0.8878 0.4602 -0.0000
vn -0.8398 0.5429 -0.0000
vn -0.7854 0.6191 -0.0000
vn -0.7265 0.6872 -0.0000
vn -0.6042 0.7969 -0.0000
vn -0.5300 0.8480 -0.0000
vn -0.4328 0.9015 -0.0000
vn -0.2367 0.9716 -0.0000
vn -0.1365 0.9906 -0.0000
vn -0.0389 0.9992 -0.0000
vn 0.0639 0.9980 -0.0000
vn 0.1799 0.9837 -0.0000
vn 0.2816 0.9595 -0.0000
vn 0.3601 0.9329 -0.0000
vn 0.4188 0.9081 -0.0000
vn 0.4058 0.9140 -0.0000
vn 0.3059 0.9521 -0.0000
vn 0.0221 0.9998 -0.0000
vn -0.2176 0.9760 -0.0000
vn -0.4448 0.8956 -0.0000
vn -0.4446 0.8957 -0.0000
vn -0.7137 0.7004 -0.0000
vn -0.7818 0.6236 -0.0000
vn -0.7406 0.6719 -0.0000
vn -0.6264 0.7795 -0.0000
vn -0.5444 0.8388 -0.0000
vn -0.4792 0.8777 -0.0000
vn -0.3991 0.9169 -0.0000
vn -0.2914 0.9566 -0.0000
vn 0.0464 0.9989 -0.0000
vn 0.1401 0.9901 -0.0000
vn 0.2330 0.9725 -0.0000
vn 0.4267 0.9044 -0.0000
vn 0.5717 0.8205 -0.0000
vn 0.5714 0.8207 -0.0000
vn 0.6855 0.7281 -0.0000
vn 0.6859 0.7277 -0.0000
vn -0.3172 0.9484 -0.0000
vn -0.3698 0.9291 -0.0000
vn -0.5287 0.8488 -0.0000
vn -0.6668 0.7452 -0.0000
vn -0.6667 0.7453 -0.0000
vn -0.7034 0.7107 -0.0000
vn -0.6588 0.7523 -0.0000
vn -0.4662 0.8847 -0.0000
vn -0.3858 0.9226 -0.0000
vn -0.3167 0.9485 -0.0000
vn -0.2316 0.9728 -0.0000
vn -0.1180 0.9930 -0.0000
vn 0.2089 0.9779 -0.0000
vn 0.2991 0.9542 -0.0000
vn 0.3844 0.9232 -0.0000
vn 0.6446 0.7646 -0.0000
vn 0.7237 0.6902 -0.0000
vn 0.7842 0.6205 -0.0000
vn 0.8388 0.5444 -0.0000
vn 0.8895 0.4570 -0.0000
vn 0.9310 0.3651 -0.0000
vn 0.9202 0.3914 -0.0000
vn 0.8074 0.5901 -0.0000
vn -0.5990 0.8007 -0.0000
vn -0.5193 0.8546 -0.0000
vn -0.3597 0.9331 -0.0000
vn -0.2174 0.9761 -0.0000
vn -0.0967 0.9953 -0.0000
vn 0.0040 1.0000 -0.0000
vn 0.1048 0.9945 -0.0000
vn 0.2192 0.9757 -0.0000
vn 0.3309 0.9437 -0.0000
vn 0.5809 0.8140 -0.0000
vn 0.6581 0.7529 -0.0000
vn 0.7231 0.6907 -0.0000
vn 0.8312 0.5560 -0.0000
vn 0.8314 0.5557 -0.0000
vn 0.8923 0.4514 -0.0000
vn 0.9773 0.2119 -0.0000
vn 0.9924 0.1234 -0.0000
vn 0.9989 0.0471 -0.0000
vn 0.9994 -0.0335 -0.0000
vn 0.9188 -0.3946 -0.0000
vn 0.8728 -0.4881 -0.0000
vn 0.8278 -0.5610 -0.0000
vn 0.7833 -0.6216 -0.0000
vn 0.7833 -0.6217 -0.0000
vn 0.7310 -0.6823 -0.0000
vn 0.6710 -0.7414 -0.0000
vn 0.6036 -0.7973 -0.0000
vn 0.5300 -0.8480 -0.0000
vn 0.4515 -0.8923 -0.0000
vn 0.2879 -0.9577 -0.0000
vn 0.2063 -0.9785 -0.0000
vn 0.1279 -0.9918 -0.0000
vn 0.0534 -0.9986 -0.0000
vn 0.0170 -0.9999 -0.0000
vn 0.9479 -0.3185 -0.0000
vn 0.9250 -0.3799 -0.0000
vn 0.8725 -0.4887 -0.0000
vn 0.8173 -0.5762 -0.0000
vn 0.7048 -0.7094 -0.0000
vn 0.5871 -0.8095 -0.0000
vn 0.5872 -0.8095 -0.0000
vn 0.5241 -0.8516 -0.0000
vn 0.4566 -0.8897 -0.0000
vn 0.2142 -0.9768 -0.0000
vn 0.0100 -1.0000 -0.0000
vn -0.1047 -0.9945 -0.0000
vn -0.1847 -0.9828 -0.0000
vn -0.1239 -0.9923 -0.0000
vn 0.8048 -0.5936 -0.0000
vn 0.7755 -0.6314 -0.0000
vn 0.7168 -0.6973 -0.0000
vn 0.6497 -0.7602 -0.0000
vn 0.3150 -0.9491 -0.0000
vn 0.1451 -0.9894 -0.0000
vn 0.0477 -0.9989 -0.0000
vn -0.2914 -0.9566 -0.0000
vn -0.3927 -0.9197 -0.0000
vn -0.4564 -0.8898 -0.0000
vn -0.3860 -0.9225 -0.0000
vn -0.2983 -0.9545 -0.0000
vn -0.2476 -0.9689 -0.0000
vn -0.2479 -0.9688 -0.0000
vn 0.0154 -0.0000 -0.9999
vn 0.0012 -0.0000 -1.0000
vn -0.0003 -0.0000 -1.0000
vn 0.0010 -0.0000 -1.0000
vn -0.0037 -0.0000 -1.0000
vn 0.0006 -0.0000 -1.0000
vn -0.0007 -0.0000 -1.0000
vn 0.0038 -0.0000 -1.0000
vn 0.0146 -0.0000 -0.9999
vn 0.0004 -0.0000 -1.0000
vn 0.0043 -0.0000 -1.0000
vn 0.0013 -0.0000 -1.0000
vn -0.0015 -0.0000 -1.0000
vn -0.0083 -0.0000 -1.0000
vn 0.0007 -0.0000 -1.0000
vn 0.0015 -0.0000 -1.0000
vn 0.0011 -0.0000 -1.0000
vn -0.0016 -0.0000 -1.0000
vn 0.0017 -0.0000 -1.0000
vn -0.0013 -0.0000 -1.0000
vn 0.0128 -0.0000 -0.9999
vn -0.0051 -0.0000 -1.0000
vn -0.0074 -0.0000 -1.0000
vn -0.0006 -0.0000 -1.0000
vn 0.0063 -0.0000 -1.0000
vn 0.0049 -0.0000 -1.0000
vn -0.0012 -0.0000 -1.0000
vt 0.926349 0.486895
vt 0.927211 0.493749
vt 0.916807 0.487966
vt 0.925362 0.480642
vt 0.915878 0.482005
vt 0.948245 0.949173
vt 0.946995 0.955288
vt 0.938699 0.947653
vt 0.950550 0.936001
vt 0.940901 0.934629
vt 0.952549 0.922521
vt 0.942905 0.921392
vt 0.954254 0.908665
vt 0.944602 0.907948
vt 0.955678 0.894354
vt 0.945949 0.894256
vt 0.946872 0.880375
vt 0.956832 0.879530
vt 0.946822 0.866559
vt 0.957728 0.864111
vt 0.941451 0.853802
vt 0.958083 0.856158
vt 0.920388 0.457808
vt 0.920456 0.473750
vt 0.909852 0.456472
vt 0.920599 0.418286
vt 0.910543 0.417680
vt 0.910507 0.406742
vt 0.920419 0.406797
vt 0.910195 0.396746
vt 0.920060 0.396470
vt 0.919526 0.386598
vt 0.909659 0.387265
vt 0.917981 0.368265
vt 0.908037 0.368932
vt 0.905918 0.352743
vt 0.915886 0.351880
vt 0.968639 0.187463
vt 0.958649 0.186411
vt 0.969838 0.172424
vt 0.967848 0.203719
vt 0.957831 0.202714
vt 0.967421 0.220694
vt 0.957424 0.219668
vt 0.957403 0.236787
vt 0.967356 0.237802
vt 0.957746 0.253571
vt 0.967586 0.254524
vt 0.968013 0.270508
vt 0.958428 0.269514
vt 0.968275 0.277578
vt 0.958889 0.277021
vt 0.959425 0.284132
vt 0.968629 0.284217
vt 0.959995 0.290213
vt 0.969065 0.289526
vt 0.969663 0.294866
vt 0.960681 0.296257
vt 0.970422 0.300299
vt 0.961470 0.302218
vt 0.971297 0.305740
vt 0.962345 0.308047
vt 0.972253 0.311102
vt 0.963291 0.313695
vt 0.973259 0.316304
vt 0.964295 0.319118
vt 0.974292 0.321268
vt 0.965341 0.324262
vt 0.975329 0.325922
vt 0.966414 0.329083
vt 0.967499 0.333530
vt 0.976376 0.330223
vt 0.800538 0.485239
vt 0.801144 0.480642
vt 0.809878 0.486421
vt 0.800022 0.489956
vt 0.809382 0.490819
vt 0.799604 0.494727
vt 0.809018 0.495127
vt 0.799291 0.499483
vt 0.808829 0.499147
vt 0.798686 0.514102
vt 0.808452 0.513444
vt 0.808240 0.528511
vt 0.798431 0.529505
vt 0.808354 0.544252
vt 0.798536 0.545587
vt 0.808828 0.560553
vt 0.799017 0.562232
vt 0.809684 0.577301
vt 0.799885 0.579338
vt 0.810953 0.594334
vt 0.801153 0.596792
vt 0.812733 0.611366
vt 0.802833 0.614482
vt 0.815532 0.627753
vt 0.804939 0.632300
vt 0.824306 0.639954
vt 0.806156 0.641224
vt 0.929289 0.976275
vt 0.918616 0.976040
vt 0.931004 0.965601
vt 0.938788 0.976275
vt 0.939448 0.966203
vt 0.801714 0.665162
vt 0.802965 0.656770
vt 0.811362 0.667039
vt 0.800678 0.673931
vt 0.810290 0.675357
vt 0.809448 0.684087
vt 0.799851 0.683041
vt 0.808832 0.693129
vt 0.799222 0.692465
vt 0.808417 0.702470
vt 0.798781 0.702172
vt 0.808190 0.712090
vt 0.798521 0.712133
vt 0.808136 0.721969
vt 0.798431 0.722313
vt 0.808243 0.732086
vt 0.798501 0.732684
vt 0.798724 0.743222
vt 0.808519 0.742205
vt 0.799589 0.764650
vt 0.809472 0.763554
vt 0.810811 0.785268
vt 0.800950 0.786357
vt 0.802734 0.808100
vt 0.812320 0.807252
vt 0.803361 0.814196
vt 0.812710 0.812644
vt 0.813308 0.817870
vt 0.804092 0.819994
vt 0.804909 0.825484
vt 0.814077 0.822832
vt 0.806727 0.835515
vt 0.815990 0.832707
vt 0.893143 0.629078
vt 0.883355 0.629586
vt 0.893414 0.619016
vt 0.893148 0.638893
vt 0.883159 0.639958
vt 0.893640 0.651482
vt 0.883127 0.653382
vt 0.895294 0.662138
vt 0.883223 0.665466
vt 0.896194 0.664895
vt 0.883200 0.668176
vt 0.869172 0.017446
vt 0.855420 0.020066
vt 0.867200 0.014449
vt 0.869751 0.022310
vt 0.855553 0.021227
vt 0.855601 0.024369
vt 0.868111 0.027762
vt 0.855558 0.027390
vt 0.867034 0.031273
vt 0.855329 0.036236
vt 0.865285 0.038858
vt 0.865049 0.040879
vt 0.855363 0.039278
vt 0.866055 0.060465
vt 0.856115 0.060493
vt 0.856916 0.076895
vt 0.866826 0.076532
vt 0.857962 0.093297
vt 0.867769 0.092617
vt 0.859122 0.107361
vt 0.868835 0.106088
vt 0.870731 0.123098
vt 0.861014 0.124753
vt 0.873106 0.140095
vt 0.863341 0.141896
vt 0.875810 0.156618
vt 0.866007 0.158390
vt 0.878681 0.171962
vt 0.868913 0.173830
vt 0.960407 0.854129
vt 0.961942 0.838585
vt 0.970310 0.854692
vt 0.959224 0.869999
vt 0.969066 0.870317
vt 0.968238 0.885596
vt 0.958436 0.885696
vt 0.968126 0.892415
vt 0.958203 0.893322
vt 0.958083 0.900722
vt 0.968356 0.898774
vt 0.958083 0.907828
vt 0.969140 0.904237
vt 0.974580 0.913149
vt 0.958206 0.914580
vt 0.838043 0.697091
vt 0.837870 0.694976
vt 0.851646 0.697777
vt 0.851327 0.699491
vt 0.838066 0.697461
vt 0.838087 0.698917
vt 0.850307 0.701954
vt 0.848406 0.724920
vt 0.847779 0.750123
vt 0.837979 0.724102
vt 0.847900 0.764108
vt 0.838148 0.764011
vt 0.848467 0.779174
vt 0.838788 0.779447
vt 0.848930 0.786766
vt 0.839279 0.787528
vt 0.839969 0.796731
vt 0.849642 0.795757
vt 0.840771 0.805700
vt 0.850451 0.804331
vt 0.842677 0.822865
vt 0.852426 0.821398
vt 0.854711 0.837388
vt 0.844924 0.838912
vt 0.857257 0.852139
vt 0.847441 0.853729
vt 0.863065 0.662278
vt 0.872937 0.663703
vt 0.860526 0.676343
vt 0.865383 0.647491
vt 0.875270 0.648807
vt 0.867470 0.632368
vt 0.877326 0.633609
vt 0.879079 0.618483
vt 0.869270 0.617351
vt 0.880505 0.603811
vt 0.870792 0.602854
vt 0.881477 0.591299
vt 0.871812 0.590831
vt 0.872400 0.579687
vt 0.882126 0.579620
vt 0.872812 0.567762
vt 0.882606 0.567332
vt 0.883032 0.548774
vt 0.873234 0.549368
vt 0.883127 0.531466
vt 0.873446 0.532598
vt 0.873350 0.529930
vt 0.883073 0.527743
vt 0.871429 0.511134
vt 0.882419 0.508494
vt 0.882405 0.504684
vt 0.870511 0.506358
vt 0.864858 0.492956
vt 0.882495 0.500947
vt 0.971813 0.671889
vt 0.971330 0.677909
vt 0.962171 0.666838
vt 0.962929 0.663144
vt 0.972085 0.665779
vt 0.963183 0.658662
vt 0.972164 0.659643
vt 0.963082 0.653581
vt 0.972073 0.653542
vt 0.962742 0.648144
vt 0.971832 0.647545
vt 0.971460 0.641718
vt 0.962240 0.642755
vt 0.971991 0.813801
vt 0.969680 0.825012
vt 0.962940 0.810733
vt 0.964929 0.799114
vt 0.974059 0.801935
vt 0.966731 0.787826
vt 0.975752 0.790561
vt 0.967414 0.783187
vt 0.976416 0.785417
vt 0.976937 0.780828
vt 0.967874 0.779244
vt 0.968392 0.773248
vt 0.977556 0.774286
vt 0.968819 0.766695
vt 0.978098 0.767319
vt 0.969171 0.759655
vt 0.978556 0.760003
vt 0.978929 0.752410
vt 0.969420 0.752464
vt 0.979396 0.736698
vt 0.969730 0.736800
vt 0.969762 0.721152
vt 0.979460 0.720790
vt 0.969410 0.705750
vt 0.979085 0.705288
vt 0.969094 0.698692
vt 0.978722 0.697877
vt 0.978234 0.690793
vt 0.968635 0.691793
vt 0.977618 0.684112
vt 0.968065 0.685337
vt 0.976869 0.677909
vt 0.967371 0.679361
vt 0.837164 0.474363
vt 0.835349 0.480642
vt 0.827816 0.472186
vt 0.838905 0.467435
vt 0.829490 0.465558
vt 0.840561 0.459840
vt 0.831025 0.458398
vt 0.833524 0.445151
vt 0.843008 0.446612
vt 0.834613 0.438648
vt 0.844095 0.439773
vt 0.845079 0.432788
vt 0.835606 0.431898
vt 0.845954 0.425662
vt 0.836484 0.425071
vt 0.846712 0.418396
vt 0.837236 0.418168
vt 0.847346 0.410994
vt 0.837851 0.411176
vt 0.847849 0.403454
vt 0.838322 0.404077
vt 0.848213 0.395786
vt 0.838635 0.396860
vt 0.838798 0.389541
vt 0.848431 0.387989
vt 0.838769 0.382106
vt 0.848497 0.380067
vt 0.838507 0.374597
vt 0.848401 0.372022
vt 0.837926 0.367097
vt 0.848136 0.363859
vt 0.836818 0.359777
vt 0.847697 0.355580
vt 0.830750 0.347444
vt 0.847074 0.347186
vt 0.848248 0.342005
vt 0.837931 0.337528
vt 0.839534 0.332667
vt 0.849380 0.335938
vt 0.840814 0.326731
vt 0.850457 0.329088
vt 0.841880 0.319870
vt 0.851463 0.321562
vt 0.842799 0.312258
vt 0.852385 0.313474
vt 0.843603 0.304078
vt 0.853208 0.304932
vt 0.844297 0.295483
vt 0.853917 0.296050
vt 0.854498 0.286938
vt 0.844864 0.286626
vt 0.854936 0.277701
vt 0.845308 0.277644
vt 0.855218 0.268456
vt 0.845611 0.268675
vt 0.855329 0.259308
vt 0.845758 0.259846
vt 0.855253 0.250372
vt 0.845727 0.251272
vt 0.854978 0.241755
vt 0.845490 0.243073
vt 0.854488 0.233572
vt 0.845014 0.235350
vt 0.853769 0.225925
vt 0.844226 0.228193
vt 0.842989 0.221592
vt 0.852806 0.218934
vt 0.882600 0.871513
vt 0.870152 0.872988
vt 0.882600 0.853729
vt 0.833577 0.196592
vt 0.849331 0.198104
vt 0.837945 0.203995
vt 0.850265 0.191435
vt 0.839356 0.187258
vt 0.840823 0.181350
vt 0.851132 0.184083
vt 0.851929 0.176113
vt 0.841859 0.174566
vt 0.853295 0.158563
vt 0.843306 0.157868
vt 0.844299 0.139041
vt 0.854336 0.139301
vt 0.844936 0.118788
vt 0.855023 0.118847
vt 0.845222 0.097780
vt 0.855329 0.097713
vt 0.855224 0.076423
vt 0.845113 0.076599
vt 0.854681 0.055488
vt 0.844599 0.055795
vt 0.853671 0.035430
vt 0.843640 0.035888
vt 0.852166 0.016761
vt 0.842182 0.017320
vt 0.850137 0.000000
vt 0.840130 0.000803
vt 0.968419 0.950939
vt 0.958329 0.951023
vt 0.969996 0.920452
vt 0.958083 0.961367
vt 0.968140 0.960722
vt 0.968520 0.965723
vt 0.958122 0.967367
vt 0.969856 0.974458
vt 0.958283 0.976989
vt 0.970548 0.977611
vt 0.958284 0.980114
vt 0.971301 0.980529
vt 0.958224 0.983095
vt 0.910655 0.597068
vt 0.927515 0.600042
vt 0.915386 0.604030
vt 0.928138 0.594663
vt 0.917075 0.589585
vt 0.918273 0.585297
vt 0.928674 0.588570
vt 0.919086 0.579818
vt 0.929117 0.581854
vt 0.929468 0.574606
vt 0.919587 0.573603
vt 0.929876 0.558902
vt 0.920047 0.558579
vt 0.920053 0.542283
vt 0.929876 0.542212
vt 0.929446 0.525286
vt 0.919620 0.525605
vt 0.918815 0.509259
vt 0.928565 0.508880
vt 0.918276 0.501780
vt 0.927948 0.501107
vt 0.917599 0.494583
vt 0.907920 0.490269
vt 0.907077 0.484814
vt 0.937604 0.953316
vt 0.930009 0.945104
vt 0.932099 0.932481
vt 0.934014 0.919822
vt 0.935589 0.907201
vt 0.936721 0.894564
vt 0.937227 0.881936
vt 0.936405 0.869287
vt 0.928967 0.847258
vt 0.903698 0.473941
vt 0.899497 0.454974
vt 0.900973 0.416909
vt 0.901047 0.406789
vt 0.900797 0.397416
vt 0.900295 0.388617
vt 0.898642 0.370801
vt 0.896511 0.355107
vt 0.977945 0.190731
vt 0.979065 0.175896
vt 0.977184 0.206870
vt 0.976729 0.223782
vt 0.976581 0.240791
vt 0.976638 0.257261
vt 0.976784 0.272895
vt 0.976898 0.279170
vt 0.977114 0.284965
vt 0.977408 0.289127
vt 0.977860 0.293368
vt 0.978492 0.297904
vt 0.979269 0.302628
vt 0.980151 0.307425
vt 0.981098 0.312173
vt 0.982077 0.316760
vt 0.983060 0.321086
vt 0.984046 0.325071
vt 0.810472 0.482062
vt 0.818409 0.488832
vt 0.817998 0.492670
vt 0.817722 0.496280
vt 0.817614 0.499386
vt 0.817431 0.513017
vt 0.817322 0.527378
vt 0.817478 0.542408
vt 0.817964 0.557992
vt 0.818819 0.573979
vt 0.820118 0.590160
vt 0.822059 0.606108
vt 0.825435 0.621114
vt 0.837870 0.639802
vt 0.814712 0.651894
vt 0.824347 0.657299
vt 0.939480 0.956447
vt 0.812769 0.659168
vt 0.820370 0.671162
vt 0.819218 0.678788
vt 0.818359 0.686814
vt 0.817754 0.695161
vt 0.817367 0.703823
vt 0.817174 0.712807
vt 0.817158 0.722110
vt 0.817301 0.731725
vt 0.817611 0.741218
vt 0.818627 0.762286
vt 0.819893 0.783798
vt 0.821133 0.805747
vt 0.821400 0.810179
vt 0.821865 0.814515
vt 0.822494 0.818566
vt 0.824367 0.827711
vt 0.902445 0.628770
vt 0.902507 0.619586
vt 0.902723 0.637759
vt 0.903753 0.649537
vt 0.906102 0.660158
vt 0.907262 0.663968
vt 0.880130 0.012728
vt 0.877127 0.007958
vt 0.881257 0.022152
vt 0.878779 0.031129
vt 0.877285 0.035679
vt 0.875162 0.042351
vt 0.872623 0.041489
vt 0.875581 0.061255
vt 0.876193 0.076742
vt 0.877017 0.092226
vt 0.877975 0.104786
vt 0.879810 0.120992
vt 0.882166 0.137450
vt 0.884844 0.153602
vt 0.887647 0.168612
vt 0.971879 0.839273
vt 0.979618 0.856017
vt 0.978424 0.871046
vt 0.977819 0.885419
vt 0.977966 0.891235
vt 0.978522 0.896585
vt 0.979541 0.900997
vt 0.987401 0.915831
vt 0.853584 0.691564
vt 0.863213 0.697609
vt 0.862779 0.700993
vt 0.861439 0.705147
vt 0.858464 0.727366
vt 0.857207 0.752577
vt 0.857151 0.765414
vt 0.857610 0.779616
vt 0.858022 0.786413
vt 0.858714 0.794907
vt 0.859495 0.802832
vt 0.861512 0.819488
vt 0.863786 0.834989
vt 0.866325 0.849441
vt 0.853944 0.659858
vt 0.851481 0.673628
vt 0.856237 0.645316
vt 0.858341 0.630435
vt 0.860187 0.615719
vt 0.861756 0.601695
vt 0.862761 0.590525
vt 0.863308 0.580264
vt 0.863675 0.569019
vt 0.864053 0.551135
vt 0.864141 0.535227
vt 0.864037 0.533632
vt 0.861148 0.514444
vt 0.859887 0.507882
vt 0.852626 0.480642
vt 0.952278 0.676260
vt 0.952771 0.661193
vt 0.953403 0.659416
vt 0.953860 0.656713
vt 0.954020 0.653098
vt 0.953884 0.648779
vt 0.953518 0.644369
vt 0.960959 0.631881
vt 0.952278 0.634188
vt 0.957007 0.794198
vt 0.955148 0.805132
vt 0.958763 0.783482
vt 0.959331 0.779664
vt 0.959678 0.776637
vt 0.960091 0.771546
vt 0.960415 0.765742
vt 0.960663 0.759290
vt 0.960808 0.752803
vt 0.960950 0.737542
vt 0.960906 0.722429
vt 0.960555 0.707348
vt 0.960275 0.700800
vt 0.959853 0.694226
vt 0.959331 0.688106
vt 0.958698 0.682488
vt 0.826047 0.478231
vt 0.819428 0.468534
vt 0.820989 0.462403
vt 0.822398 0.455869
vt 0.824890 0.442925
vt 0.825911 0.437030
vt 0.826861 0.430776
vt 0.827691 0.424537
vt 0.828383 0.418307
vt 0.828932 0.412057
vt 0.829327 0.405756
vt 0.829550 0.399371
vt 0.829602 0.392896
vt 0.829428 0.386307
vt 0.828962 0.379642
vt 0.828092 0.372979
vt 0.826605 0.366447
vt 0.818110 0.348182
vt 0.828755 0.331544
vt 0.830265 0.327789
vt 0.831611 0.322885
vt 0.832765 0.316941
vt 0.833743 0.310121
vt 0.834576 0.302617
vt 0.835284 0.294614
vt 0.835856 0.286302
vt 0.836306 0.277860
vt 0.836620 0.269452
vt 0.836778 0.261238
vt 0.836753 0.253359
vt 0.836510 0.245931
vt 0.836001 0.239072
vt 0.835149 0.232851
vt 0.833773 0.227008
vt 0.827301 0.209410
vt 0.820712 0.197146
vt 0.829208 0.182403
vt 0.830783 0.177518
vt 0.831963 0.171875
vt 0.833646 0.156476
vt 0.834672 0.138557
vt 0.835286 0.118828
vt 0.835553 0.098165
vt 0.835445 0.077263
vt 0.834962 0.056754
vt 0.834061 0.037208
vt 0.832668 0.019152
vt 0.830651 0.003232
vt 0.978165 0.951715
vt 0.979645 0.921315
vt 0.978137 0.960463
vt 0.978686 0.964580
vt 0.980651 0.973223
vt 0.981657 0.977003
vt 0.982671 0.980677
vt 0.897400 0.596126
vt 0.904455 0.607756
vt 0.907076 0.583499
vt 0.908230 0.580453
vt 0.909211 0.576176
vt 0.909884 0.571191
vt 0.910619 0.557447
vt 0.910740 0.542077
vt 0.910381 0.526040
vt 0.909681 0.510122
vt 0.909227 0.503193
vt 0.908629 0.496419
vt 0.899597 0.493600
vt 0.898865 0.488818
vt 0.929046 0.950162
vt 0.922061 0.941579
vt 0.924004 0.929592
vt 0.925743 0.917783
vt 0.927097 0.906233
vt 0.927942 0.894814
vt 0.928092 0.883375
vt 0.927008 0.871418
vt 0.918504 0.838585
vt 0.890462 0.479260
vt 0.889802 0.454222
vt 0.891887 0.416393
vt 0.892045 0.407173
vt 0.891864 0.398571
vt 0.891423 0.390646
vt 0.889802 0.373711
vt 0.703329 0.097325
vt 0.710425 0.096311
vt 0.708588 0.116602
vt 0.695673 0.078739
vt 0.702721 0.077012
vt 0.685964 0.061347
vt 0.693009 0.059017
vt 0.985264 0.228576
vt 0.985768 0.211882
vt 0.984997 0.245290
vt 0.984856 0.261217
vt 0.984739 0.276109
vt 0.984744 0.281350
vt 0.984854 0.286075
vt 0.985020 0.288861
vt 0.985308 0.291771
vt 0.985768 0.295178
vt 0.614623 0.007286
vt 0.614273 -0.000000
vt 0.618708 0.007446
vt 0.610136 0.007454
vt 0.608907 0.000205
vt 0.605398 0.007988
vt 0.603397 0.000857
vt 0.600570 0.008897
vt 0.597870 0.001947
vt 0.595800 0.010157
vt 0.592449 0.003447
vt 0.587259 0.005269
vt 0.591241 0.011687
vt 0.582435 0.007366
vt 0.587066 0.013420
vt 0.578103 0.009619
vt 0.583433 0.015226
vt 0.574376 0.011895
vt 0.580479 0.016952
vt 0.571442 0.013981
vt 0.578486 0.018311
vt 0.560289 0.023910
vt 0.567832 0.027395
vt 0.825646 0.526252
vt 0.825623 0.512936
vt 0.825878 0.540243
vt 0.826405 0.554776
vt 0.827293 0.569700
vt 0.883320 0.886759
vt 0.877058 0.894669
vt 0.877058 0.872988
vt 0.535227 0.107807
vt 0.525905 0.110598
vt 0.536392 0.092073
vt 0.536141 0.123856
vt 0.526607 0.127435
vt 0.541713 0.155639
vt 0.529603 0.149545
vt 0.832854 0.663981
vt 0.821972 0.663962
vt 0.830458 0.670244
vt 0.828778 0.676805
vt 0.827576 0.683661
vt 0.826703 0.690831
vt 0.826104 0.698299
vt 0.825732 0.706078
vt 0.825560 0.714219
vt 0.825564 0.722738
vt 0.825729 0.731663
vt 0.826046 0.740340
vt 0.827085 0.760835
vt 0.828264 0.781839
vt 0.829303 0.803360
vt 0.829486 0.806685
vt 0.829837 0.809990
vt 0.830311 0.812981
vt 0.832083 0.821087
vt 0.911323 0.628954
vt 0.911173 0.620814
vt 0.911847 0.637077
vt 0.913259 0.648233
vt 0.915921 0.659366
vt 0.917266 0.664434
vt 0.889807 0.006799
vt 0.885813 0.000014
vt 0.891576 0.021367
vt 0.888453 0.034389
vt 0.886649 0.040191
vt 0.884815 0.045740
vt 0.884735 0.062521
vt 0.885129 0.077274
vt 0.885797 0.091946
vt 0.886625 0.103369
vt 0.888337 0.118456
vt 0.890609 0.134054
vt 0.893214 0.149537
vt 0.895936 0.163973
vt 0.981174 0.840954
vt 0.988461 0.858049
vt 0.987443 0.872242
vt 0.987177 0.885560
vt 0.987490 0.890461
vt 0.988144 0.895001
vt 0.989044 0.898586
vt 0.998799 0.920452
vt 0.865738 0.685413
vt 0.873682 0.696914
vt 0.873243 0.702206
vt 0.871694 0.708286
vt 0.868113 0.730701
vt 0.866219 0.756028
vt 0.865992 0.767546
vt 0.866308 0.780593
vt 0.866644 0.786426
vt 0.867281 0.794226
vt 0.867996 0.801304
vt 0.869986 0.817197
vt 0.872206 0.831914
vt 0.874694 0.845823
vt 0.845559 0.656484
vt 0.843197 0.669789
vt 0.847800 0.642364
vt 0.849895 0.627907
vt 0.851749 0.613712
vt 0.853312 0.600410
vt 0.854252 0.590334
vt 0.854747 0.581163
vt 0.855057 0.570792
vt 0.855322 0.553641
vt 0.855176 0.538618
vt 0.855267 0.537153
vt 0.851640 0.517816
vt 0.850424 0.509039
vt 0.573005 0.865065
vt 0.556205 0.865352
vt 0.535827 0.844840
vt 0.542581 0.881046
vt 0.551346 0.889063
vt 0.550498 0.890574
vt 0.541508 0.885550
vt 0.550616 0.893085
vt 0.541330 0.889435
vt 0.550905 0.896657
vt 0.541618 0.894273
vt 0.542361 0.899397
vt 0.551544 0.900521
vt 0.545830 0.911978
vt 0.554770 0.911762
vt 0.559604 0.922301
vt 0.551098 0.923679
vt 0.565300 0.931364
vt 0.557297 0.933655
vt 0.567126 0.933722
vt 0.559755 0.936846
vt 0.561809 0.939215
vt 0.568445 0.935238
vt 0.952577 0.769127
vt 0.952278 0.773095
vt 0.952810 0.764302
vt 0.952973 0.758665
vt 0.953038 0.753117
vt 0.953028 0.738654
vt 0.952896 0.724409
vt 0.952529 0.709919
vt 0.952278 0.704021
vt 0.643405 0.966112
vt 0.635123 0.966549
vt 0.643114 0.959413
vt 0.651586 0.965020
vt 0.650662 0.958420
vt 0.659611 0.963264
vt 0.657992 0.956836
vt 0.667436 0.960843
vt 0.665066 0.954668
vt 0.675027 0.957744
vt 0.671868 0.951921
vt 0.814615 0.452488
vt 0.817026 0.440184
vt 0.817922 0.435108
vt 0.818779 0.429559
vt 0.819504 0.424129
vt 0.820091 0.418798
vt 0.820531 0.413523
vt 0.820817 0.408245
vt 0.820933 0.402896
vt 0.820870 0.397443
vt 0.820573 0.391835
vt 0.819979 0.386071
vt 0.818990 0.380189
vt 0.817459 0.374260
vt 0.807151 0.349248
vt 0.820703 0.325060
vt 0.821810 0.322395
vt 0.823002 0.318491
vt 0.824133 0.313481
vt 0.825139 0.307538
vt 0.826008 0.300861
vt 0.826741 0.293641
vt 0.827329 0.286088
vt 0.827784 0.278415
vt 0.828091 0.270805
vt 0.828233 0.263451
vt 0.828183 0.256500
vt 0.827906 0.250082
vt 0.827364 0.244291
vt 0.826507 0.239170
vt 0.825120 0.234192
vt 0.817653 0.216298
vt 0.809107 0.198687
vt 0.819870 0.177657
vt 0.821267 0.173551
vt 0.822391 0.168859
vt 0.824273 0.154722
vt 0.825391 0.137922
vt 0.826024 0.118960
vt 0.826294 0.098849
vt 0.826197 0.078409
vt 0.825749 0.058376
vt 0.824904 0.039405
vt 0.823581 0.022107
vt 0.821622 0.007039
vt 0.987639 0.953303
vt 0.988873 0.923244
vt 0.987857 0.961018
vt 0.988421 0.964394
vt 0.990661 0.973375
vt 0.991833 0.978020
vt 0.836932 0.877840
vt 0.832580 0.887369
vt 0.832118 0.877840
vt 0.885551 0.596252
vt 0.894581 0.612848
vt 0.898081 0.577413
vt 0.898894 0.575374
vt 0.899794 0.572062
vt 0.900491 0.568159
vt 0.901521 0.555825
vt 0.901844 0.541697
vt 0.901639 0.526662
vt 0.901087 0.511520
vt 0.900723 0.505305
vt 0.900213 0.499120
vt 0.778303 0.316239
vt 0.779938 0.323239
vt 0.771608 0.317880
vt 0.776318 0.309894
vt 0.769939 0.312570
vt 0.774037 0.304172
vt 0.768095 0.307945
vt 0.766843 0.290360
vt 0.761409 0.295058
vt 0.758895 0.278770
vt 0.754179 0.284428
vt 0.919076 0.904845
vt 0.919640 0.894689
vt 0.919567 0.884372
vt 0.918504 0.872935
vt 0.679775 0.240814
vt 0.691938 0.235692
vt 0.720075 0.256978
vt 0.689439 0.197412
vt 0.699133 0.202055
vt 0.684303 0.218786
vt 0.709496 0.164810
vt 0.700351 0.160589
vt 0.701553 0.151900
vt 0.710778 0.155117
vt 0.701996 0.143433
vt 0.711267 0.145731
vt 0.711109 0.136788
vt 0.701824 0.135566
vt 0.699296 0.116654
vt 0.694141 0.098588
vt 0.686581 0.080985
vt 0.676955 0.064438
vt 0.665745 0.049551
vt 0.674634 0.045658
vt 0.662338 0.032111
vt 0.653682 0.036856
vt 0.649715 0.021279
vt 0.641589 0.026972
vt 0.629669 0.019851
vt 0.637000 0.013258
vt 0.625997 0.018184
vt 0.632279 0.010996
vt 0.627885 0.009260
vt 0.622980 0.016802
vt 0.625193 0.008452
vt 0.621748 0.016006
vt 0.619989 0.016278
vt 0.622264 0.007863
vt 0.617819 0.016106
vt 0.614913 0.016000
vt 0.611470 0.016133
vt 0.607668 0.016555
vt 0.603702 0.017278
vt 0.599734 0.018283
vt 0.595961 0.019499
vt 0.592579 0.020846
vt 0.589785 0.022184
vt 0.587648 0.023140
vt 0.586490 0.023936
vt 0.576921 0.031997
vt 0.568470 0.041368
vt 0.558676 0.037880
vt 0.561194 0.052003
vt 0.550834 0.049698
vt 0.555188 0.063825
vt 0.544400 0.062749
vt 0.550638 0.076748
vt 0.539519 0.076933
vt 0.547753 0.090629
vt 0.546778 0.105177
vt 0.548040 0.120453
vt 0.556509 0.163209
vt 0.552168 0.141786
vt 0.500887 0.171960
vt 0.500852 0.163026
vt 0.527393 0.167281
vt 0.491988 0.165858
vt 0.492545 0.174378
vt 0.483687 0.169284
vt 0.485040 0.177402
vt 0.475968 0.173307
vt 0.478235 0.180937
vt 0.472036 0.184979
vt 0.468841 0.177946
vt 0.466307 0.189497
vt 0.462225 0.183148
vt 0.460966 0.194517
vt 0.456089 0.188911
vt 0.833424 0.716193
vt 0.833592 0.709032
vt 0.833428 0.723791
vt 0.833590 0.731875
vt 0.833889 0.739580
vt 0.834914 0.759189
vt 0.836007 0.779364
vt 0.420666 0.279700
vt 0.423270 0.257263
vt 0.428322 0.279748
vt 0.420652 0.283343
vt 0.428302 0.282076
vt 0.428477 0.284570
vt 0.420929 0.287096
vt 0.421398 0.290594
vt 0.428766 0.286757
vt 0.423725 0.300561
vt 0.430741 0.295285
vt 0.433708 0.303375
vt 0.427143 0.309856
vt 0.437358 0.310918
vt 0.431198 0.318267
vt 0.443504 0.320920
vt 0.437571 0.328777
vt 0.451004 0.331158
vt 0.444545 0.338588
vt 0.454801 0.337154
vt 0.447478 0.343424
vt 0.460465 0.349732
vt 0.451447 0.352792
vt 0.901029 0.020113
vt 0.898524 -0.000000
vt 0.897416 0.037543
vt 0.895365 0.044706
vt 0.893951 0.049154
vt 0.893533 0.063897
vt 0.893690 0.077873
vt 0.894176 0.091609
vt 0.894854 0.101749
vt 0.896392 0.115498
vt 0.898526 0.129993
vt 0.901029 0.144594
vt 0.425843 0.507746
vt 0.419071 0.510660
vt 0.421665 0.490797
vt 0.424988 0.527345
vt 0.431526 0.523477
vt 0.996148 0.874031
vt 0.996197 0.886318
vt 0.996558 0.890356
vt 0.997169 0.894146
vt 0.997846 0.896876
vt 0.477932 0.572655
vt 0.467094 0.576806
vt 0.452845 0.555987
vt 0.464081 0.596190
vt 0.473038 0.599299
vt 0.882937 0.703209
vt 0.883342 0.695815
vt 0.881215 0.711401
vt 0.877303 0.734470
vt 0.874831 0.760047
vt 0.874461 0.770167
vt 0.874622 0.781917
vt 0.874869 0.786688
vt 0.875415 0.793665
vt 0.876031 0.799752
vt 0.877922 0.814597
vt 0.880030 0.828290
vt 0.876261 0.905627
vt 0.870152 0.912074
vt 0.870152 0.893746
vt 0.426186 0.751238
vt 0.419655 0.753525
vt 0.421504 0.735691
vt 0.840033 0.638693
vt 0.837870 0.652224
vt 0.842078 0.624850
vt 0.843891 0.611375
vt 0.845387 0.598989
vt 0.846222 0.590163
vt 0.846637 0.582216
vt 0.846870 0.572822
vt 0.846949 0.556497
vt 0.846629 0.542648
vt 0.851220 0.540265
vt 0.842751 0.521323
vt 0.841308 0.510162
vt 0.592242 0.864187
vt 0.565009 0.850024
vt 0.561942 0.896178
vt 0.556182 0.893088
vt 0.562159 0.899020
vt 0.562645 0.901655
vt 0.565551 0.911425
vt 0.569890 0.920563
vt 0.574964 0.928507
vt 0.576104 0.930385
vt 0.578601 0.932439
vt 0.571339 0.938044
vt 0.581461 0.934792
vt 0.575075 0.941131
vt 0.585279 0.937462
vt 0.579688 0.944373
vt 0.584442 0.947250
vt 0.589069 0.939756
vt 0.597763 0.953399
vt 0.601322 0.945436
vt 0.614523 0.949260
vt 0.612218 0.957529
vt 0.629664 0.951311
vt 0.628349 0.959664
vt 0.635760 0.951453
vt 0.635417 0.959805
vt 0.642715 0.951118
vt 0.649456 0.950260
vt 0.655925 0.948895
vt 0.662083 0.947048
vt 0.667929 0.944737
vt 0.678221 0.948676
vt 0.673239 0.942081
vt 0.684300 0.934823
vt 0.690014 0.940746
vt 0.687814 0.931967
vt 0.694280 0.937175
vt 0.698561 0.933085
vt 0.691503 0.928548
vt 0.702354 0.928888
vt 0.694705 0.925133
vt 0.705697 0.924580
vt 0.697471 0.921711
vt 0.708625 0.920133
vt 0.699865 0.918238
vt 0.711177 0.915500
vt 0.701951 0.914646
vt 0.713377 0.910621
vt 0.703766 0.910850
vt 0.705302 0.906750
vt 0.715186 0.905437
vt 0.706569 0.902268
vt 0.716623 0.899903
vt 0.707514 0.897346
vt 0.717650 0.894007
vt 0.708082 0.891958
vt 0.718236 0.887778
vt 0.708214 0.886115
vt 0.718360 0.881296
vt 0.705581 0.849476
vt 0.716933 0.853209
vt 0.813507 0.318351
vt 0.814136 0.316807
vt 0.815022 0.314014
vt 0.816019 0.309960
vt 0.816980 0.304926
vt 0.817842 0.299139
vt 0.818579 0.292796
vt 0.819170 0.286133
vt 0.819614 0.279370
vt 0.819901 0.272717
vt 0.820008 0.266372
vt 0.819921 0.260499
vt 0.819616 0.255206
vt 0.819079 0.250576
vt 0.818294 0.246615
vt 0.889602 0.376769
vt 0.886506 0.387977
vt 0.886506 0.373802
vt 0.752509 0.731097
vt 0.759731 0.725357
vt 0.761811 0.755852
vt 0.798430 0.200905
vt 0.808824 0.224194
vt 0.811172 0.173055
vt 0.812291 0.169722
vt 0.813243 0.165924
vt 0.815212 0.152920
vt 0.816427 0.137277
vt 0.817118 0.119228
vt 0.817413 0.099839
vt 0.817343 0.080032
vt 0.816934 0.060649
vt 0.816140 0.042433
vt 0.814878 0.026062
vt 0.812987 0.012011
vt 0.996819 0.955767
vt 0.997714 0.926218
vt 0.997182 0.962544
vt 0.997663 0.965218
vt 1.000000 0.974728
vt 0.757859 0.451529
vt 0.763499 0.446473
vt 0.761686 0.457086
vt 0.754168 0.445210
vt 0.760593 0.441192
vt 0.742016 0.415126
vt 0.752534 0.418855
vt 0.889693 0.572329
vt 0.890429 0.570406
vt 0.890924 0.567984
vt 0.891528 0.565091
vt 0.892771 0.554098
vt 0.893318 0.541345
vt 0.893319 0.527550
vt 0.892948 0.513443
vt 0.774134 0.330637
vt 0.781139 0.330768
vt 0.774768 0.336983
vt 0.773042 0.323947
vt 0.763721 0.319721
vt 0.762395 0.315536
vt 0.761015 0.312101
vt 0.754898 0.300313
vt 0.748442 0.290778
vt 0.746614 0.275735
vt 0.741828 0.283137
vt 0.738652 0.268522
vt 0.734894 0.276838
vt 0.727264 0.271501
vt 0.730056 0.262476
vt 0.717795 0.266498
vt 0.665335 0.246317
vt 0.692480 0.256304
vt 0.671508 0.219069
vt 0.678255 0.192856
vt 0.689425 0.156160
vt 0.690527 0.148479
vt 0.690913 0.140956
vt 0.690719 0.134215
vt 0.688178 0.116759
vt 0.683161 0.100127
vt 0.675766 0.083732
vt 0.666341 0.068251
vt 0.655420 0.054372
vt 0.643819 0.042691
vt 0.632527 0.033849
vt 0.621663 0.027723
vt 0.618122 0.024737
vt 0.615939 0.026651
vt 0.612959 0.025997
vt 0.610207 0.026275
vt 0.607202 0.026793
vt 0.604146 0.027527
vt 0.601266 0.028405
vt 0.598777 0.029342
vt 0.596400 0.030309
vt 0.593681 0.029147
vt 0.587273 0.037689
vt 0.579669 0.045751
vt 0.573158 0.055092
vt 0.567680 0.065513
vt 0.563517 0.077048
vt 0.560882 0.089602
vt 0.560036 0.102978
vt 0.561301 0.117558
vt 0.572498 0.171805
vt 0.567075 0.144784
vt 0.535128 0.176190
vt 0.501294 0.181652
vt 0.493721 0.183874
vt 0.487088 0.186543
vt 0.481226 0.189578
vt 0.476006 0.193018
vt 0.471195 0.196807
vt 0.466704 0.201034
vt 0.462438 0.205796
vt 0.455952 0.200111
vt 0.458359 0.211175
vt 0.451243 0.206324
vt 0.454472 0.217251
vt 0.446835 0.213210
vt 0.443146 0.220004
vt 0.451306 0.223081
vt 0.435740 0.238193
vt 0.444327 0.240190
vt 0.439679 0.259005
vt 0.430830 0.258122
vt 0.437047 0.278687
vt 0.436792 0.280544
vt 0.437144 0.282218
vt 0.438994 0.289580
vt 0.441539 0.296442
vt 0.444809 0.303117
vt 0.450742 0.312645
vt 0.458749 0.323353
vt 0.463442 0.330579
vt 0.470924 0.346566
vt 0.468455 0.373981
vt 0.458554 0.371002
vt 0.448422 0.385407
vt 0.455162 0.392079
vt 0.443456 0.390945
vt 0.449035 0.398667
vt 0.440208 0.394304
vt 0.446587 0.401095
vt 0.440409 0.412229
vt 0.433058 0.407229
vt 0.427337 0.419976
vt 0.434974 0.424240
vt 0.422897 0.433049
vt 0.430824 0.436331
vt 0.420568 0.443137
vt 0.428788 0.445048
vt 0.427465 0.457945
vt 0.419085 0.457591
vt 0.427767 0.472649
vt 0.419390 0.473687
vt 0.429927 0.488560
vt 0.433910 0.504431
vt 0.439304 0.519096
vt 0.438190 0.536965
vt 0.445527 0.531483
vt 0.452286 0.541554
vt 0.445479 0.547975
vt 0.454394 0.544115
vt 0.448134 0.551248
vt 0.450791 0.554107
vt 0.456525 0.546367
vt 0.457889 0.547587
vt 0.490220 0.568279
vt 0.483328 0.602579
vt 0.479599 0.611489
vt 0.470246 0.606135
vt 0.465197 0.612792
vt 0.472989 0.619940
vt 0.455613 0.638213
vt 0.438551 0.658879
vt 0.448677 0.630537
vt 0.434220 0.666451
vt 0.427150 0.659903
vt 0.430230 0.676036
vt 0.422661 0.670767
vt 0.429154 0.679558
vt 0.421258 0.675372
vt 0.419613 0.682294
vt 0.427726 0.685589
vt 0.418579 0.688518
vt 0.426879 0.690704
vt 0.417545 0.704375
vt 0.425933 0.705225
vt 0.426876 0.719376
vt 0.418585 0.719908
vt 0.429581 0.734013
vt 0.433978 0.748605
vt 0.439865 0.762597
vt 0.432410 0.766065
vt 0.446898 0.775438
vt 0.439847 0.779691
vt 0.447976 0.791670
vt 0.454516 0.786613
vt 0.456244 0.801532
vt 0.462085 0.795617
vt 0.462657 0.807800
vt 0.467518 0.800912
vt 0.472766 0.805006
vt 0.468928 0.812715
vt 0.479774 0.809546
vt 0.476809 0.817841
vt 0.491441 0.825392
vt 0.493634 0.816668
vt 0.504876 0.830312
vt 0.505573 0.821183
vt 0.529484 0.825274
vt 0.527980 0.834263
vt 0.539264 0.837517
vt 0.543198 0.829258
vt 0.612894 0.861562
vt 0.577062 0.844594
vt 0.569838 0.899398
vt 0.577957 0.910672
vt 0.575670 0.901664
vt 0.581609 0.918381
vt 0.584465 0.926499
vt 0.588968 0.927749
vt 0.591908 0.929766
vt 0.594638 0.931391
vt 0.605611 0.936435
vt 0.617307 0.939817
vt 0.631183 0.941714
vt 0.636159 0.941846
vt 0.642224 0.941580
vt 0.648022 0.940876
vt 0.653482 0.939767
vt 0.658585 0.938290
vt 0.663338 0.936477
vt 0.667473 0.934480
vt 0.677639 0.928062
vt 0.680304 0.925984
vt 0.683329 0.923308
vt 0.685860 0.920733
vt 0.687978 0.918240
vt 0.689772 0.915777
vt 0.691327 0.913245
vt 0.692700 0.910532
vt 0.693901 0.907510
vt 0.694935 0.904062
vt 0.695750 0.900092
vt 0.696268 0.895528
vt 0.696407 0.890330
vt 0.692769 0.845053
vt 0.738511 0.829175
vt 0.734928 0.820148
vt 0.736729 0.818938
vt 0.741871 0.825930
vt 0.738776 0.816512
vt 0.744607 0.822717
vt 0.741267 0.813140
vt 0.747686 0.818585
vt 0.743933 0.808988
vt 0.750871 0.813667
vt 0.746571 0.804221
vt 0.753968 0.808091
vt 0.756825 0.802042
vt 0.749021 0.799027
vt 0.759281 0.795686
vt 0.751129 0.793608
vt 0.761242 0.789212
vt 0.752809 0.788151
vt 0.762648 0.782812
vt 0.754012 0.782872
vt 0.763496 0.776668
vt 0.754740 0.777941
vt 0.763807 0.770914
vt 0.755021 0.773494
vt 0.763637 0.765674
vt 0.754926 0.769626
vt 0.763043 0.760982
vt 0.754523 0.766334
vt 0.753549 0.762330
vt 0.743788 0.736855
vt 0.734780 0.700324
vt 0.746050 0.702378
vt 0.803028 0.168610
vt 0.803839 0.166109
vt 0.804561 0.163226
vt 0.806505 0.151265
vt 0.807786 0.136761
vt 0.808545 0.119695
vt 0.808890 0.101151
vt 0.808857 0.082127
vt 0.808487 0.063542
vt 0.807739 0.046226
vt 0.795446 0.530554
vt 0.798430 0.550343
vt 0.788384 0.532917
vt 0.790594 0.512455
vt 0.783824 0.516205
vt 0.767859 0.480609
vt 0.774471 0.475810
vt 0.770279 0.468417
vt 0.764182 0.474237
vt 0.762832 0.472382
vt 0.768453 0.465823
vt 0.755538 0.463357
vt 0.750919 0.456937
vt 0.746345 0.449492
vt 0.729865 0.411369
vt 0.757516 0.386471
vt 0.757707 0.388605
vt 0.883127 0.566841
vt 0.764488 0.393010
vt 0.765791 0.390404
vt 0.758732 0.384109
vt 0.769768 0.380046
vt 0.762196 0.374860
vt 0.764915 0.363467
vt 0.772901 0.367315
vt 0.774787 0.352801
vt 0.766532 0.350330
vt 0.766438 0.335811
vt 0.765887 0.330523
vt 0.764925 0.324765
vt 0.593627 0.882792
vt 0.754771 0.321721
vt 0.753807 0.318707
vt 0.752912 0.316504
vt 0.747398 0.305921
vt 0.741738 0.297571
vt 0.736095 0.291045
vt 0.730224 0.285707
vt 0.723659 0.281105
vt 0.715004 0.276498
vt 0.649733 0.252293
vt 0.683595 0.264223
vt 0.657509 0.219611
vt 0.665700 0.188446
vt 0.676994 0.151748
vt 0.677967 0.145065
vt 0.678279 0.138496
vt 0.678068 0.132901
vt 0.675525 0.117011
vt 0.670698 0.101976
vt 0.663566 0.086979
vt 0.654483 0.072749
vt 0.644035 0.060043
vt 0.633110 0.049514
vt 0.622832 0.041825
vt 0.613344 0.037299
vt 0.614119 0.035571
vt 0.614437 0.033752
vt 0.615489 0.031062
vt 0.610940 0.036927
vt 0.609038 0.037757
vt 0.606978 0.038024
vt 0.605630 0.039176
vt 0.598500 0.044243
vt 0.600841 0.034707
vt 0.591970 0.051044
vt 0.586236 0.058900
vt 0.581431 0.067884
vt 0.577729 0.077982
vt 0.575360 0.089174
vt 0.574604 0.101384
vt 0.575838 0.115297
vt 0.589162 0.181076
vt 0.582940 0.148519
vt 0.543754 0.185732
vt 0.502346 0.192149
vt 0.495590 0.194151
vt 0.489882 0.196458
vt 0.485007 0.199000
vt 0.480744 0.201761
vt 0.476883 0.204811
vt 0.473272 0.208218
vt 0.469791 0.212115
vt 0.466389 0.216614
vt 0.463062 0.221819
vt 0.460461 0.226608
vt 0.453980 0.242437
vt 0.449571 0.259902
vt 0.447255 0.278556
vt 0.444975 0.279126
vt 0.443486 0.279302
vt 0.448413 0.283635
vt 0.450519 0.289285
vt 0.453399 0.295102
vt 0.459112 0.304153
vt 0.467593 0.315330
vt 0.473205 0.323832
vt 0.482593 0.343373
vt 0.479559 0.377101
vt 0.462924 0.399030
vt 0.455583 0.406706
vt 0.454087 0.408145
vt 0.448898 0.417436
vt 0.443755 0.428703
vt 0.439903 0.439781
vt 0.438179 0.447084
vt 0.437031 0.458347
vt 0.437336 0.471554
vt 0.439378 0.486158
vt 0.443141 0.500847
vt 0.448214 0.514388
vt 0.453983 0.525670
vt 0.460238 0.534809
vt 0.461772 0.536637
vt 0.463342 0.538246
vt 0.465080 0.539829
vt 0.503695 0.563745
vt 0.494752 0.605949
vt 0.490015 0.617110
vt 0.481771 0.627466
vt 0.463616 0.646340
vt 0.446038 0.667223
vt 0.442380 0.673509
vt 0.438901 0.681779
vt 0.438159 0.684196
vt 0.436954 0.689293
vt 0.436300 0.693248
vt 0.435469 0.706293
vt 0.436326 0.718909
vt 0.438810 0.732235
vt 0.442890 0.745707
vt 0.448385 0.758712
vt 0.454937 0.770637
vt 0.461958 0.780909
vt 0.468758 0.788985
vt 0.473150 0.793260
vt 0.477321 0.796508
vt 0.483413 0.800443
vt 0.496440 0.807157
vt 0.506843 0.811176
vt 0.531451 0.815460
vt 0.547742 0.820199
vt 0.634059 0.857822
vt 0.589957 0.838480
vt 0.591317 0.909573
vt 0.590523 0.907219
vt 0.594350 0.915744
vt 0.597387 0.920106
vt 0.589964 0.923626
vt 0.599384 0.921497
vt 0.600990 0.922531
vt 0.610495 0.926722
vt 0.620487 0.929545
vt 0.632883 0.931223
vt 0.636622 0.931330
vt 0.641682 0.931134
vt 0.646412 0.930592
vt 0.650752 0.929758
vt 0.654686 0.928674
vt 0.658235 0.927382
vt 0.661086 0.926070
vt 0.670215 0.920577
vt 0.671959 0.919287
vt 0.674249 0.917370
vt 0.676047 0.915643
vt 0.677419 0.914114
vt 0.678527 0.912669
vt 0.679520 0.911151
vt 0.680419 0.909476
vt 0.681230 0.907522
vt 0.681986 0.905110
vt 0.682613 0.902103
vt 0.683015 0.898398
vt 0.683056 0.893928
vt 0.678447 0.839784
vt 0.680890 0.867099
vt 0.731697 0.809876
vt 0.730634 0.811965
vt 0.733645 0.807360
vt 0.735840 0.804066
vt 0.738056 0.800166
vt 0.740124 0.795888
vt 0.741900 0.791447
vt 0.743301 0.787044
vt 0.744287 0.782903
vt 0.744865 0.779194
vt 0.745090 0.776041
vt 0.745034 0.773526
vt 0.744801 0.771620
vt 0.744080 0.768743
vt 0.733771 0.742529
vt 0.722195 0.697983
vt 0.761837 0.673939
vt 0.755881 0.666625
vt 0.756730 0.665105
vt 0.763472 0.671917
vt 0.765185 0.669513
vt 0.758125 0.663751
vt 0.771380 0.659142
vt 0.763898 0.654305
vt 0.769647 0.642148
vt 0.777528 0.645940
vt 0.775133 0.626901
vt 0.783287 0.629702
vt 0.779591 0.609414
vt 0.787918 0.611259
vt 0.790980 0.591502
vt 0.782555 0.590598
vt 0.792118 0.571278
vt 0.783658 0.571382
vt 0.791222 0.551463
vt 0.782812 0.552719
vt 0.780141 0.535514
vt 0.775891 0.520256
vt 0.760123 0.485753
vt 0.757600 0.480279
vt 0.756128 0.479299
vt 0.748324 0.469980
vt 0.742893 0.462702
vt 0.737461 0.454199
vt 0.716297 0.407316
vt 0.726759 0.431215
vt 0.750271 0.377588
vt 0.749954 0.379847
vt 0.753376 0.369484
vt 0.755743 0.359442
vt 0.757132 0.347750
vt 0.756999 0.334650
vt 0.756550 0.330465
vt 0.755735 0.325689
vt 0.612012 0.883379
vt 0.744864 0.323839
vt 0.744764 0.322000
vt 0.744016 0.320809
vt 0.738994 0.311727
vt 0.734128 0.304620
vt 0.729464 0.299253
vt 0.724686 0.294922
vt 0.719250 0.291111
vt 0.711464 0.286951
vt 0.633278 0.258655
vt 0.673813 0.272507
vt 0.642610 0.220415
vt 0.652079 0.184225
vt 0.663335 0.147517
vt 0.664148 0.141827
vt 0.664379 0.136210
vt 0.664159 0.131768
vt 0.661640 0.117510
vt 0.657076 0.104176
vt 0.650313 0.090713
vt 0.641724 0.077877
vt 0.631933 0.066468
vt 0.621890 0.057166
vt 0.612503 0.050342
vt 0.612472 0.040985
vt 0.611024 0.043726
vt 0.611330 0.052218
vt 0.604979 0.057132
vt 0.600151 0.063509
vt 0.596071 0.071012
vt 0.592870 0.079639
vt 0.590780 0.089453
vt 0.590098 0.100471
vt 0.591240 0.113672
vt 0.606076 0.190771
vt 0.599371 0.152920
vt 0.553001 0.195726
vt 0.503946 0.203234
vt 0.498100 0.204998
vt 0.493378 0.206923
vt 0.489521 0.208935
vt 0.486272 0.211039
vt 0.483380 0.213321
vt 0.480662 0.215883
vt 0.477973 0.218886
vt 0.475261 0.222468
vt 0.472512 0.226763
vt 0.470497 0.230467
vt 0.464562 0.244877
vt 0.460466 0.260838
vt 0.458546 0.277981
vt 0.458366 0.275893
vt 0.460469 0.282082
vt 0.462967 0.287036
vt 0.468446 0.295591
vt 0.477377 0.307216
vt 0.483929 0.317019
vt 0.495282 0.340208
vt 0.491697 0.380334
vt 0.471590 0.406189
vt 0.462519 0.415124
vt 0.458428 0.422730
vt 0.453579 0.433235
vt 0.450036 0.443283
vt 0.448636 0.449152
vt 0.447662 0.458745
vt 0.447972 0.470404
vt 0.449885 0.483646
vt 0.453413 0.497100
vt 0.458146 0.509483
vt 0.463432 0.519642
vt 0.469213 0.527780
vt 0.470794 0.529440
vt 0.468635 0.532408
vt 0.518418 0.558896
vt 0.494129 0.544331
vt 0.507040 0.609629
vt 0.512885 0.584446
vt 0.501324 0.622965
vt 0.491408 0.635275
vt 0.472570 0.654746
vt 0.454495 0.675880
vt 0.451541 0.680874
vt 0.448654 0.687675
vt 0.448508 0.689378
vt 0.447196 0.693255
vt 0.446744 0.696031
vt 0.446031 0.707506
vt 0.446806 0.718485
vt 0.449054 0.730380
vt 0.452792 0.742604
vt 0.457850 0.754504
vt 0.463869 0.765415
vt 0.470241 0.774711
vt 0.476222 0.781807
vt 0.479530 0.785027
vt 0.482586 0.787401
vt 0.487717 0.790720
vt 0.499868 0.797012
vt 0.508644 0.800458
vt 0.533829 0.804946
vt 0.552791 0.810504
vt 0.655242 0.853145
vt 0.603378 0.831726
vt 0.597187 0.908869
vt 0.608156 0.912950
vt 0.607098 0.909963
vt 0.604013 0.916319
vt 0.615860 0.916508
vt 0.606662 0.914939
vt 0.623995 0.918734
vt 0.634736 0.920149
vt 0.637152 0.920218
vt 0.641114 0.920081
vt 0.644695 0.919703
vt 0.647823 0.919134
vt 0.650500 0.918437
vt 0.652709 0.917685
vt 0.654670 0.917021
vt 0.662680 0.912332
vt 0.664332 0.910690
vt 0.665813 0.909533
vt 0.667575 0.908766
vt 0.667418 0.907116
vt 0.668015 0.905273
vt 0.668509 0.903309
vt 0.668834 0.900527
vt 0.668903 0.896897
vt 0.663350 0.834080
vt 0.666192 0.865663
vt 0.726530 0.805342
vt 0.724831 0.801990
vt 0.726875 0.799033
vt 0.728626 0.796024
vt 0.730290 0.792669
vt 0.731716 0.789215
vt 0.732824 0.785864
vt 0.733575 0.782848
vt 0.733974 0.780339
vt 0.734113 0.778458
vt 0.734482 0.776854
vt 0.733569 0.775010
vt 0.722638 0.748295
vt 0.708092 0.695301
vt 0.715469 0.721852
vt 0.748790 0.659409
vt 0.729110 0.677004
vt 0.749753 0.657987
vt 0.755358 0.649218
vt 0.760708 0.638125
vt 0.765908 0.623893
vt 0.770177 0.607406
vt 0.773021 0.589616
vt 0.774087 0.571503
vt 0.773294 0.554077
vt 0.770805 0.538272
vt 0.766885 0.524509
vt 0.751331 0.491127
vt 0.748577 0.486341
vt 0.740165 0.476879
vt 0.733911 0.468714
vt 0.727641 0.459110
vt 0.701074 0.403649
vt 0.714227 0.431963
vt 0.747458 0.375658
vt 0.743396 0.364028
vt 0.745492 0.355382
vt 0.746708 0.345183
vt 0.746572 0.333550
vt 0.746234 0.330485
vt 0.745572 0.326716
vt 0.611585 0.045264
vt 0.741107 0.369740
vt 0.721805 0.386595
vt 0.631100 0.882695
vt 0.695175 0.818896
vt 0.705474 0.825913
vt 0.734399 0.326780
vt 0.736414 0.324283
vt 0.729683 0.317636
vt 0.725652 0.311789
vt 0.721996 0.307613
vt 0.718353 0.304336
vt 0.714108 0.301363
vt 0.707276 0.297706
vt 0.616231 0.265357
vt 0.663317 0.281084
vt 0.627067 0.221473
vt 0.637661 0.180237
vt 0.648736 0.143587
vt 0.649348 0.138885
vt 0.649484 0.134225
vt 0.649275 0.130926
vt 0.646824 0.118347
vt 0.642618 0.106769
vt 0.636335 0.094931
vt 0.628383 0.083564
vt 0.619424 0.073510
vt 0.613663 0.063071
vt 0.613303 0.061261
vt 0.611215 0.074905
vt 0.614295 0.068900
vt 0.608548 0.082062
vt 0.606756 0.090470
vt 0.606137 0.100254
vt 0.607135 0.112698
vt 0.621535 0.199729
vt 0.615995 0.157886
vt 0.562652 0.206023
vt 0.506024 0.214724
vt 0.501181 0.216249
vt 0.497512 0.217773
vt 0.494729 0.219236
vt 0.492533 0.220660
vt 0.490630 0.222157
vt 0.488821 0.223855
vt 0.486939 0.225947
vt 0.484916 0.228600
vt 0.482749 0.231960
vt 0.481322 0.234567
vt 0.475943 0.247473
vt 0.472139 0.261847
vt 0.464644 0.274516
vt 0.471308 0.274969
vt 0.473395 0.279043
vt 0.478613 0.287071
vt 0.487964 0.299111
vt 0.495472 0.310222
vt 0.508824 0.337118
vt 0.504725 0.383653
vt 0.481029 0.413466
vt 0.472124 0.422479
vt 0.465851 0.417970
vt 0.468894 0.428043
vt 0.464351 0.437757
vt 0.461128 0.446754
vt 0.460053 0.451182
vt 0.459254 0.459099
vt 0.459559 0.469200
vt 0.461337 0.481059
vt 0.464619 0.493258
vt 0.469005 0.504471
vt 0.473809 0.513482
vt 0.479194 0.521063
vt 0.476233 0.524152
vt 0.534016 0.553942
vt 0.505774 0.537355
vt 0.527357 0.583882
vt 0.520100 0.613322
vt 0.513405 0.628936
vt 0.501791 0.643268
vt 0.482361 0.663299
vt 0.463822 0.684692
vt 0.461602 0.688377
vt 0.459889 0.694441
vt 0.458420 0.697236
vt 0.458094 0.699156
vt 0.457509 0.708794
vt 0.458192 0.718077
vt 0.460197 0.728463
vt 0.463571 0.739352
vt 0.468163 0.750064
vt 0.473613 0.759892
vt 0.479301 0.768158
vt 0.484430 0.774235
vt 0.486628 0.776374
vt 0.488525 0.777847
vt 0.492659 0.780519
vt 0.503883 0.786363
vt 0.510936 0.789172
vt 0.536564 0.793838
vt 0.558257 0.800171
vt 0.603179 0.818765
vt 0.648613 0.837088
vt 0.611478 0.911206
vt 0.619430 0.909900
vt 0.637245 0.908767
vt 0.628329 0.907459
vt 0.640557 0.908674
vt 0.642925 0.908441
vt 0.644751 0.908204
vt 0.647096 0.907668
vt 0.659303 0.906017
vt 0.653850 0.901703
vt 0.653181 0.903723
vt 0.653880 0.898895
vt 0.652195 0.878399
vt 0.660880 0.851575
vt 0.718333 0.791801
vt 0.716909 0.794262
vt 0.719591 0.789379
vt 0.720657 0.786903
vt 0.721449 0.784586
vt 0.722212 0.782710
vt 0.727873 0.779266
vt 0.710692 0.753888
vt 0.721903 0.779704
vt 0.692972 0.692335
vt 0.701906 0.723218
vt 0.717828 0.671640
vt 0.740522 0.651808
vt 0.744441 0.655329
vt 0.745888 0.643951
vt 0.743517 0.653048
vt 0.750804 0.633952
vt 0.755699 0.620752
vt 0.759763 0.605299
vt 0.762479 0.588588
vt 0.763497 0.571641
vt 0.762762 0.555503
vt 0.760462 0.541132
vt 0.756894 0.528885
vt 0.741568 0.496647
vt 0.739625 0.493557
vt 0.745059 0.489499
vt 0.731170 0.483961
vt 0.724043 0.474916
vt 0.716868 0.464201
vt 0.684833 0.400159
vt 0.700731 0.432814
vt 0.732546 0.358629
vt 0.731498 0.361320
vt 0.734325 0.351405
vt 0.735373 0.342705
vt 0.735258 0.332551
vt 0.735046 0.330591
vt 0.683710 0.811794
vt 0.470524 0.272897
vt 0.709047 0.380666
vt 0.723144 0.329044
vt 0.730781 0.326672
vt 0.719644 0.323554
vt 0.716423 0.318982
vt 0.713788 0.316021
vt 0.711318 0.313829
vt 0.708321 0.311744
vt 0.702528 0.308643
vt 0.598818 0.272609
vt 0.652264 0.289895
vt 0.606298 0.241852
vt 0.613766 0.212463
vt 0.633271 0.139909
vt 0.630243 0.150204
vt 0.633747 0.136262
vt 0.633744 0.131520
vt 0.631362 0.119596
vt 0.626498 0.110043
vt 0.622000 0.098960
vt 0.622447 0.101276
vt 0.619803 0.091798
vt 0.618867 0.087835
vt 0.617637 0.083787
vt 0.615894 0.075920
vt 0.624556 0.112159
vt 0.628543 0.177874
vt 0.508668 0.226665
vt 0.559866 0.218160
vt 0.504844 0.227864
vt 0.502268 0.228927
vt 0.500811 0.229935
vt 0.498976 0.229795
vt 0.498102 0.230802
vt 0.497503 0.231966
vt 0.496711 0.233305
vt 0.495298 0.234905
vt 0.493708 0.237327
vt 0.492754 0.239119
vt 0.488042 0.250205
vt 0.484565 0.262974
vt 0.477798 0.271033
vt 0.484551 0.271234
vt 0.489479 0.278693
vt 0.499231 0.291100
vt 0.507713 0.303504
vt 0.523113 0.333950
vt 0.518373 0.387171
vt 0.520858 0.360609
vt 0.491179 0.420835
vt 0.480214 0.433315
vt 0.482417 0.429503
vt 0.475978 0.442213
vt 0.473078 0.450150
vt 0.472340 0.453139
vt 0.471707 0.459393
vt 0.471999 0.467949
vt 0.473630 0.478430
vt 0.476654 0.489379
vt 0.480667 0.499422
vt 0.484931 0.507293
vt 0.488328 0.512046
vt 0.550306 0.548895
vt 0.518584 0.530530
vt 0.542457 0.583222
vt 0.533871 0.617000
vt 0.526156 0.634944
vt 0.512821 0.651355
vt 0.492882 0.671899
vt 0.473909 0.693532
vt 0.472457 0.695897
vt 0.470748 0.699792
vt 0.469947 0.701546
vt 0.469793 0.710084
vt 0.470379 0.717646
vt 0.472129 0.726483
vt 0.475122 0.735990
vt 0.479228 0.745462
vt 0.484091 0.754160
vt 0.489078 0.761361
vt 0.493344 0.766390
vt 0.493758 0.768094
vt 0.495036 0.768349
vt 0.498200 0.769973
vt 0.508442 0.775333
vt 0.513668 0.777441
vt 0.539595 0.782270
vt 0.563930 0.789407
vt 0.639205 0.903527
vt 0.643471 0.901897
vt 0.648285 0.901909
vt 0.637256 0.823839
vt 0.647683 0.827986
vt 0.712196 0.789398
vt 0.709868 0.783994
vt 0.707741 0.786585
vt 0.717015 0.782546
vt 0.697940 0.759283
vt 0.677015 0.689122
vt 0.687557 0.724386
vt 0.735558 0.638588
vt 0.732195 0.643754
vt 0.740008 0.629694
vt 0.744589 0.617537
vt 0.748432 0.603143
vt 0.751008 0.587537
vt 0.751979 0.571791
vt 0.751302 0.556972
vt 0.749199 0.544049
vt 0.746006 0.533324
vt 0.730915 0.502253
vt 0.729812 0.500496
vt 0.721378 0.491221
vt 0.713385 0.481277
vt 0.705276 0.469436
vt 0.667753 0.396852
vt 0.686402 0.433782
vt 0.722575 0.354516
vt 0.722344 0.347615
vt 0.723233 0.340395
vt 0.723193 0.331278
vt 0.673920 0.803352
vt 0.483572 0.269362
vt 0.600708 0.804563
vt 0.637644 0.819330
vt 0.695362 0.374923
vt 0.720965 0.353146
vt 0.705399 0.666369
vt 0.708883 0.329494
vt 0.715356 0.331084
vt 0.706514 0.326183
vt 0.705175 0.324332
vt 0.703918 0.323021
vt 0.701974 0.322175
vt 0.697289 0.319663
vt 0.581220 0.280218
vt 0.640787 0.298921
vt 0.630790 0.139360
vt 0.630679 0.135802
vt 0.630193 0.131016
vt 0.628132 0.120015
vt 0.511507 0.238833
vt 0.552225 0.231445
vt 0.506677 0.239397
vt 0.504894 0.242954
vt 0.500759 0.253063
vt 0.497585 0.264852
vt 0.490107 0.267600
vt 0.500911 0.270527
vt 0.511063 0.283264
vt 0.520532 0.296926
vt 0.537997 0.330931
vt 0.532644 0.390736
vt 0.535474 0.360902
vt 0.501931 0.428231
vt 0.492255 0.438519
vt 0.493430 0.436514
vt 0.488355 0.446580
vt 0.485797 0.453446
vt 0.484554 0.455086
vt 0.484929 0.459615
vt 0.485190 0.466650
vt 0.486665 0.475777
vt 0.489420 0.485489
vt 0.493045 0.494374
vt 0.496752 0.501104
vt 0.498428 0.503422
vt 0.567122 0.543759
vt 0.532017 0.523640
vt 0.558081 0.582484
vt 0.548212 0.620639
vt 0.539460 0.640946
vt 0.524398 0.659458
vt 0.504041 0.680476
vt 0.484662 0.702302
vt 0.483500 0.704276
vt 0.480723 0.704382
vt 0.474677 0.702811
vt 0.482798 0.711307
vt 0.483272 0.717155
vt 0.484754 0.724439
vt 0.487356 0.732547
vt 0.490964 0.740756
vt 0.495223 0.748304
vt 0.499494 0.754421
vt 0.503512 0.758680
vt 0.500039 0.761199
vt 0.513479 0.764036
vt 0.516802 0.765383
vt 0.542905 0.770357
vt 0.569851 0.778326
vt 0.684465 0.764455
vt 0.692280 0.781279
vt 0.660395 0.685678
vt 0.672552 0.725359
vt 0.724466 0.633154
vt 0.722405 0.636256
vt 0.728410 0.625386
vt 0.732660 0.614288
vt 0.736272 0.600962
vt 0.738702 0.586480
vt 0.739617 0.571949
vt 0.738998 0.558458
vt 0.737105 0.546981
vt 0.734312 0.537778
vt 0.719757 0.507733
vt 0.710916 0.498588
vt 0.702034 0.487748
vt 0.692990 0.474785
vt 0.650019 0.393734
vt 0.671378 0.434867
vt 0.709792 0.344008
vt 0.709201 0.345633
vt 0.710334 0.338282
vt 0.710274 0.331934
vt 0.587861 0.252406
vt 0.594498 0.225803
vt 0.706563 0.784116
vt 0.680659 0.369615
vt 0.692240 0.660939
vt 0.604237 0.792451
vt 0.638595 0.806126
vt 0.701453 0.333416
vt 0.696053 0.332946
vt 0.691516 0.330821
vt 0.650145 0.315452
vt 0.607155 0.301242
vt 0.516456 0.250502
vt 0.513972 0.247319
vt 0.511606 0.245616
vt 0.509811 0.244319
vt 0.514103 0.256057
vt 0.512577 0.262731
vt 0.500654 0.264557
vt 0.523365 0.275664
vt 0.533814 0.290534
vt 0.553327 0.328055
vt 0.547387 0.394348
vt 0.550537 0.361281
vt 0.513207 0.435606
vt 0.501378 0.450850
vt 0.499646 0.456830
vt 0.498828 0.459766
vt 0.499051 0.465306
vt 0.500353 0.473105
vt 0.502826 0.481607
vt 0.506051 0.489344
vt 0.510433 0.495581
vt 0.508160 0.495892
vt 0.584306 0.538552
vt 0.545981 0.516720
vt 0.574113 0.581673
vt 0.562991 0.624221
vt 0.553204 0.646904
vt 0.536433 0.667508
vt 0.516082 0.688618
vt 0.497129 0.709224
vt 0.496443 0.712417
vt 0.491716 0.708108
vt 0.496786 0.716575
vt 0.497985 0.722316
vt 0.500189 0.729029
vt 0.503299 0.735974
vt 0.506958 0.742362
vt 0.511054 0.748046
vt 0.518973 0.752540
vt 0.508450 0.752253
vt 0.520947 0.753721
vt 0.546466 0.758204
vt 0.575984 0.767022
vt 0.670448 0.769425
vt 0.673930 0.776839
vt 0.643272 0.682014
vt 0.657019 0.726138
vt 0.713173 0.627567
vt 0.711996 0.628670
vt 0.716090 0.621051
vt 0.719990 0.611026
vt 0.723363 0.598779
vt 0.725640 0.585426
vt 0.726497 0.572112
vt 0.725930 0.559945
vt 0.724246 0.549914
vt 0.721870 0.542230
vt 0.707678 0.514271
vt 0.716223 0.509453
vt 0.699889 0.506012
vt 0.690100 0.494299
vt 0.680104 0.480216
vt 0.631804 0.390788
vt 0.655784 0.436064
vt 0.704299 0.342728
vt 0.696765 0.336423
vt 0.575072 0.239986
vt 0.665143 0.364697
vt 0.695687 0.339573
vt 0.504638 0.443298
vt 0.678473 0.655372
vt 0.607746 0.780032
vt 0.639359 0.792547
vt 0.693134 0.335260
vt 0.616168 0.317177
vt 0.557132 0.299918
vt 0.524909 0.257867
vt 0.536078 0.268384
vt 0.529649 0.260576
vt 0.547577 0.284320
vt 0.549528 0.294645
vt 0.562573 0.397988
vt 0.565946 0.361753
vt 0.524986 0.443023
vt 0.543618 0.420415
vt 0.514973 0.455029
vt 0.517458 0.450076
vt 0.513077 0.459482
vt 0.513497 0.463921
vt 0.514610 0.470423
vt 0.516786 0.477732
vt 0.519586 0.484338
vt 0.520862 0.486594
vt 0.601712 0.533282
vt 0.560654 0.509962
vt 0.590430 0.580797
vt 0.578102 0.627730
vt 0.567281 0.652794
vt 0.548757 0.675445
vt 0.502704 0.712854
vt 0.511743 0.720099
vt 0.510919 0.715451
vt 0.513555 0.725447
vt 0.516158 0.731142
vt 0.519216 0.736377
vt 0.521104 0.739011
vt 0.515835 0.744095
vt 0.524392 0.740716
vt 0.522787 0.744917
vt 0.550246 0.745910
vt 0.582283 0.755647
vt 0.659121 0.772655
vt 0.625802 0.678137
vt 0.640740 0.725631
vt 0.706833 0.625049
vt 0.703143 0.616701
vt 0.706664 0.607761
vt 0.709786 0.596595
vt 0.711900 0.584373
vt 0.712693 0.572272
vt 0.712172 0.561422
vt 0.710685 0.552826
vt 0.708705 0.546658
vt 0.688347 0.513481
vt 0.695515 0.520888
vt 0.677668 0.500915
vt 0.666706 0.485785
vt 0.648722 0.453531
vt 0.630885 0.420915
vt 0.563569 0.288029
vt 0.555796 0.255727
vt 0.506130 0.444114
vt 0.514841 0.261694
vt 0.645275 0.363037
vt 0.676012 0.338100
vt 0.664041 0.649813
vt 0.700719 0.621291
vt 0.526977 0.259208
vt 0.654499 0.770960
vt 0.640109 0.778905
vt 0.542789 0.264480
vt 0.544401 0.265205
vt 0.586036 0.323342
vt 0.569046 0.325369
vt 0.584220 0.320511
vt 0.578009 0.401678
vt 0.581586 0.362330
vt 0.557344 0.425871
vt 0.536997 0.450347
vt 0.529017 0.459116
vt 0.530314 0.456553
vt 0.528426 0.462502
vt 0.518870 0.459858
vt 0.529341 0.467729
vt 0.531206 0.473869
vt 0.534732 0.479439
vt 0.529407 0.480826
vt 0.619183 0.527897
vt 0.575711 0.503248
vt 0.611083 0.562557
vt 0.602500 0.597000
vt 0.581604 0.658605
vt 0.593426 0.631223
vt 0.561420 0.683357
vt 0.527476 0.721804
vt 0.521372 0.717996
vt 0.529544 0.726266
vt 0.531037 0.728800
vt 0.528112 0.732169
vt 0.527539 0.734290
vt 0.554259 0.733511
vt 0.588785 0.744050
vt 0.640590 0.767443
vt 0.608125 0.674027
vt 0.622326 0.719171
vt 0.689612 0.612337
vt 0.688668 0.614112
vt 0.692754 0.604490
vt 0.695619 0.594412
vt 0.697570 0.583317
vt 0.698294 0.572420
vt 0.697822 0.562874
vt 0.696547 0.555700
vt 0.695015 0.551037
vt 0.676385 0.520961
vt 0.682821 0.527494
vt 0.664837 0.507557
vt 0.652979 0.491381
vt 0.633180 0.456292
vt 0.613715 0.420924
vt 0.527892 0.718239
vt 0.528355 0.460783
vt 0.632362 0.759385
vt 0.616928 0.330815
vt 0.649065 0.644257
vt 0.622448 0.363584
vt 0.649603 0.341976
vt 0.597082 0.366186
vt 0.586457 0.384212
vt 0.549378 0.457591
vt 0.569611 0.433346
vt 0.542581 0.462111
vt 0.537215 0.461710
vt 0.544463 0.465019
vt 0.546557 0.470947
vt 0.636603 0.522476
vt 0.591165 0.496658
vt 0.627953 0.560080
vt 0.618698 0.597448
vt 0.597015 0.663198
vt 0.608860 0.634624
vt 0.593444 0.667515
vt 0.590569 0.669937
vt 0.531873 0.720293
vt 0.535036 0.724286
vt 0.558476 0.721108
vt 0.547637 0.718940
vt 0.595362 0.732379
vt 0.612385 0.739522
vt 0.601501 0.705330
vt 0.590361 0.672416
vt 0.680663 0.610013
vt 0.678359 0.601218
vt 0.680947 0.592224
vt 0.682728 0.582254
vt 0.683381 0.572548
vt 0.682964 0.564292
vt 0.681920 0.558527
vt 0.680856 0.555357
vt 0.664079 0.528423
vt 0.669701 0.534068
vt 0.651676 0.514207
vt 0.638934 0.497003
vt 0.614164 0.453376
vt 0.590092 0.409422
vt 0.599434 0.338624
vt 0.537527 0.721764
vt 0.635197 0.637578
vt 0.675986 0.607082
vt 0.622587 0.346052
vt 0.607358 0.348500
vt 0.565675 0.464032
vt 0.561569 0.464560
vt 0.550758 0.463916
vt 0.549475 0.469565
vt 0.592335 0.481861
vt 0.622641 0.499177
vt 0.639285 0.580439
vt 0.627426 0.626360
vt 0.619651 0.636954
vt 0.585292 0.697455
vt 0.574337 0.691102
vt 0.560531 0.715296
vt 0.599013 0.725942
vt 0.588733 0.716811
vt 0.663491 0.597920
vt 0.662492 0.600302
vt 0.665839 0.590024
vt 0.667463 0.581172
vt 0.668048 0.572648
vt 0.667686 0.565667
vt 0.666873 0.561296
vt 0.666239 0.559015
vt 0.650632 0.535372
vt 0.656240 0.540593
vt 0.645925 0.519519
vt 0.644047 0.518004
vt 0.604487 0.467324
vt 0.586718 0.435307
vt 0.557338 0.465533
vt 0.574123 0.712318
vt 0.584096 0.702012
vt 0.583490 0.461350
vt 0.581871 0.710599
vt 0.653094 0.596022
vt 0.651901 0.588027
vt 0.653590 0.580189
vt 0.654731 0.572701
vt 0.655447 0.567156
vt 0.655447 0.563159
vt 0.652622 0.543742
vt 0.650171 0.594360
vt 0.959902 0.171266
vt 0.918504 0.958191
vt 0.883778 0.619000
vt 0.883127 0.670040
vt 0.837870 0.749288
vt 0.870352 0.677909
vt 0.872393 0.853747
vt 0.849704 0.201155
vt 0.959873 0.920669
vt 0.958083 0.985873
vt 0.818924 0.484933
vt 0.932103 0.955288
vt 0.542268 0.864397
vt 0.817763 0.474159
vt 0.921239 0.945901
vt 0.702341 0.231730
vt 0.715765 0.116517
vt 0.619368 0.000220
vt 0.550684 0.035336
vt 0.870152 0.878649
vt 0.877058 0.872988
vt 0.877058 0.893746
vt 0.527265 0.093689
vt 0.834170 0.613760
vt 0.989925 0.843566
vt 0.876456 0.677909
vt 0.541988 0.882774
vt 0.813367 0.458203
vt 0.832335 0.910729
vt 0.832571 0.899612
vt 0.835776 0.910729
vt 0.833957 0.702256
vt 0.414728 0.492795
vt 0.996920 0.860799
vt 0.883320 0.911591
vt 0.876312 0.911591
vt 0.881637 0.894670
vt 0.414728 0.737223
vt 0.504654 0.835013
vt 0.837870 0.481786
vt 0.836244 0.869998
vt 0.832118 0.877840
vt 0.832118 0.865040
vt 0.768669 0.749485
vt 0.832118 0.897880
vt 0.835776 0.887369
vt 0.835776 0.899612
vt 0.885474 0.619000
vt 0.762281 0.396812
vt 0.432131 0.651061
vt 0.739787 0.828055
vt 0.763408 0.395198
vt 0.721702 0.799157
vt 0.627234 0.202979
vt 0.688553 0.336385
vt 0.613249 0.387972
vt 0.594536 0.385320
vt 0.590742 0.404734
vt 0.625887 0.502648
vt 0.123244 0.348158
vt 0.130510 0.350628
vt 0.023034 0.338242
vt 0.866748 0.975090
vt 0.837870 0.973148
vt 0.838590 0.967782
vt 0.867468 0.969724
vt 0.839235 0.961699
vt 0.868113 0.963641
vt 0.839800 0.954992
vt 0.868678 0.956934
vt 0.840281 0.947752
vt 0.869159 0.949694
vt 0.840972 0.932058
vt 0.869851 0.934000
vt 0.841273 0.915371
vt 0.870151 0.917313
vt 0.841148 0.898440
vt 0.870027 0.900382
vt 0.840563 0.882021
vt 0.869442 0.883963
vt 0.840086 0.874238
vt 0.868965 0.876180
vt 0.839482 0.866867
vt 0.868360 0.868809
vt 0.838744 0.859999
vt 0.867623 0.861941
vt 0.837870 0.853729
vt 0.866748 0.855671
vt 0.857361 0.375754
vt 0.886506 0.373802
vt 0.885944 0.380018
vt 0.856798 0.381970
vt 0.885118 0.393365
vt 0.855972 0.395317
vt 0.884629 0.406983
vt 0.855483 0.408935
vt 0.884475 0.420944
vt 0.855329 0.422895
vt 0.884650 0.435323
vt 0.855505 0.437275
vt 0.885152 0.450185
vt 0.856006 0.452136
vt 0.885975 0.465608
vt 0.856829 0.467559
vt 0.886506 0.473550
vt 0.857361 0.475502
vt 0.912150 0.981724
vt 0.883342 0.978931
vt 0.883871 0.962998
vt 0.912679 0.965791
vt 0.885563 0.923511
vt 0.914371 0.926304
vt 0.885813 0.912024
vt 0.914622 0.914817
vt 0.885842 0.901690
vt 0.914650 0.904483
vt 0.885678 0.891805
vt 0.914487 0.894599
vt 0.884821 0.873427
vt 0.913629 0.876220
vt 0.883342 0.856975
vt 0.912150 0.859768
vt 0.907096 0.001069
vt 0.936287 -0.000000
vt 0.934327 0.015070
vt 0.905136 0.016139
vt 0.932748 0.031316
vt 0.903557 0.032386
vt 0.931548 0.048233
vt 0.902357 0.049302
vt 0.930727 0.065332
vt 0.901535 0.066402
vt 0.930285 0.082115
vt 0.901093 0.083184
vt 0.930220 0.098072
vt 0.901028 0.099141
vt 0.930329 0.105592
vt 0.901138 0.106662
vt 0.930532 0.112720
vt 0.901341 0.113789
vt 0.930817 0.118821
vt 0.901626 0.119890
vt 0.931220 0.124891
vt 0.902028 0.125960
vt 0.931728 0.130882
vt 0.902537 0.131951
vt 0.932330 0.136745
vt 0.903138 0.137815
vt 0.933011 0.142431
vt 0.903820 0.143501
vt 0.933760 0.147896
vt 0.904569 0.148965
vt 0.934564 0.153083
vt 0.905373 0.154152
vt 0.935411 0.157949
vt 0.906219 0.159018
vt 0.936287 0.162442
vt 0.907096 0.163511
vt 0.947606 0.838585
vt 0.918504 0.838570
vt 0.919253 0.833993
vt 0.948356 0.834008
vt 0.919916 0.829295
vt 0.949019 0.829310
vt 0.920482 0.824539
vt 0.949585 0.824554
vt 0.920944 0.819795
vt 0.950046 0.819810
vt 0.922004 0.805203
vt 0.951107 0.805218
vt 0.922740 0.789814
vt 0.951843 0.789829
vt 0.923136 0.773737
vt 0.952239 0.773752
vt 0.923175 0.757085
vt 0.952277 0.757100
vt 0.922841 0.739960
vt 0.951944 0.739975
vt 0.922118 0.722475
vt 0.951221 0.722490
vt 0.920991 0.704742
vt 0.950093 0.704757
vt 0.919442 0.686867
vt 0.948544 0.686882
vt 0.918504 0.677909
vt 0.947606 0.677924
vt 0.964720 0.581540
vt 0.964720 0.552329
vt 0.975326 0.551119
vt 0.975326 0.580330
vt 0.984739 0.549835
vt 0.984739 0.579046
vt 0.889402 0.678190
vt 0.918504 0.677909
vt 0.917076 0.686273
vt 0.887975 0.686554
vt 0.915857 0.695019
vt 0.886755 0.695299
vt 0.914838 0.704110
vt 0.885737 0.704390
vt 0.914010 0.713518
vt 0.884909 0.713798
vt 0.913365 0.723214
vt 0.884264 0.723494
vt 0.912895 0.733167
vt 0.883794 0.733447
vt 0.912591 0.743343
vt 0.883490 0.743623
vt 0.912443 0.753713
vt 0.883342 0.753994
vt 0.912445 0.764253
vt 0.883343 0.764533
vt 0.912858 0.785694
vt 0.883757 0.785975
vt 0.913762 0.807426
vt 0.884661 0.807706
vt 0.915089 0.829201
vt 0.885987 0.829481
vt 0.915587 0.835309
vt 0.886485 0.835589
vt 0.916195 0.841121
vt 0.887094 0.841402
vt 0.916897 0.846628
vt 0.887796 0.846908
vt 0.918504 0.856695
vt 0.889402 0.856975
vt 0.959301 0.414414
vt 0.988348 0.411908
vt 0.988050 0.422498
vt 0.959003 0.425004
vt 0.987976 0.432872
vt 0.958929 0.435378
vt 0.988101 0.446295
vt 0.959054 0.448801
vt 0.988339 0.458378
vt 0.959292 0.460884
vt 0.988348 0.461087
vt 0.959301 0.463594
vt 0.988297 0.462952
vt 0.959250 0.465458
vt 0.965396 0.155579
vt 0.936319 0.154354
vt 0.936303 0.153771
vt 0.965379 0.154996
vt 0.936287 0.153187
vt 0.965364 0.154411
vt 0.936514 0.150052
vt 0.965590 0.151277
vt 0.936820 0.147046
vt 0.965896 0.148271
vt 0.937819 0.138255
vt 0.966896 0.139479
vt 0.938051 0.135221
vt 0.967128 0.136446
vt 0.939152 0.114021
vt 0.968229 0.115245
vt 0.939784 0.097611
vt 0.968861 0.098836
vt 0.940173 0.081181
vt 0.969250 0.082405
vt 0.940243 0.067069
vt 0.969320 0.068294
vt 0.939876 0.049578
vt 0.968953 0.050803
vt 0.939052 0.032298
vt 0.968129 0.033523
vt 0.937836 0.015635
vt 0.966912 0.016859
vt 0.936287 -0.000000
vt 0.965364 0.001225
vt 0.960118 0.335821
vt 0.989182 0.333530
vt 0.988412 0.349131
vt 0.959347 0.351422
vt 0.988010 0.365040
vt 0.958946 0.367331
vt 0.987994 0.380756
vt 0.958929 0.383047
vt 0.988135 0.388385
vt 0.959071 0.390676
vt 0.988379 0.395782
vt 0.959314 0.398073
vt 0.988728 0.402879
vt 0.959663 0.405170
vt 0.989182 0.409617
vt 0.960118 0.411908
vt 0.953261 0.333530
vt 0.924166 0.332872
vt 0.924119 0.330750
vt 0.953215 0.331408
vt 0.924119 0.330379
vt 0.953214 0.331037
vt 0.924185 0.328924
vt 0.953280 0.329583
vt 0.925801 0.303791
vt 0.954897 0.304450
vt 0.927419 0.278657
vt 0.956514 0.279315
vt 0.928023 0.263943
vt 0.957118 0.264602
vt 0.928308 0.248497
vt 0.957403 0.249155
vt 0.928302 0.240401
vt 0.957397 0.241059
vt 0.928164 0.231173
vt 0.957259 0.231831
vt 0.927901 0.222172
vt 0.956996 0.222830
vt 0.927026 0.204924
vt 0.956122 0.205582
vt 0.925744 0.188771
vt 0.954839 0.189429
vt 0.924119 0.173830
vt 0.953214 0.174488
vt 0.894972 0.174502
vt 0.924119 0.173830
vt 0.922512 0.188180
vt 0.893365 0.188852
vt 0.921204 0.203200
vt 0.892057 0.203872
vt 0.920194 0.218504
vt 0.891047 0.219176
vt 0.919480 0.233714
vt 0.890333 0.234386
vt 0.919062 0.248449
vt 0.889915 0.249122
vt 0.918949 0.260999
vt 0.889802 0.261671
vt 0.919101 0.272695
vt 0.889954 0.273367
vt 0.919463 0.284986
vt 0.890316 0.285658
vt 0.920309 0.303530
vt 0.891162 0.304203
vt 0.921399 0.320804
vt 0.892252 0.321476
vt 0.921708 0.324515
vt 0.892561 0.325187
vt 0.923679 0.343673
vt 0.894532 0.344346
vt 0.923953 0.347474
vt 0.894806 0.348146
vt 0.924119 0.351208
vt 0.894972 0.351880
vt 0.946666 0.670040
vt 0.917603 0.668533
vt 0.918009 0.662507
vt 0.947072 0.664014
vt 0.918201 0.656394
vt 0.947265 0.657902
vt 0.918201 0.650258
vt 0.947265 0.651765
vt 0.918032 0.644158
vt 0.947095 0.645665
vt 0.917713 0.638164
vt 0.946776 0.639672
vt 0.917266 0.632343
vt 0.946330 0.633850
vt 0.959026 0.628483
vt 0.929876 0.627920
vt 0.931637 0.616609
vt 0.960787 0.617172
vt 0.933123 0.604657
vt 0.962273 0.605219
vt 0.934259 0.593214
vt 0.963408 0.593777
vt 0.934671 0.588043
vt 0.963820 0.588606
vt 0.934967 0.583435
vt 0.964117 0.583997
vt 0.935266 0.576870
vt 0.964416 0.577433
vt 0.935467 0.569885
vt 0.964617 0.570448
vt 0.935568 0.562556
vt 0.964718 0.563119
vt 0.935570 0.554953
vt 0.964720 0.555516
vt 0.935270 0.539237
vt 0.964419 0.539799
vt 0.934557 0.523345
vt 0.963707 0.523908
vt 0.933425 0.507879
vt 0.962575 0.508442
vt 0.932701 0.500495
vt 0.961850 0.501058
vt 0.931868 0.493443
vt 0.961018 0.494006
vt 0.930927 0.486801
vt 0.960076 0.487363
vt 0.929876 0.480642
vt 0.959026 0.481205
vt 0.929991 0.334080
vt 0.958929 0.333530
vt 0.957671 0.339943
vt 0.928732 0.340493
vt 0.956542 0.346997
vt 0.927604 0.347548
vt 0.955558 0.354708
vt 0.926620 0.355258
vt 0.954277 0.368099
vt 0.925339 0.368650
vt 0.953794 0.375008
vt 0.924855 0.375558
vt 0.953424 0.382052
vt 0.924486 0.382603
vt 0.953177 0.389227
vt 0.924238 0.389777
vt 0.953057 0.396531
vt 0.924119 0.397082
vt 0.953073 0.403960
vt 0.924135 0.404511
vt 0.953233 0.411515
vt 0.924294 0.412066
vt 0.953541 0.419186
vt 0.924603 0.419737
vt 0.954006 0.426972
vt 0.925068 0.427523
vt 0.954634 0.434870
vt 0.925696 0.435420
vt 0.955434 0.442875
vt 0.926496 0.443425
vt 0.956412 0.450984
vt 0.927474 0.451534
vt 0.957574 0.459193
vt 0.928636 0.459743
vt 0.958929 0.467500
vt 0.929991 0.468051
vt 0.827366 0.964589
vt 0.798431 0.963895
vt 0.799372 0.958668
vt 0.828307 0.959361
vt 0.800232 0.952556
vt 0.829167 0.953249
vt 0.801002 0.945665
vt 0.829937 0.946359
vt 0.801671 0.938101
vt 0.830606 0.938794
vt 0.802231 0.929980
vt 0.831166 0.930673
vt 0.802672 0.921411
vt 0.831607 0.922104
vt 0.802983 0.912505
vt 0.831918 0.913198
vt 0.803157 0.903376
vt 0.832093 0.904069
vt 0.803183 0.894129
vt 0.832118 0.894823
vt 0.803052 0.884881
vt 0.831987 0.885574
vt 0.802754 0.875737
vt 0.831689 0.876430
vt 0.802279 0.866813
vt 0.831215 0.867507
vt 0.801620 0.858217
vt 0.830555 0.858910
vt 0.800765 0.850064
vt 0.829700 0.850757
vt 0.799705 0.842457
vt 0.828640 0.843150
vt 0.798431 0.835516
vt 0.827366 0.836209
vt 0.964719 0.610750
vt 0.964719 0.581540
vt 0.983839 0.584648
vt 0.983839 0.613859
vt 0.832118 0.865040
vt 0.832118 0.836096
vt 0.835137 0.835516
vt 0.835137 0.864459
vt 0.884212 0.373802
vt 0.855329 0.371935
vt 0.856236 0.365263
vt 0.885119 0.367130
vt 0.857073 0.357907
vt 0.885956 0.359774
vt 0.857837 0.349934
vt 0.886721 0.351801
vt 0.859132 0.332378
vt 0.888015 0.334245
vt 0.860095 0.313112
vt 0.888978 0.314979
vt 0.860699 0.292656
vt 0.889582 0.294523
vt 0.860919 0.271521
vt 0.889802 0.273388
vt 0.860727 0.250232
vt 0.889610 0.252099
vt 0.860099 0.229299
vt 0.888982 0.231166
vt 0.859007 0.209245
vt 0.887890 0.211112
vt 0.857426 0.190583
vt 0.886309 0.192450
vt 0.855329 0.173830
vt 0.884212 0.175697
vt 0.965461 0.484607
vt 0.994401 0.480642
vt 0.993660 0.511026
vt 0.964719 0.514991
vt 0.993687 0.521373
vt 0.964747 0.525338
vt 0.993885 0.527369
vt 0.964944 0.531334
vt 0.994300 0.536984
vt 0.965359 0.540949
vt 0.994383 0.540107
vt 0.965442 0.544072
vt 0.994401 0.543089
vt 0.965461 0.547054
vt 0.994334 0.545870
vt 0.965394 0.549835
vt 0.131296 0.350867
vt 0.022308 0.347269
vt 0.024367 0.329377
vt 0.026349 0.320757
vt 0.116461 0.345554
vt 0.029012 0.312472
vt 0.111238 0.343294
vt 0.032393 0.304615
vt 0.040571 0.289861
vt 0.142452 0.353668
vt 0.049770 0.276777
vt 0.149200 0.355752
vt 0.147337 0.353491
vt 0.148588 0.354920
vt 0.060038 0.265293
vt 0.071421 0.255324
vt 0.083957 0.246799
vt 0.097698 0.239637
vt 0.152910 0.356988
vt 0.150796 0.356650
vt 0.105033 0.236544
vt 0.254549 0.317838
vt 0.227789 0.344821
vt 0.102129 0.220189
vt 0.197272 0.201221
vt 0.198246 0.228123
vt 0.093322 0.180429
vt 0.195067 0.162709
vt 0.091784 0.168371
vt 0.195030 0.159273
vt 0.091235 0.157125
vt 0.195120 0.155917
vt 0.091519 0.145980
vt 0.195244 0.154108
vt 0.094395 0.124133
vt 0.196395 0.144335
vt 0.197946 0.135525
vt 0.197704 0.137214
vt 0.199883 0.125799
vt 0.199719 0.126874
vt 0.099986 0.103131
vt 0.201851 0.115294
vt 0.201315 0.118878
vt 0.107885 0.083264
vt 0.203573 0.104858
vt 0.202595 0.111641
vt 0.117673 0.064820
vt 0.204873 0.092855
vt 0.204466 0.098127
vt 0.128927 0.048097
vt 0.205651 0.083408
vt 0.205094 0.091179
vt 0.141240 0.033380
vt 0.205863 0.074586
vt 0.206080 0.076126
vt 0.154192 0.020966
vt 0.203182 0.062259
vt 0.204005 0.065739
vt 0.167358 0.011146
vt 0.202225 0.058214
vt 0.203162 0.062163
vt 0.173897 0.007298
vt 0.180333 0.004210
vt 0.186105 0.002181
vt 0.200950 0.053976
vt 0.192134 0.000831
vt 0.201257 0.054854
vt 0.198351 0.000119
vt 0.204682 0.000000
vt 0.211056 0.000432
vt 0.217408 0.001374
vt 0.204770 0.068964
vt 0.204166 0.066565
vt 0.223659 0.002788
vt 0.205403 0.071946
vt 0.229743 0.004627
vt 0.235587 0.006854
vt 0.206849 0.074939
vt 0.241120 0.009426
vt 0.209992 0.070449
vt 0.246271 0.012298
vt 0.213909 0.065266
vt 0.250969 0.015431
vt 0.218967 0.059104
vt 0.255143 0.018782
vt 0.266210 0.029864
vt 0.205670 0.081763
vt 0.275989 0.042380
vt 0.284359 0.056265
vt 0.291194 0.071451
vt 0.203626 0.104246
vt 0.296375 0.087877
vt 0.299774 0.105478
vt 0.301271 0.124183
vt 0.300741 0.143932
vt 0.299675 0.154179
vt 0.272941 0.284765
vt 0.259782 0.290024
vt 0.285042 0.270788
vt 0.284008 0.272117
vt 0.312302 0.156836
vt 0.287082 0.268286
vt 0.285969 0.269705
vt 0.324004 0.160374
vt 0.288411 0.266658
vt 0.287544 0.267753
vt 0.334814 0.164752
vt 0.289004 0.265933
vt 0.288605 0.266435
vt 0.344767 0.169924
vt 0.353884 0.175843
vt 0.362197 0.182462
vt 0.369739 0.189735
vt 0.376532 0.197620
vt 0.382605 0.206064
vt 0.387992 0.215024
vt 0.285248 0.271518
vt 0.392718 0.224459
vt 0.400303 0.244549
vt 0.273752 0.283924
vt 0.282347 0.273898
vt 0.292450 0.288040
vt 0.281462 0.286320
vt 0.311803 0.291640
vt 0.301181 0.289856
vt 0.405597 0.265964
vt 0.408821 0.288339
vt 0.409104 0.294889
vt 0.344820 0.294314
vt 0.408705 0.301416
vt 0.345556 0.294639
vt 0.407710 0.307872
vt 0.404293 0.320378
vt 0.323845 0.293115
vt 0.343839 0.294356
vt 0.399551 0.332020
vt 0.394189 0.342423
vt 0.386519 0.354858
vt 0.379203 0.365475
vt 0.255613 0.307990
vt 0.258682 0.290513
vt 0.376869 0.370105
vt 0.376937 0.371347
vt 0.223768 0.421243
vt 0.227068 0.402091
vt 0.243928 0.476222
vt 0.228473 0.473679
vt 0.251656 0.475407
vt 0.247174 0.476511
vt 0.378666 0.374019
vt 0.380763 0.376393
vt 0.387414 0.383114
vt 0.372185 0.395640
vt 0.389150 0.385673
vt 0.398702 0.404664
vt 0.285046 0.456769
vt 0.320175 0.433019
vt 0.405000 0.419833
vt 0.260811 0.473099
vt 0.275132 0.471134
vt 0.261197 0.473063
vt 0.410102 0.435538
vt 0.413174 0.449589
vt 0.289291 0.468273
vt 0.414728 0.467972
vt 0.413980 0.487112
vt 0.411164 0.506469
vt 0.258420 0.473398
vt 0.406504 0.525496
vt 0.253065 0.480293
vt 0.400229 0.543651
vt 0.267230 0.490351
vt 0.392565 0.560388
vt 0.283302 0.502965
vt 0.383739 0.575164
vt 0.308824 0.525352
vt 0.378963 0.581646
vt 0.311265 0.527708
vt 0.373981 0.587438
vt 0.319017 0.535786
vt 0.368821 0.592464
vt 0.363516 0.596664
vt 0.184992 0.528986
vt 0.186314 0.527548
vt 0.202519 0.637093
vt 0.181781 0.597551
vt 0.364005 0.599169
vt 0.217929 0.662850
vt 0.364752 0.600431
vt 0.225083 0.692685
vt 0.221795 0.667812
vt 0.258978 0.715702
vt 0.242396 0.709110
vt 0.395324 0.641981
vt 0.402575 0.654878
vt 0.294249 0.707403
vt 0.321646 0.699771
vt 0.303818 0.705326
vt 0.408461 0.669166
vt 0.410774 0.676989
vt 0.412763 0.686187
vt 0.309083 0.704666
vt 0.414064 0.695435
vt 0.414728 0.713950
vt 0.285589 0.710388
vt 0.293784 0.707533
vt 0.413052 0.732285
vt 0.278861 0.712261
vt 0.409329 0.750187
vt 0.271227 0.713916
vt 0.403842 0.767402
vt 0.263536 0.715177
vt 0.396881 0.783675
vt 0.260798 0.717982
vt 0.388738 0.798753
vt 0.265933 0.725057
vt 0.275430 0.735887
vt 0.266545 0.725992
vt 0.287708 0.750269
vt 0.281464 0.743285
vt 0.379698 0.812381
vt 0.370049 0.824308
vt 0.361041 0.833333
vt 0.289382 0.752348
vt 0.351804 0.840540
vt 0.341439 0.847170
vt 0.324825 0.855777
vt 0.270043 0.736238
vt 0.308364 0.862381
vt 0.295775 0.825492
vt 0.304584 0.863451
vt 0.283844 0.867222
vt 0.280109 0.868512
vt 0.214747 0.717693
vt 0.276779 0.870268
vt 0.165260 0.836396
vt 0.184477 0.808745
vt 0.175296 0.885428
vt 0.175045 0.885221
vt 0.279666 0.875597
vt 0.281506 0.881465
vt 0.247756 0.889090
vt 0.282395 0.887767
vt 0.242999 0.890655
vt 0.282437 0.894390
vt 0.237124 0.892163
vt 0.281722 0.901221
vt 0.230470 0.893483
vt 0.280351 0.908145
vt 0.225850 0.894182
vt 0.276025 0.921824
vt 0.208409 0.895842
vt 0.270243 0.934518
vt 0.198082 0.896647
vt 0.202695 0.901809
vt 0.201055 0.900100
vt 0.263781 0.945322
vt 0.260536 0.949731
vt 0.219795 0.917159
vt 0.257415 0.953329
vt 0.252573 0.957875
vt 0.212359 0.910766
vt 0.214955 0.912862
vt 0.247042 0.962162
vt 0.207631 0.906575
vt 0.240883 0.966144
vt 0.234164 0.969792
vt 0.219291 0.975905
vt 0.191993 0.894189
vt 0.197663 0.896211
vt 0.202935 0.980168
vt 0.186128 0.891640
vt 0.185604 0.982259
vt 0.179231 0.888072
vt 0.176735 0.982393
vt 0.178846 0.887845
vt 0.167811 0.981862
vt 0.177226 0.886814
vt 0.158899 0.980624
vt 0.176046 0.885994
vt 0.150062 0.978641
vt 0.141366 0.975874
vt 0.174384 0.886560
vt 0.132874 0.972282
vt 0.172213 0.890502
vt 0.124642 0.967821
vt 0.168287 0.887299
vt 0.171433 0.885610
vt 0.112149 0.959155
vt 0.106449 0.954304
vt 0.165376 0.889977
vt 0.165155 0.888991
vt 0.165907 0.888594
vt 0.163568 0.889786
vt 0.163982 0.889562
vt 0.101158 0.949093
vt 0.162499 0.890319
vt 0.162730 0.890196
vt 0.096309 0.943509
vt 0.091932 0.937540
vt 0.088058 0.931175
vt 0.162045 0.890541
vt 0.084720 0.924395
vt 0.081947 0.917198
vt 0.079774 0.909564
vt 0.078227 0.901488
vt 0.077345 0.892951
vt 0.166934 0.888101
vt 0.077157 0.883944
vt 0.173993 0.883401
vt 0.174186 0.884262
vt 0.078984 0.864473
vt 0.132714 0.775729
vt 0.170249 0.761864
vt 0.073178 0.861524
vt 0.067409 0.857567
vt 0.102715 0.811751
vt 0.061751 0.852686
vt 0.107631 0.804423
vt 0.056279 0.846958
vt 0.112846 0.797405
vt 0.051076 0.840475
vt 0.118035 0.791018
vt 0.046219 0.833318
vt 0.122911 0.785483
vt 0.041794 0.825570
vt 0.127301 0.780876
vt 0.037868 0.817324
vt 0.130943 0.777327
vt 0.034532 0.808653
vt 0.131246 0.775709
vt 0.031854 0.799651
vt 0.127383 0.775510
vt 0.029919 0.790397
vt 0.123394 0.775137
vt 0.028808 0.780978
vt 0.119628 0.774615
vt 0.115588 0.774002
vt 0.119041 0.774504
vt 0.028593 0.771478
vt 0.029360 0.761985
vt 0.111956 0.773283
vt 0.031182 0.752577
vt 0.034142 0.743345
vt 0.044438 0.718523
vt 0.045526 0.714592
vt 0.159258 0.611123
vt 0.179713 0.598690
vt 0.040500 0.709605
vt 0.035647 0.703771
vt 0.103783 0.651623
vt 0.030994 0.697151
vt 0.104854 0.650718
vt 0.022394 0.681774
vt 0.138733 0.624980
vt 0.014894 0.663955
vt 0.008704 0.644169
vt 0.004021 0.622893
vt 0.180641 0.591764
vt 0.001053 0.600609
vt 0.179531 0.584631
vt -0.000000 0.577789
vt 0.178766 0.577821
vt 0.001067 0.554914
vt 0.178414 0.572381
vt 0.004453 0.532461
vt 0.178372 0.569291
vt 0.010364 0.510906
vt 0.178388 0.568718
vt 0.131316 0.521585
vt 0.180428 0.550095
vt 0.026565 0.472064
vt 0.032769 0.460373
vt 0.104096 0.504047
vt 0.036813 0.454598
vt 0.043538 0.445876
vt 0.181784 0.544557
vt 0.045595 0.442757
vt 0.047409 0.439447
vt 0.199046 0.512485
vt 0.048894 0.435897
vt 0.212618 0.369106
vt 0.044948 0.431836
vt 0.041202 0.426880
vt 0.087013 0.395739
vt 0.037693 0.421113
vt 0.095629 0.389066
vt 0.034448 0.414623
vt 0.099646 0.386213
vt 0.028906 0.399828
vt 0.124724 0.370323
vt 0.024852 0.383202
vt 0.140197 0.361765
vt 0.022563 0.365445
vt 0.150218 0.356348
vt 0.149250 0.355769
vt 0.377708 0.368061
vt 0.363900 0.598810
vt 0.227236 0.704390
vt 0.184078 0.755768
vt 0.077690 0.874458
s 1
usemtl Layer_1_Front_Inflation_Material
f 4/1/1 2/2/2 349/3/3
f 5/4/4 4/1/1 350/5/5
f 7/6/6 5/7/4 351/8/7
f 9/9/8 7/6/6 352/10/9
f 10/11/10 9/9/8 353/12/11
f 11/13/12 10/11/10 354/14/13
f 12/15/14 11/13/12 355/16/15
f 356/17/16 13/18/17 355/16/15
f 357/19/18 15/20/19 356/17/16
f 358/21/20 17/22/21 357/19/18
f 19/23/22 17/24/21 359/25/23
f 21/26/24 19/23/22 360/27/25
f 361/28/26 23/29/27 360/27/25
f 362/30/28 24/31/29 361/28/26
f 26/32/30 24/31/29 363/33/31
f 28/34/32 26/32/30 364/35/33
f 365/36/34 29/37/35 364/35/33
f 366/38/36 31/39/37 365/40/34
f 367/41/38 33/42/39 366/38/36
f 368/43/40 35/44/41 367/41/38
f 37/45/42 35/44/41 369/46/43
f 39/47/44 37/45/42 370/48/45
f 371/49/46 41/50/47 370/48/45
f 372/51/48 42/52/49 371/49/46
f 43/53/50 42/52/49 373/54/51
f 44/55/52 43/53/50 374/56/53
f 375/57/54 45/58/55 374/56/53
f 376/59/56 47/60/57 375/57/54
f 377/61/58 49/62/59 376/59/56
f 378/63/60 51/64/61 377/61/58
f 379/65/62 53/66/63 378/63/60
f 380/67/64 55/68/65 379/65/62
f 381/69/66 57/70/67 380/67/64
f 58/71/68 57/70/67 382/72/69
f 59/73/70 58/74/68 383/75/71
f 61/76/72 59/73/70 384/77/73
f 62/78/74 61/76/72 385/79/75
f 64/80/76 62/78/74 386/81/77
f 65/82/78 64/80/76 387/83/79
f 388/84/80 67/85/81 387/83/79
f 389/86/82 69/87/83 388/84/80
f 390/88/84 70/89/85 389/86/82
f 391/90/86 72/91/87 390/88/84
f 392/92/88 74/93/89 391/90/86
f 393/94/90 76/95/91 392/92/88
f 394/96/92 77/97/93 393/94/90
f 395/98/94 78/99/95 394/96/92
f 80/100/96 78/101/95 396/102/97
f 81/103/98 80/100/96 397/104/99
f 82/105/100 81/106/98 398/107/101
f 83/108/102 82/105/100 399/109/103
f 400/110/104 84/111/105 399/109/103
f 401/112/106 85/113/107 400/110/104
f 402/114/108 86/115/109 401/112/106
f 403/116/110 87/117/111 402/114/108
f 404/118/112 88/119/113 403/116/110
f 405/120/114 89/121/115 404/118/112
f 91/122/116 89/121/115 406/123/117
f 93/124/118 91/122/116 407/125/119
f 408/126/120 95/127/121 407/125/119
f 96/128/122 95/127/121 409/129/123
f 98/130/124 96/128/122 410/131/125
f 411/132/126 99/133/127 410/131/125
f 100/134/128 99/133/127 412/135/129
f 102/136/130 100/134/128 413/137/131
f 414/138/132 104/139/133 413/140/131
f 415/141/134 106/142/135 414/138/132
f 416/143/136 108/144/137 415/141/134
f 417/145/138 110/146/139 416/143/136
f 418/147/140 112/148/141 417/145/138
f 419/149/142 113/150/143 418/151/140
f 420/152/144 115/153/145 419/149/142
f 117/154/146 115/153/145 421/155/147
f 119/156/148 117/154/146 422/157/149
f 120/158/150 119/156/148 423/159/151
f 424/160/152 122/161/153 423/159/151
f 425/162/154 124/163/155 424/160/152
f 125/164/156 124/163/155 426/165/157
f 126/166/158 125/164/156 427/167/159
f 128/168/160 126/166/158 428/169/161
f 429/170/162 130/171/163 428/169/161
f 430/172/164 132/173/165 429/170/162
f 431/174/166 134/175/167 430/172/164
f 432/176/168 136/177/169 431/174/166
f 138/178/170 136/179/169 433/180/171
f 140/181/172 138/178/170 434/182/173
f 435/183/174 141/184/175 434/182/173
f 436/185/176 143/186/177 435/183/174
f 144/187/178 143/186/177 437/188/179
f 146/189/180 144/187/178 438/190/181
f 439/191/182 148/192/183 438/190/181
f 150/193/184 148/194/183 440/195/185
f 441/196/186 152/197/187 440/195/185
f 154/198/188 152/197/187 442/199/189
f 2126/200/190 443/201/191 2125/202/192
f 444/203/193 157/204/194 443/201/191
f 445/205/195 158/206/196 444/203/193
f 446/207/197 160/208/198 445/205/195
f 161/209/199 160/208/198 447/210/200
f 163/211/201 161/209/199 448/212/202
f 165/213/203 163/211/201 449/214/204
f 450/215/205 167/216/206 449/214/204
f 451/217/207 169/218/208 450/215/205
f 452/219/209 171/220/210 451/221/207
f 453/222/211 173/223/212 452/219/209
f 454/224/213 175/225/214 453/222/211
f 177/226/215 175/225/214 455/227/216
f 178/228/217 177/226/215 456/229/218
f 179/230/219 178/228/217 457/231/220
f 458/232/221 181/233/222 457/231/220
f 459/234/223 183/235/224 458/232/221
f 185/236/225 183/235/224 460/237/226
f 186/238/227 185/236/225 461/239/228
f 462/240/229 188/241/230 461/239/228
f 463/242/231 190/243/232 462/240/229
f 192/244/233 190/243/232 464/245/234
f 465/246/235 194/247/236 464/245/234
f 195/248/237 194/249/236 466/250/238
f 467/251/239 197/252/240 466/250/238
f 468/253/241 199/254/242 467/251/239
f 469/255/243 201/256/244 468/253/241
f 470/257/245 203/258/246 469/255/243
f 205/259/247 203/258/246 471/260/248
f 207/261/249 205/262/247 472/263/250
f 473/264/251 209/265/252 472/263/250
f 474/266/253 210/267/254 473/264/251
f 475/268/255 211/269/256 474/266/253
f 213/270/257 211/269/256 476/271/258
f 477/272/259 215/273/260 476/271/258
f 478/274/261 217/275/262 477/272/259
f 479/276/263 219/277/264 478/274/261
f 221/278/265 219/277/264 480/279/266
f 223/280/267 221/278/265 481/281/268
f 482/282/269 225/283/270 481/281/268
f 483/284/271 226/285/272 482/282/269
f 484/286/273 228/287/274 483/284/271
f 229/288/275 228/287/274 485/289/276
f 230/290/277 229/288/275 486/291/278
f 231/292/279 230/290/277 487/293/280
f 233/294/281 231/295/279 488/296/282
f 234/297/283 233/294/281 489/298/284
f 235/299/285 234/297/283 490/300/286
f 491/301/287 236/302/288 490/300/286
f 492/303/289 237/304/290 491/301/287
f 238/305/291 237/304/290 493/306/292
f 239/307/293 238/305/291 494/308/294
f 240/309/295 239/307/293 495/310/296
f 241/311/297 240/309/295 496/312/298
f 243/313/299 241/311/297 497/314/300
f 244/315/301 243/313/299 498/316/302
f 499/317/303 245/318/304 498/316/302
f 500/319/305 246/320/306 499/317/303
f 501/321/307 248/322/308 500/319/305
f 502/323/309 250/324/310 501/321/307
f 503/325/311 251/326/312 502/323/309
f 504/327/313 253/328/314 503/325/311
f 254/329/315 253/328/314 505/330/316
f 506/331/317 256/332/318 505/330/316
f 507/333/319 257/334/320 506/331/317
f 508/335/321 259/336/322 507/333/319
f 509/337/323 261/338/324 508/335/321
f 510/339/325 263/340/326 509/337/323
f 511/341/327 265/342/328 510/339/325
f 266/343/329 265/342/328 512/344/330
f 268/345/331 266/343/329 513/346/332
f 269/347/333 268/345/331 514/348/334
f 271/349/335 269/347/333 515/350/336
f 272/351/337 271/349/335 516/352/338
f 273/353/339 272/351/337 517/354/340
f 274/355/341 273/353/339 518/356/342
f 276/357/343 274/355/341 519/358/344
f 520/359/345 278/360/346 519/358/344
f 521/361/347 280/362/348 520/363/345
f 522/364/349 281/365/350 521/366/347
f 282/367/351 281/365/350 523/368/352
f 524/369/353 284/370/354 523/368/352
f 286/371/355 284/370/354 525/372/356
f 288/373/357 286/371/355 526/374/358
f 527/375/359 290/376/360 526/374/358
f 528/377/361 292/378/362 527/375/359
f 529/379/363 294/380/364 528/377/361
f 296/381/365 294/380/364 530/382/366
f 298/383/367 296/381/365 531/384/368
f 300/385/369 298/383/367 532/386/370
f 302/387/371 300/385/369 533/388/372
f 303/389/373 302/387/371 534/390/374
f 535/391/375 305/392/376 534/393/374
f 306/394/377 305/392/376 536/395/378
f 537/396/379 308/397/380 536/395/378
f 538/398/381 310/399/382 537/396/379
f 539/400/383 312/401/384 538/398/381
f 540/402/385 314/403/386 539/400/383
f 541/404/387 315/405/388 540/406/385
f 316/407/389 315/405/388 542/408/390
f 543/409/391 318/410/392 542/408/390
f 544/411/393 319/412/394 543/409/391
f 321/413/395 319/412/394 545/414/396
f 323/415/397 321/413/395 546/416/398
f 547/417/399 325/418/400 546/416/398
f 326/419/401 325/418/400 548/420/402
f 549/421/403 327/422/404 548/420/402
f 550/423/405 329/424/406 549/421/403
f 2/2/2 329/424/406 551/425/407
f 349/3/3 551/425/407 552/426/408
f 350/5/5 349/3/3 553/427/409
f 351/8/7 350/428/5 554/429/410
f 352/10/9 351/8/7 555/430/411
f 353/12/11 352/10/9 556/431/412
f 354/14/13 353/12/11 557/432/413
f 355/16/15 354/14/13 558/433/414
f 559/434/415 356/17/16 558/433/414
f 560/435/416 357/19/18 559/434/415
f 561/436/417 358/21/20 560/435/416
f 359/25/23 358/437/20 562/438/418
f 360/27/25 359/25/23 563/439/419
f 564/440/420 361/28/26 563/439/419
f 565/441/421 362/30/28 564/440/420
f 363/33/31 362/30/28 566/442/422
f 364/35/33 363/33/31 567/443/423
f 568/444/424 365/36/34 567/443/423
f 569/445/425 366/38/36 568/446/424
f 570/447/426 367/41/38 569/445/425
f 571/448/427 368/43/40 570/447/426
f 369/46/43 368/43/40 572/449/428
f 370/48/45 369/46/43 573/450/429
f 574/451/430 371/49/46 573/450/429
f 575/452/431 372/51/48 574/451/430
f 373/54/51 372/51/48 576/453/432
f 374/56/53 373/54/51 577/454/433
f 578/455/434 375/57/54 577/454/433
f 579/456/435 376/59/56 578/455/434
f 580/457/436 377/61/58 579/456/435
f 581/458/437 378/63/60 580/457/436
f 582/459/438 379/65/62 581/458/437
f 583/460/439 380/67/64 582/459/438
f 584/461/440 381/69/66 583/460/439
f 382/72/69 381/69/66 585/462/441
f 383/75/71 382/463/69 586/464/442
f 384/77/73 383/75/71 587/465/443
f 385/79/75 384/77/73 588/466/444
f 386/81/77 385/79/75 589/467/445
f 387/83/79 386/81/77 590/468/446
f 591/469/447 388/84/80 590/468/446
f 592/470/448 389/86/82 591/469/447
f 593/471/449 390/88/84 592/470/448
f 594/472/450 391/90/86 593/471/449
f 595/473/451 392/92/88 594/472/450
f 596/474/452 393/94/90 595/473/451
f 597/475/453 394/96/92 596/474/452
f 598/476/454 395/98/94 597/475/453
f 396/477/97 395/98/94 599/478/455
f 397/104/99 396/102/97 600/479/456
f 398/107/101 397/480/99 601/481/457
f 399/109/103 398/107/101 602/482/458
f 603/483/459 400/110/104 602/482/458
f 604/484/460 401/112/106 603/483/459
f 605/485/461 402/114/108 604/484/460
f 606/486/462 403/116/110 605/485/461
f 607/487/463 404/118/112 606/486/462
f 608/488/464 405/120/114 607/487/463
f 406/123/117 405/120/114 609/489/465
f 407/125/119 406/123/117 610/490/466
f 611/491/467 408/126/120 610/490/466
f 409/129/123 408/126/120 612/492/468
f 410/131/125 409/129/123 613/493/469
f 614/494/470 411/132/126 613/493/469
f 412/135/129 411/132/126 615/495/471
f 413/137/131 412/135/129 616/496/472
f 617/497/473 414/138/132 616/498/472
f 618/499/474 415/141/134 617/497/473
f 619/500/475 416/143/136 618/499/474
f 620/501/476 417/145/138 619/500/475
f 621/502/477 418/147/140 620/501/476
f 622/503/478 419/149/142 621/504/477
f 623/505/479 420/152/144 622/503/478
f 421/155/147 420/152/144 624/506/480
f 422/157/149 421/155/147 625/507/481
f 626/508/482 121/509/483 625/507/481
f 121/509/483 424/160/152 423/159/151
f 627/510/484 425/162/154 121/509/483
f 426/165/157 425/162/154 628/511/485
f 427/167/159 426/165/157 629/512/486
f 428/169/161 427/167/159 630/513/487
f 631/514/488 429/170/162 630/513/487
f 632/515/489 430/172/164 631/514/488
f 633/516/490 431/174/166 632/515/489
f 634/517/491 432/176/168 633/516/490
f 433/180/171 432/518/168 635/519/492
f 434/182/173 433/180/171 636/520/493
f 637/521/494 435/183/174 636/520/493
f 638/522/495 436/185/176 637/521/494
f 437/188/179 436/185/176 639/523/496
f 438/190/181 437/188/179 640/524/497
f 641/525/498 439/191/182 640/524/497
f 440/195/185 439/526/182 642/527/499
f 643/528/500 441/196/186 642/527/499
f 442/199/189 441/196/186 644/529/501
f 2127/530/502 645/531/503 2126/200/190
f 646/532/504 444/203/193 645/531/503
f 647/533/505 445/205/195 646/532/504
f 648/534/506 446/207/197 647/533/505
f 447/210/200 446/207/197 649/535/507
f 448/212/202 447/210/200 650/536/508
f 449/214/204 448/212/202 651/537/509
f 652/538/510 450/215/205 651/537/509
f 653/539/511 451/217/207 652/538/510
f 654/540/512 452/219/209 653/541/511
f 655/542/513 453/222/211 654/540/512
f 656/543/514 454/224/213 655/542/513
f 455/227/216 454/224/213 657/544/515
f 456/229/218 455/227/216 658/545/516
f 457/231/220 456/229/218 659/546/517
f 660/547/518 458/232/221 659/546/517
f 661/548/519 459/234/223 660/547/518
f 460/237/226 459/234/223 662/549/520
f 461/239/228 460/237/226 663/550/521
f 664/551/522 462/240/229 663/550/521
f 665/552/523 463/242/231 664/551/522
f 464/245/234 463/242/231 666/553/524
f 667/554/525 465/246/235 666/553/524
f 466/250/238 465/555/235 668/556/526
f 669/557/527 467/251/239 668/556/526
f 670/558/528 468/253/241 669/557/527
f 671/559/529 469/255/243 670/558/528
f 672/560/530 470/257/245 671/559/529
f 471/260/248 470/257/245 673/561/531
f 472/562/250 471/260/248 674/563/532
f 675/564/533 473/264/251 674/565/532
f 676/566/534 474/266/253 675/564/533
f 677/567/535 475/268/255 676/566/534
f 476/271/258 475/268/255 678/568/536
f 679/569/537 477/272/259 678/568/536
f 680/570/538 478/274/261 679/569/537
f 681/571/539 479/276/263 680/570/538
f 480/279/266 479/276/263 682/572/540
f 481/281/268 480/279/266 683/573/541
f 684/574/542 482/282/269 683/573/541
f 685/575/543 483/284/271 684/574/542
f 686/576/544 484/286/273 685/575/543
f 485/289/276 484/286/273 687/577/545
f 486/291/278 485/289/276 688/578/546
f 487/293/280 486/291/278 689/579/547
f 488/296/282 487/580/280 690/581/548
f 489/298/284 488/296/282 691/582/549
f 490/300/286 489/298/284 692/583/550
f 693/584/551 491/301/287 692/583/550
f 694/585/552 492/303/289 693/584/551
f 493/306/292 492/303/289 695/586/553
f 494/308/294 493/306/292 696/587/554
f 495/310/296 494/308/294 697/588/555
f 496/312/298 495/310/296 698/589/556
f 497/314/300 496/312/298 699/590/557
f 498/316/302 497/314/300 700/591/558
f 701/592/559 499/317/303 700/591/558
f 702/593/560 500/319/305 701/592/559
f 703/594/561 501/321/307 702/593/560
f 704/595/562 502/323/309 703/594/561
f 705/596/563 503/325/311 704/595/562
f 706/597/564 504/327/313 705/596/563
f 505/330/316 504/327/313 707/598/565
f 708/599/566 506/331/317 707/598/565
f 709/600/567 507/333/319 708/599/566
f 710/601/568 508/335/321 709/600/567
f 711/602/569 509/337/323 710/601/568
f 712/603/570 510/339/325 711/602/569
f 713/604/571 511/341/327 712/603/570
f 512/344/330 511/341/327 714/605/572
f 513/346/332 512/344/330 715/606/573
f 514/348/334 513/346/332 716/607/574
f 515/350/336 514/348/334 717/608/575
f 516/352/338 515/350/336 718/609/576
f 517/354/340 516/352/338 719/610/577
f 518/356/342 517/354/340 720/611/578
f 519/358/344 518/356/342 721/612/579
f 722/613/580 520/359/345 721/612/579
f 723/614/581 521/366/347 722/613/580
f 724/615/582 522/364/349 723/614/581
f 523/368/352 522/364/349 725/616/583
f 726/617/584 524/369/353 725/616/583
f 525/372/356 524/369/353 727/618/585
f 526/374/358 525/372/356 728/619/586
f 729/620/587 527/375/359 728/619/586
f 730/621/588 528/377/361 729/620/587
f 731/622/589 529/379/363 730/621/588
f 530/382/366 529/379/363 732/623/590
f 531/384/368 530/382/366 733/624/591
f 532/386/370 531/384/368 734/625/592
f 533/388/372 532/386/370 735/626/593
f 534/390/374 533/388/372 736/627/594
f 737/628/595 535/391/375 736/629/594
f 536/395/378 535/391/375 738/630/596
f 739/631/597 537/396/379 738/630/596
f 740/632/598 538/398/381 739/631/597
f 741/633/599 539/400/383 740/632/598
f 742/634/600 540/402/385 741/633/599
f 743/635/601 541/404/387 742/636/600
f 542/408/390 541/404/387 744/637/602
f 745/638/603 543/409/391 744/637/602
f 746/639/604 544/411/393 745/638/603
f 545/414/396 544/411/393 747/640/605
f 546/416/398 545/414/396 748/641/606
f 749/642/607 547/417/399 748/641/606
f 548/420/402 547/417/399 750/643/608
f 751/644/609 549/421/403 750/643/608
f 752/645/610 550/423/405 751/644/609
f 551/425/407 550/423/405 753/646/611
f 552/426/408 753/646/611 754/647/612
f 553/427/409 552/426/408 755/648/613
f 554/429/410 553/649/409 756/650/614
f 555/430/411 554/429/410 757/651/615
f 556/431/412 555/430/411 758/652/616
f 557/432/413 556/431/412 759/653/617
f 558/433/414 557/432/413 760/654/618
f 761/655/619 559/434/415 760/654/618
f 762/656/620 560/435/416 761/655/619
f 763/657/621 561/436/417 762/656/620
f 562/438/418 561/658/417 764/659/622
f 563/439/419 562/438/418 765/660/623
f 766/661/624 564/440/420 765/660/623
f 767/662/625 565/441/421 766/661/624
f 566/442/422 565/441/421 768/663/626
f 567/443/423 566/442/422 769/664/627
f 770/665/628 568/666/424 769/667/627
f 771/668/629 569/669/425 770/665/628
f 772/670/630 570/671/426 771/668/629
f 773/672/631 571/448/427 772/673/630
f 572/449/428 571/448/427 774/674/632
f 573/450/429 572/449/428 775/675/633
f 776/676/634 574/451/430 775/675/633
f 777/677/635 575/452/431 776/676/634
f 576/453/432 575/452/431 778/678/636
f 577/454/433 576/453/432 779/679/637
f 780/680/638 578/455/434 779/679/637
f 781/681/639 579/456/435 780/680/638
f 782/682/640 580/683/436 781/684/639
f 783/685/641 581/686/437 782/682/640
f 784/687/642 582/688/438 783/685/641
f 785/689/643 583/690/439 784/687/642
f 786/691/644 584/692/440 785/689/643
f 585/693/441 584/692/440 787/694/645
f 586/695/442 585/693/441 788/696/646
f 587/697/443 586/695/442 789/698/647
f 588/699/444 587/697/443 790/700/648
f 589/701/445 588/699/444 791/702/649
f 590/703/446 589/701/445 792/704/650
f 793/705/651 591/469/447 792/706/650
f 794/707/652 592/470/448 793/705/651
f 795/708/653 593/471/449 794/707/652
f 796/709/654 594/472/450 795/708/653
f 797/710/655 595/711/451 796/712/654
f 798/713/656 596/714/452 797/715/655
f 799/716/657 597/717/453 798/713/656
f 800/718/658 598/719/454 799/716/657
f 599/478/455 598/476/454 801/720/659
f 600/721/456 599/478/455 802/722/660
f 601/481/457 600/721/456 803/723/661
f 602/482/458 601/481/457 804/724/662
f 805/725/663 603/483/459 804/724/662
f 806/726/664 604/484/460 805/725/663
f 807/727/665 605/485/461 806/726/664
f 808/728/666 606/486/462 807/727/665
f 809/729/667 607/487/463 808/728/666
f 810/730/668 608/488/464 809/729/667
f 609/489/465 608/488/464 811/731/669
f 610/490/466 609/489/465 812/732/670
f 813/733/671 611/491/467 812/732/670
f 612/492/468 611/491/467 814/734/672
f 613/493/469 612/492/468 815/735/673
f 816/736/674 614/494/470 815/735/673
f 615/495/471 614/494/470 817/737/675
f 616/496/472 615/495/471 818/738/676
f 819/739/677 617/497/473 818/740/676
f 820/741/678 618/499/474 819/739/677
f 821/742/679 619/500/475 820/741/678
f 822/743/680 620/501/476 821/742/679
f 823/744/681 621/502/477 822/743/680
f 824/745/682 622/503/478 823/746/681
f 825/747/683 623/505/479 824/745/682
f 624/506/480 623/505/479 826/748/684
f 625/507/481 624/506/480 827/749/685
f 626/508/482 625/507/481 828/750/686
f 829/751/687 627/510/484 828/750/686
f 628/511/485 627/510/484 830/752/688
f 629/512/486 628/511/485 831/753/689
f 630/513/487 629/512/486 832/754/690
f 833/755/691 631/514/488 832/754/690
f 834/756/692 632/515/489 833/755/691
f 835/757/693 633/516/490 834/756/692
f 836/758/694 634/517/491 835/757/693
f 635/519/492 634/759/491 837/760/695
f 636/520/493 635/519/492 838/761/696
f 839/762/697 637/521/494 838/761/696
f 840/763/698 638/522/495 839/762/697
f 639/523/496 638/522/495 841/764/699
f 640/524/497 639/523/496 842/765/700
f 843/766/701 641/525/498 842/765/700
f 642/527/499 641/767/498 844/768/702
f 845/769/703 643/528/500 844/768/702
f 644/529/501 643/528/500 846/770/704
f 2128/771/705 847/772/706 2127/530/502
f 848/773/707 646/532/504 847/772/706
f 849/774/708 647/533/505 848/773/707
f 850/775/709 648/534/506 849/774/708
f 649/535/507 648/534/506 851/776/710
f 650/536/508 649/535/507 852/777/711
f 651/537/509 650/536/508 853/778/712
f 854/779/713 652/538/510 853/778/712
f 855/780/714 653/539/511 854/779/713
f 856/781/715 654/540/512 855/782/714
f 857/783/716 655/542/513 856/781/715
f 858/784/717 656/543/514 857/783/716
f 657/544/515 656/543/514 859/785/718
f 658/545/516 657/544/515 860/786/719
f 659/546/517 658/545/516 861/787/720
f 862/788/721 660/547/518 861/787/720
f 863/789/722 661/548/519 862/788/721
f 662/549/520 661/548/519 864/790/723
f 663/550/521 662/549/520 865/791/724
f 866/792/725 664/551/522 865/791/724
f 867/793/726 665/552/523 866/792/725
f 666/553/524 665/552/523 868/794/727
f 869/795/728 667/796/525 868/797/727
f 668/798/526 667/796/525 196/799/729
f 870/800/730 670/801/528 196/799/729
f 871/802/731 671/803/529 870/800/730
f 872/804/732 672/805/530 871/802/731
f 673/806/531 672/805/530 873/807/733
f 674/808/532 673/806/531 874/809/734
f 875/810/735 675/811/533 874/809/734
f 876/812/736 676/813/534 875/810/735
f 877/814/737 677/815/535 876/812/736
f 678/816/536 677/815/535 878/817/738
f 879/818/739 679/569/537 878/819/738
f 880/820/740 680/570/538 879/818/739
f 881/821/741 681/571/539 880/820/740
f 682/572/540 681/571/539 882/822/742
f 683/573/541 682/572/540 883/823/743
f 884/824/744 684/574/542 883/823/743
f 885/825/745 685/575/543 884/824/744
f 886/826/746 686/576/544 885/825/745
f 687/827/545 686/828/544 887/829/747
f 688/830/546 687/827/545 888/831/748
f 689/832/547 688/830/546 889/833/749
f 690/834/548 689/832/547 890/835/750
f 691/836/549 690/834/548 891/837/751
f 692/583/550 691/582/549 892/838/752
f 893/839/753 693/584/551 892/838/752
f 894/840/754 694/585/552 893/839/753
f 695/586/553 694/585/552 895/841/755
f 696/587/554 695/586/553 896/842/756
f 697/588/555 696/587/554 897/843/757
f 698/589/556 697/588/555 898/844/758
f 699/590/557 698/589/556 899/845/759
f 700/591/558 699/590/557 900/846/760
f 901/847/761 701/592/559 900/846/760
f 902/848/762 702/593/560 901/847/761
f 903/849/763 703/594/561 902/848/762
f 904/850/764 704/595/562 903/849/763
f 905/851/765 705/596/563 904/850/764
f 906/852/766 706/597/564 905/851/765
f 707/598/565 706/597/564 907/853/767
f 908/854/768 708/599/566 907/853/767
f 909/855/769 709/600/567 908/854/768
f 910/856/770 710/601/568 909/855/769
f 911/857/771 711/602/569 910/856/770
f 912/858/772 712/603/570 911/857/771
f 913/859/773 713/604/571 912/858/772
f 714/605/572 713/604/571 914/860/774
f 715/606/573 714/605/572 915/861/775
f 716/607/574 715/606/573 916/862/776
f 717/608/575 716/607/574 917/863/777
f 718/609/576 717/608/575 918/864/778
f 719/610/577 718/609/576 919/865/779
f 720/611/578 719/610/577 920/866/780
f 721/612/579 720/611/578 921/867/781
f 922/868/782 722/613/580 921/867/781
f 923/869/783 723/614/581 922/868/782
f 924/870/784 724/615/582 923/869/783
f 725/616/583 724/615/582 925/871/785
f 926/872/786 726/617/584 925/871/785
f 727/618/585 726/617/584 927/873/787
f 728/619/586 727/618/585 928/874/788
f 929/875/789 729/620/587 928/874/788
f 930/876/790 730/621/588 929/875/789
f 931/877/791 731/622/589 930/876/790
f 732/623/590 731/622/589 932/878/792
f 733/624/591 732/623/590 933/879/793
f 734/625/592 733/624/591 934/880/794
f 735/626/593 734/625/592 935/881/795
f 736/627/594 735/626/593 936/882/796
f 937/883/797 737/628/595 936/884/796
f 738/630/596 737/628/595 938/885/798
f 939/886/799 739/631/597 938/885/798
f 940/887/800 740/632/598 939/886/799
f 941/888/801 741/633/599 940/887/800
f 942/889/802 742/890/600 941/891/801
f 943/892/803 743/635/601 942/893/802
f 744/637/602 743/635/601 944/894/804
f 945/895/805 745/638/603 944/894/804
f 946/896/806 746/639/604 945/895/805
f 747/640/605 746/639/604 947/897/807
f 748/641/606 747/640/605 948/898/808
f 949/899/809 749/642/607 948/898/808
f 750/643/608 749/642/607 950/900/810
f 951/901/811 751/644/609 950/900/810
f 952/902/812 752/645/610 951/901/811
f 753/646/611 752/645/610 953/903/813
f 754/904/612 953/905/813 954/906/814
f 755/907/613 754/904/612 955/908/815
f 756/909/614 755/907/613 956/910/816
f 757/911/615 756/909/614 957/912/817
f 758/913/616 757/911/615 958/914/818
f 759/653/617 758/652/616 959/915/819
f 760/654/618 759/653/617 960/916/820
f 961/917/821 761/655/619 960/916/820
f 962/918/822 762/656/620 961/917/821
f 963/919/823 763/920/621 962/921/822
f 964/922/824 764/923/622 2129/924/825
f 765/925/623 764/923/622 965/926/826
f 966/927/827 766/928/624 965/926/826
f 967/929/828 767/930/625 966/927/827
f 768/931/626 767/930/625 968/932/829
f 769/667/627 768/931/626 969/933/830
f 970/934/831 770/665/628 969/933/830
f 971/935/832 771/668/629 970/934/831
f 972/936/833 772/670/630 971/935/832
f 973/937/834 773/938/631 972/936/833
f 774/939/632 773/938/631 974/940/835
f 775/941/633 774/939/632 975/942/836
f 976/943/837 776/944/634 975/942/836
f 977/945/838 777/946/635 976/943/837
f 778/947/636 777/946/635 978/948/839
f 779/949/637 778/947/636 979/950/840
f 980/951/841 780/952/638 979/950/840
f 981/953/842 781/684/639 980/951/841
f 982/954/843 782/682/640 981/953/842
f 983/955/844 783/685/641 982/954/843
f 984/956/845 784/687/642 983/955/844
f 985/957/846 785/689/643 984/956/845
f 986/958/847 786/691/644 985/957/846
f 787/694/645 786/691/644 987/959/848
f 788/696/646 787/694/645 988/960/849
f 789/698/647 788/696/646 989/961/850
f 790/700/648 789/698/647 990/962/851
f 791/702/649 790/700/648 991/963/852
f 792/704/650 791/702/649 992/964/853
f 993/965/854 793/966/651 992/964/853
f 994/967/855 794/968/652 993/965/854
f 995/969/856 795/970/653 994/967/855
f 996/971/857 796/972/654 995/969/856
f 997/973/858 797/715/655 996/971/857
f 998/974/859 798/713/656 997/973/858
f 999/975/860 799/716/657 998/974/859
f 1000/976/861 800/718/658 2130/977/862
f 1001/978/863 801/979/659 2131/980/864
f 802/981/660 801/979/659 1002/982/865
f 803/983/661 802/981/660 1003/984/866
f 804/985/662 803/983/661 1004/986/867
f 1005/987/868 805/988/663 1004/986/867
f 1006/989/869 806/990/664 1005/987/868
f 1007/991/870 807/992/665 1006/989/869
f 1008/993/871 808/728/666 1007/994/870
f 1009/995/872 809/729/667 1008/993/871
f 1010/996/873 810/730/668 1009/995/872
f 811/731/669 810/730/668 1011/997/874
f 812/732/670 811/731/669 1012/998/875
f 1013/999/876 813/733/671 1012/998/875
f 814/1000/672 813/1001/671 1014/1002/877
f 815/1003/673 814/1000/672 1015/1004/878
f 1016/1005/879 816/1006/674 1015/1004/878
f 817/1007/675 816/1006/674 1017/1008/880
f 818/1009/676 817/1007/675 1018/1010/881
f 1019/1011/882 819/1012/677 1018/1010/881
f 1020/1013/883 820/1014/678 1019/1011/882
f 1021/1015/884 821/1016/679 1020/1013/883
f 1022/1017/885 822/1018/680 1021/1015/884
f 1023/1019/886 823/1020/681 1022/1017/885
f 1024/1021/887 824/1022/682 1023/1019/886
f 1025/1023/888 825/747/683 1024/1024/887
f 826/748/684 825/747/683 1026/1025/889
f 827/749/685 826/748/684 1027/1026/890
f 828/750/686 827/749/685 1028/1027/891
f 1029/1028/892 829/751/687 1028/1027/891
f 830/752/688 829/751/687 1030/1029/893
f 831/753/689 830/752/688 1031/1030/894
f 832/754/690 831/753/689 1032/1031/895
f 1033/1032/896 833/755/691 1032/1031/895
f 1034/1033/897 834/756/692 1033/1032/896
f 1035/1034/898 835/757/693 1034/1033/897
f 1036/1035/899 836/1036/694 1035/1037/898
f 837/1038/695 836/1036/694 1037/1039/900
f 838/761/696 837/760/695 1038/1040/901
f 1039/1041/902 839/762/697 1038/1040/901
f 1040/1042/903 840/763/698 1039/1041/902
f 841/764/699 840/763/698 1041/1043/904
f 842/765/700 841/764/699 1042/1044/905
f 1043/1045/906 843/1046/701 1042/1047/905
f 844/1048/702 843/1046/701 1044/1049/907
f 1045/1050/908 845/769/703 1044/1051/907
f 846/770/704 845/769/703 1046/1052/909
f 2132/1053/910 1047/1054/911 2128/771/705
f 1048/1055/912 848/773/707 1047/1054/911
f 1049/1056/913 849/774/708 1048/1055/912
f 1050/1057/914 850/775/709 1049/1056/913
f 851/776/710 850/775/709 1051/1058/915
f 852/777/711 851/776/710 1052/1059/916
f 853/778/712 852/777/711 1053/1060/917
f 1054/1061/918 854/779/713 1053/1060/917
f 1055/1062/919 855/1063/714 1054/1064/918
f 1056/1065/920 856/1066/715 1055/1067/919
f 1057/1068/921 857/783/716 1056/1069/920
f 1058/1070/922 858/784/717 1057/1068/921
f 859/785/718 858/784/717 1059/1071/923
f 860/786/719 859/785/718 1060/1072/924
f 861/787/720 860/786/719 1061/1073/925
f 1062/1074/926 862/788/721 1061/1073/925
f 1063/1075/927 863/789/722 1062/1074/926
f 864/790/723 863/789/722 1064/1076/928
f 1065/1077/929 187/1078/930 1064/1076/928
f 187/1078/930 866/792/725 865/791/724
f 1066/1079/931 867/793/726 187/1078/930
f 868/794/727 867/793/726 1067/1080/932
f 1068/1081/933 869/795/728 2133/1082/934
f 200/1083/935 198/1084/936 869/795/728
f 1069/1085/937 872/804/732 200/1083/935
f 873/807/733 872/804/732 1070/1086/938
f 874/809/734 873/807/733 1071/1087/939
f 1072/1088/940 875/810/735 1071/1087/939
f 1073/1089/941 876/812/736 1072/1088/940
f 1074/1090/942 877/814/737 1073/1089/941
f 878/817/738 877/814/737 1074/1090/942
f 1075/1091/943 879/1092/739 1074/1090/942
f 1076/1093/944 880/1094/740 1075/1091/943
f 1077/1095/945 881/1096/741 1076/1093/944
f 882/1097/742 881/1096/741 1078/1098/946
f 883/1099/743 882/1097/742 1079/1100/947
f 1080/1101/948 884/1102/744 1079/1100/947
f 1081/1103/949 885/1104/745 1080/1101/948
f 1082/1105/950 886/1106/746 1081/1103/949
f 887/829/747 886/1106/746 1083/1107/951
f 888/831/748 887/829/747 1084/1108/952
f 889/833/749 888/831/748 1085/1109/953
f 890/835/750 889/833/749 1086/1110/954
f 891/837/751 890/835/750 1087/1111/955
f 892/1112/752 891/837/751 1088/1113/956
f 1089/1114/957 893/1115/753 1088/1113/956
f 1090/1116/958 894/1117/754 1089/1114/957
f 895/1118/755 894/1117/754 1091/1119/959
f 896/1120/756 895/1118/755 1092/1121/960
f 897/1122/757 896/1120/756 1093/1123/961
f 898/1124/758 897/1122/757 1094/1125/962
f 899/1126/759 898/1124/758 1095/1127/963
f 900/1128/760 899/1126/759 1096/1129/964
f 1097/1130/965 901/1131/761 1096/1129/964
f 1098/1132/966 902/1133/762 1097/1130/965
f 1099/1134/967 903/1135/763 1098/1132/966
f 1100/1136/968 904/1137/764 1099/1134/967
f 1101/1138/969 905/1139/765 1100/1136/968
f 1102/1140/970 906/1141/766 1101/1138/969
f 907/853/767 906/852/766 1103/1142/971
f 1104/1143/972 908/854/768 1103/1142/971
f 1105/1144/973 909/855/769 1104/1143/972
f 1106/1145/974 910/856/770 1105/1144/973
f 1107/1146/975 911/857/771 1106/1145/974
f 1108/1147/976 912/858/772 1107/1146/975
f 1109/1148/977 913/859/773 1108/1147/976
f 914/860/774 913/859/773 1110/1149/978
f 915/861/775 914/860/774 1111/1150/979
f 916/862/776 915/861/775 1112/1151/980
f 917/863/777 916/862/776 1113/1152/981
f 918/864/778 917/863/777 1114/1153/982
f 919/865/779 918/864/778 1115/1154/983
f 920/866/780 919/865/779 1116/1155/984
f 921/867/781 920/866/780 1117/1156/985
f 1118/1157/986 922/1158/782 1117/1159/985
f 1119/1160/987 923/1161/783 1118/1162/986
f 1120/1163/988 924/870/784 1119/1164/987
f 925/871/785 924/870/784 1121/1165/989
f 1122/1166/990 926/872/786 1121/1165/989
f 927/873/787 926/872/786 1123/1167/991
f 928/874/788 927/873/787 1124/1168/992
f 1125/1169/993 929/875/789 1124/1168/992
f 1126/1170/994 930/876/790 1125/1169/993
f 1127/1171/995 931/877/791 1126/1170/994
f 932/878/792 931/877/791 1128/1172/996
f 933/879/793 932/878/792 1129/1173/997
f 934/880/794 933/879/793 1130/1174/998
f 935/881/795 934/880/794 1131/1175/999
f 936/882/796 935/881/795 1132/1176/1000
f 1133/1177/1001 937/883/797 1132/1178/1000
f 938/885/798 937/883/797 1134/1179/1002
f 1135/1180/1003 939/886/799 1134/1179/1002
f 1136/1181/1004 940/887/800 1135/1180/1003
f 1137/1182/1005 941/1183/801 1136/1184/1004
f 1138/1185/1006 942/1186/802 1137/1182/1005
f 1139/1187/1007 943/1188/803 1138/1185/1006
f 944/894/804 943/892/803 1140/1189/1008
f 1141/1190/1009 945/895/805 1140/1189/1008
f 1142/1191/1010 946/896/806 1141/1190/1009
f 947/897/807 946/896/806 1143/1192/1011
f 948/898/808 947/897/807 1144/1193/1012
f 1145/1194/1013 949/899/809 1144/1193/1012
f 950/900/810 949/899/809 1146/1195/1014
f 1147/1196/1015 951/901/811 1146/1195/1014
f 1148/1197/1016 952/1198/812 1147/1199/1015
f 953/905/813 952/1198/812 1149/1200/1017
f 954/906/814 1149/1200/1017 1150/1201/1018
f 955/908/815 954/906/814 1151/1202/1019
f 956/910/816 955/908/815 1152/1203/1020
f 957/912/817 956/910/816 1153/1204/1021
f 958/914/818 957/912/817 1154/1205/1022
f 959/1206/819 958/914/818 1155/1207/1023
f 960/1208/820 959/1206/819 1156/1209/1024
f 1157/1210/1025 961/1211/821 1156/1209/1024
f 1158/1212/1026 962/921/822 1157/1210/1025
f 1159/1213/1027 963/919/823 2134/1214/1028
f 2135/1215/1029 1160/1216/1030 2129/924/825
f 965/926/826 964/922/824 1161/1217/1031
f 1162/1218/1032 966/927/827 1161/1217/1031
f 1163/1219/1033 967/929/828 1162/1218/1032
f 968/932/829 967/929/828 1164/1220/1034
f 969/933/830 968/932/829 1165/1221/1035
f 1166/1222/1036 970/934/831 1165/1221/1035
f 1167/1223/1037 971/935/832 1166/1222/1036
f 1168/1224/1038 972/936/833 1167/1223/1037
f 1169/1225/1039 973/937/834 1168/1224/1038
f 974/940/835 973/937/834 1170/1226/1040
f 975/942/836 974/940/835 1171/1227/1041
f 1172/1228/1042 976/943/837 1171/1227/1041
f 1328/1229/1043 977/945/838 1172/1228/1042
f 1328/1229/1043 979/950/840 978/948/839
f 979/950/840 1328/1229/1043 980/951/841
f 46/1230/1044 982/954/843 1328/1229/1043
f 1173/1231/1045 983/955/844 46/1230/1044
f 1174/1232/1046 984/956/845 1173/1231/1045
f 1175/1233/1047 985/957/846 1174/1232/1046
f 1176/1234/1048 986/958/847 1175/1233/1047
f 987/959/848 986/958/847 1177/1235/1049
f 988/960/849 987/959/848 1178/1236/1050
f 989/961/850 988/960/849 1179/1237/1051
f 63/1238/1052 991/963/852 990/962/851
f 1180/1239/1053 992/964/853 63/1238/1052
f 1181/1240/1054 993/965/854 1180/1239/1053
f 1182/1241/1055 994/967/855 1181/1240/1054
f 1183/1242/1056 995/969/856 1182/1241/1055
f 1184/1243/1057 996/971/857 1183/1242/1056
f 1185/1244/1058 997/973/858 1184/1243/1057
f 1186/1245/1059 998/974/859 1185/1244/1058
f 1187/1246/1060 999/975/860 1186/1245/1059
f 1188/1247/1061 1000/976/861 2136/1248/1062
f 2137/1249/1063 1189/1250/1064 2131/980/864
f 1002/982/865 1001/978/863 1190/1251/1065
f 1003/984/866 1002/982/865 1191/1252/1066
f 1004/986/867 1003/984/866 1192/1253/1067
f 1193/1254/1068 1005/987/868 1192/1253/1067
f 1194/1255/1069 1006/989/869 1193/1254/1068
f 1195/1256/1070 1007/991/870 1194/1255/1069
f 1196/1257/1071 1008/1258/871 1195/1256/1070
f 1197/1259/1072 1009/1260/872 1196/1257/1071
f 1198/1261/1073 1010/1262/873 1197/1259/1072
f 1011/1263/874 1010/1262/873 1199/1264/1074
f 1012/1265/875 1011/1263/874 1200/1266/1075
f 1201/1267/1076 1013/1268/876 1200/1266/1075
f 1014/1002/877 1013/1268/876 1202/1269/1077
f 1015/1004/878 1014/1002/877 1203/1270/1078
f 1204/1271/1079 1016/1005/879 1203/1270/1078
f 1017/1008/880 1016/1005/879 1204/1271/1079
f 1018/1010/881 1017/1008/880 1205/1272/1080
f 1206/1273/1081 1019/1011/882 1205/1272/1080
f 1207/1274/1082 1020/1013/883 1206/1273/1081
f 1208/1275/1083 1021/1015/884 1207/1274/1082
f 1209/1276/1084 1022/1017/885 1208/1275/1083
f 1210/1277/1085 1023/1019/886 1209/1276/1084
f 1211/1278/1086 1024/1021/887 1210/1277/1085
f 1212/1279/1087 1025/1280/888 1211/1278/1086
f 1026/1281/889 1025/1280/888 1213/1282/1088
f 1027/1283/890 1026/1281/889 1214/1284/1089
f 1028/1285/891 1027/1283/890 1215/1286/1090
f 1216/1287/1091 1029/1288/892 1215/1286/1090
f 1030/1289/893 1029/1288/892 1217/1290/1092
f 1031/1291/894 1030/1289/893 1218/1292/1093
f 1032/1293/895 1031/1291/894 1219/1294/1094
f 1220/1295/1095 1033/1296/896 1219/1294/1094
f 1221/1297/1096 1034/1298/897 1220/1295/1095
f 1222/1299/1097 1035/1037/898 1221/1297/1096
f 1223/1300/1098 1036/1035/899 1222/1299/1097
f 1037/1039/900 1036/1035/899 1224/1301/1099
f 1038/1302/901 1037/1039/900 1225/1303/1100
f 1226/1304/1101 1039/1305/902 1225/1303/1100
f 1227/1306/1102 1040/1307/903 1226/1304/1101
f 1041/1308/904 1040/1307/903 1228/1309/1103
f 1042/1047/905 1041/1308/904 1229/1310/1104
f 1230/1311/1105 1043/1045/906 1229/1310/1104
f 1044/1049/907 1043/1045/906 1231/1312/1106
f 1232/1313/1107 1045/1314/908 1231/1312/1106
f 1046/1315/909 1045/1314/908 1233/1316/1108
f 2138/1317/1109 1234/1318/1110 2132/1319/910
f 1235/1320/1111 1048/1321/912 1234/1318/1110
f 1236/1322/1112 1049/1323/913 1235/1320/1111
f 1237/1324/1113 1050/1325/914 1236/1322/1112
f 1051/1326/915 1050/1325/914 1238/1327/1114
f 1052/1328/916 1051/1326/915 1239/1329/1115
f 1053/1330/917 1052/1328/916 1240/1331/1116
f 1241/1332/1117 1054/1333/918 1240/1331/1116
f 1242/1334/1118 1055/1067/919 1241/1332/1117
f 1243/1335/1119 1056/1065/920 1242/1334/1118
f 1244/1336/1120 1057/1337/921 1243/1335/1119
f 1245/1338/1121 1058/1339/922 1244/1336/1120
f 1059/1340/923 1058/1339/922 1246/1341/1122
f 1060/1342/924 1059/1340/923 1247/1343/1123
f 1061/1344/925 1060/1342/924 1248/1345/1124
f 1249/1346/1125 1062/1347/926 1248/1345/1124
f 1250/1348/1126 1063/1349/927 1249/1346/1125
f 1064/1350/928 1063/1349/927 1251/1351/1127
f 1065/1352/929 1064/1350/928 1252/1353/1128
f 1253/1354/1129 1066/1355/931 1252/1353/1128
f 1067/1356/932 1066/1355/931 1254/1357/1130
f 1255/1358/1131 1068/1081/933 2139/1359/1132
f 1069/1085/937 202/1360/1133 1070/1086/938
f 1256/1361/1134 1071/1087/939 204/1362/1135
f 1257/1363/1136 1072/1088/940 1256/1361/1134
f 212/1364/1137 1073/1089/941 1257/1363/1136
f 1258/1365/1138 1076/1093/944 212/1364/1137
f 1259/1366/1139 1077/1095/945 1258/1365/1138
f 1078/1098/946 1077/1095/945 1260/1367/1140
f 1079/1100/947 1078/1098/946 1261/1368/1141
f 1262/1369/1142 1080/1101/948 1261/1368/1141
f 1263/1370/1143 1081/1103/949 1262/1369/1142
f 1264/1371/1144 1082/1105/950 1263/1370/1143
f 1083/1107/951 1082/1105/950 1265/1372/1145
f 1084/1108/952 1083/1107/951 1266/1373/1146
f 1085/1109/953 1084/1108/952 1267/1374/1147
f 1086/1110/954 1085/1109/953 1268/1375/1148
f 1087/1111/955 1086/1110/954 1269/1376/1149
f 1088/1113/956 1087/1111/955 1270/1377/1150
f 1271/1378/1151 1089/1114/957 1270/1377/1150
f 1272/1379/1152 1090/1116/958 1271/1378/1151
f 1091/1119/959 1090/1116/958 1273/1380/1153
f 1092/1121/960 1091/1119/959 1274/1381/1154
f 1093/1123/961 1092/1121/960 1275/1382/1155
f 1094/1125/962 1093/1123/961 1276/1383/1156
f 1095/1127/963 1094/1125/962 1277/1384/1157
f 1096/1129/964 1095/1127/963 1278/1385/1158
f 1279/1386/1159 1097/1130/965 1278/1385/1158
f 1280/1387/1160 1098/1132/966 1279/1386/1159
f 1281/1388/1161 1099/1134/967 1280/1387/1160
f 1282/1389/1162 1100/1136/968 1281/1388/1161
f 1283/1390/1163 1101/1138/969 1282/1389/1162
f 1284/1391/1164 1102/1140/970 1283/1390/1163
f 1103/1392/971 1102/1140/970 255/1393/1165
f 1285/1394/1166 1105/1395/973 255/1393/1165
f 1286/1396/1167 1106/1397/974 1285/1394/1166
f 1287/1398/1168 1107/1399/975 1286/1396/1167
f 1288/1400/1169 1108/1401/976 1287/1398/1168
f 1289/1402/1170 1109/1403/977 1288/1400/1169
f 1110/1404/978 1109/1403/977 1290/1405/1171
f 1111/1406/979 1110/1404/978 1291/1407/1172
f 1112/1408/980 1111/1406/979 1292/1409/1173
f 1113/1410/981 1112/1408/980 1293/1411/1174
f 1114/1412/982 1113/1410/981 1294/1413/1175
f 1115/1414/983 1114/1412/982 1295/1415/1176
f 1116/1416/984 1115/1414/983 1296/1417/1177
f 1117/1418/985 1116/1416/984 1297/1419/1178
f 1298/1420/1179 1118/1162/986 1297/1419/1178
f 1299/1421/1180 1119/1160/987 1298/1420/1179
f 1300/1422/1181 1120/1423/988 1299/1421/1180
f 1121/1165/989 1120/1163/988 1301/1424/1182
f 1302/1425/1183 1122/1166/990 1301/1424/1182
f 1123/1167/991 1122/1166/990 1303/1426/1184
f 1124/1168/992 1123/1167/991 1304/1427/1185
f 1305/1428/1186 1125/1169/993 1304/1427/1185
f 1306/1429/1187 1126/1170/994 1305/1428/1186
f 1307/1430/1188 1127/1171/995 1306/1429/1187
f 1128/1172/996 1127/1171/995 1308/1431/1189
f 1129/1173/997 1128/1172/996 1309/1432/1190
f 1130/1174/998 1129/1173/997 1310/1433/1191
f 1131/1434/999 1130/1435/998 1311/1436/1192
f 1132/1437/1000 1131/1434/999 1312/1438/1193
f 1313/1439/1194 1133/1440/1001 1312/1438/1193
f 1134/1441/1002 1133/1440/1001 1314/1442/1195
f 1315/1443/1196 1135/1444/1003 1314/1442/1195
f 1316/1445/1197 1136/1184/1004 1315/1443/1196
f 1317/1446/1198 1137/1182/1005 1316/1445/1197
f 1318/1447/1199 1138/1185/1006 1317/1446/1198
f 1319/1448/1200 1139/1187/1007 1318/1447/1199
f 1320/1449/1201 317/1450/1202 1139/1187/1007
f 317/1451/1202 1141/1190/1009 1140/1189/1008
f 1320/1449/1201 1142/1452/1010 317/1450/1202
f 1143/1453/1011 1142/1452/1010 1321/1454/1203
f 1144/1455/1012 1143/1453/1011 1322/1456/1204
f 1323/1457/1205 1145/1458/1013 1322/1456/1204
f 1146/1459/1014 1145/1458/1013 1324/1460/1206
f 1325/1461/1207 1147/1199/1015 1324/1460/1206
f 1326/1462/1208 1148/1197/1016 1325/1461/1207
f 1149/1200/1017 1148/1197/1016 1327/1463/1209
f 2140/1464/1210 204/1362/1135 1068/1081/933
f 1150/1201/1018 1327/1463/1209 1329/1465/1211
f 1151/1202/1019 1150/1201/1018 1330/1466/1212
f 1152/1203/1020 1151/1202/1019 1331/1467/1213
f 1153/1204/1021 1152/1203/1020 1332/1468/1214
f 1154/1205/1022 1153/1204/1021 1333/1469/1215
f 1155/1207/1023 1154/1205/1022 1334/1470/1216
f 1156/1209/1024 1155/1207/1023 1335/1471/1217
f 1336/1472/1218 1157/1210/1025 1335/1471/1217
f 1337/1473/1219 1158/1212/1026 1336/1472/1218
f 1338/1474/1220 1159/1213/1027 2141/1475/1221
f 2142/1476/1222 1339/1477/1223 2135/1215/1029
f 1161/1217/1031 1160/1216/1030 1340/1478/1224
f 1341/1479/1225 1162/1218/1032 1340/1478/1224
f 1342/1480/1226 1163/1219/1033 1341/1479/1225
f 1164/1220/1034 1163/1219/1033 1343/1481/1227
f 1165/1221/1035 1164/1220/1034 1344/1482/1228
f 1345/1483/1229 1166/1222/1036 1344/1482/1228
f 1346/1484/1230 1167/1223/1037 1345/1483/1229
f 1347/1485/1231 1168/1224/1038 1346/1484/1230
f 1348/1486/1232 1169/1225/1039 1347/1485/1231
f 1170/1226/1040 1169/1225/1039 1349/1487/1233
f 1171/1227/1041 1170/1226/1040 1350/1488/1234
f 52/1489/1235 40/1490/1236 1350/1488/1234
f 40/1490/1236 50/1491/1237 1172/1228/1042
f 46/1230/1044 48/1492/1238 1173/1231/1045
f 52/1489/1235 1174/1232/1046 40/1490/1236
f 1351/1493/1239 1175/1233/1047 52/1489/1235
f 1352/1494/1240 1176/1234/1048 1351/1493/1239
f 1177/1235/1049 1176/1234/1048 1353/1495/1241
f 1178/1236/1050 1177/1235/1049 1354/1496/1242
f 1355/1497/1243 1180/1239/1053 60/1498/1244
f 1356/1499/1245 1181/1240/1054 1355/1497/1243
f 1182/1241/1055 1181/1240/1054 1357/1500/1246
f 1358/1501/1247 1183/1242/1056 1357/1500/1246
f 1359/1502/1248 1184/1243/1057 1358/1501/1247
f 1360/1503/1249 1185/1244/1058 1359/1502/1248
f 1361/1504/1250 1186/1245/1059 1360/1503/1249
f 1362/1505/1251 1187/1246/1060 1361/1504/1250
f 1363/1506/1252 1188/1247/1061 2143/1507/1253
f 2144/1508/1254 1364/1509/1255 2137/1249/1063
f 1190/1251/1065 1189/1250/1064 1365/1510/1256
f 1191/1252/1066 1190/1251/1065 1366/1511/1257
f 1192/1253/1067 1191/1252/1066 1367/1512/1258
f 1193/1254/1068 1192/1253/1067 1368/1513/1259
f 1369/1514/1260 1194/1255/1069 1368/1513/1259
f 1370/1515/1261 1195/1256/1070 1369/1514/1260
f 1371/1516/1262 1196/1257/1071 1370/1515/1261
f 1372/1517/1263 1197/1259/1072 1371/1516/1262
f 1373/1518/1264 1198/1261/1073 1372/1517/1263
f 1199/1264/1074 1198/1261/1073 1374/1519/1265
f 1200/1266/1075 1199/1264/1074 1375/1520/1266
f 1376/1521/1267 1201/1267/1076 1375/1520/1266
f 1500/1522/1268 330/1523/1269 1376/1521/1267
f 97/1524/1270 1203/1270/1078 1202/1269/1077
f 1377/1525/1271 1205/1272/1080 97/1524/1270
f 1378/1526/1272 1206/1273/1081 1377/1525/1271
f 1379/1527/1273 1207/1274/1082 1378/1526/1272
f 1380/1528/1274 1208/1275/1083 1379/1527/1273
f 1381/1529/1275 1209/1276/1084 1380/1528/1274
f 1382/1530/1276 1210/1277/1085 1381/1529/1275
f 1383/1531/1277 1211/1278/1086 1382/1530/1276
f 1384/1532/1278 1212/1279/1087 1383/1531/1277
f 1213/1282/1088 1212/1279/1087 1385/1533/1279
f 1214/1284/1089 1213/1282/1088 1386/1534/1280
f 1215/1286/1090 1214/1284/1089 1387/1535/1281
f 1388/1536/1282 1216/1287/1091 1387/1535/1281
f 1217/1290/1092 1216/1287/1091 1389/1537/1283
f 1218/1292/1093 1217/1290/1092 1390/1538/1284
f 1219/1294/1094 1218/1292/1093 1391/1539/1285
f 1392/1540/1286 1220/1295/1095 1391/1539/1285
f 1393/1541/1287 1221/1297/1096 1392/1540/1286
f 1394/1542/1288 1222/1299/1097 1393/1541/1287
f 1395/1543/1289 1223/1300/1098 1394/1542/1288
f 1224/1301/1099 1223/1300/1098 1396/1544/1290
f 1225/1303/1100 1224/1301/1099 1397/1545/1291
f 1398/1546/1292 1226/1304/1101 1397/1545/1291
f 1399/1547/1293 1227/1306/1102 1398/1546/1292
f 1228/1309/1103 1227/1306/1102 1400/1548/1294
f 1229/1310/1104 1228/1309/1103 1401/1549/1295
f 1402/1550/1296 1230/1311/1105 1401/1549/1295
f 1231/1312/1106 1230/1311/1105 1403/1551/1297
f 1404/1552/1298 1232/1313/1107 1403/1551/1297
f 1233/1316/1108 1232/1313/1107 1405/1553/1299
f 2145/1554/1300 1406/1555/1301 2138/1317/1109
f 1407/1556/1302 1235/1320/1111 1406/1555/1301
f 1408/1557/1303 1236/1322/1112 1407/1556/1302
f 1409/1558/1304 1237/1324/1113 1408/1557/1303
f 1238/1327/1114 1237/1324/1113 1410/1559/1305
f 1239/1329/1115 1238/1327/1114 1411/1560/1306
f 1240/1331/1116 1239/1329/1115 1412/1561/1307
f 1413/1562/1308 1241/1332/1117 1412/1561/1307
f 1414/1563/1309 1242/1334/1118 1413/1562/1308
f 1415/1564/1310 1243/1335/1119 1414/1563/1309
f 1416/1565/1311 1244/1336/1120 1415/1564/1310
f 1417/1566/1312 1245/1338/1121 1416/1565/1311
f 1246/1341/1122 1245/1338/1121 1418/1567/1313
f 1247/1343/1123 1246/1341/1122 1419/1568/1314
f 1248/1345/1124 1247/1343/1123 1420/1569/1315
f 1421/1570/1316 1249/1346/1125 1420/1569/1315
f 1422/1571/1317 1250/1348/1126 1421/1570/1316
f 1251/1351/1127 1250/1348/1126 1423/1572/1318
f 1252/1353/1128 1251/1351/1127 1424/1573/1319
f 1425/1574/1320 1253/1354/1129 1424/1573/1319
f 1254/1357/1130 1253/1354/1129 1426/1575/1321
f 1427/1576/1322 1255/1358/1131 2146/1577/1323
f 1428/1578/1324 1256/1361/1134 1498/1579/1325
f 1429/1580/1326 1257/1363/1136 1428/1578/1324
f 216/1581/1327 214/1582/1328 1429/1580/1326
f 1430/1583/1329 1259/1366/1139 216/1581/1327
f 1260/1367/1140 1259/1366/1139 1431/1584/1330
f 1261/1368/1141 1260/1367/1140 1432/1585/1331
f 1433/1586/1332 1262/1369/1142 1432/1585/1331
f 1434/1587/1333 1263/1370/1143 1433/1586/1332
f 1435/1588/1334 1264/1371/1144 1434/1587/1333
f 1265/1372/1145 1264/1371/1144 1436/1589/1335
f 1266/1373/1146 1265/1372/1145 1437/1590/1336
f 1267/1374/1147 1266/1373/1146 1438/1591/1337
f 1268/1375/1148 1267/1374/1147 1439/1592/1338
f 1269/1376/1149 1268/1375/1148 1440/1593/1339
f 1270/1377/1150 1269/1376/1149 1441/1594/1340
f 1442/1595/1341 1271/1378/1151 1441/1594/1340
f 1443/1596/1342 1272/1379/1152 1442/1595/1341
f 1273/1380/1153 1272/1379/1152 1444/1597/1343
f 1274/1381/1154 1273/1380/1153 1445/1598/1344
f 1275/1382/1155 1274/1381/1154 1446/1599/1345
f 1276/1383/1156 1275/1382/1155 1447/1600/1346
f 1277/1384/1157 1276/1383/1156 1448/1601/1347
f 1278/1385/1158 1277/1384/1157 1449/1602/1348
f 1450/1603/1349 1279/1386/1159 1449/1602/1348
f 1451/1604/1350 1280/1387/1160 1450/1603/1349
f 1452/1605/1351 1281/1388/1161 1451/1604/1350
f 1453/1606/1352 1282/1389/1162 1452/1605/1351
f 1454/1607/1353 1283/1390/1163 1453/1606/1352
f 1455/1608/1354 1284/1391/1164 2147/1609/1355
f 1456/1610/1356 1286/1396/1167 1499/1611/1357
f 1457/1612/1358 1287/1398/1168 1456/1610/1356
f 1458/1613/1359 1288/1400/1169 1457/1612/1358
f 1459/1614/1360 1289/1402/1170 1458/1613/1359
f 1290/1405/1171 1289/1402/1170 1460/1615/1361
f 1291/1407/1172 1290/1405/1171 1461/1616/1362
f 1292/1409/1173 1291/1407/1172 1462/1617/1363
f 1293/1411/1174 1292/1409/1173 1463/1618/1364
f 1294/1413/1175 1293/1411/1174 1464/1619/1365
f 1295/1415/1176 1294/1413/1175 1465/1620/1366
f 1296/1417/1177 1295/1415/1176 1466/1621/1367
f 1297/1419/1178 1296/1417/1177 1467/1622/1368
f 1468/1623/1369 1298/1420/1179 1467/1622/1368
f 1469/1624/1370 1299/1421/1180 1468/1623/1369
f 1470/1625/1371 1300/1422/1181 1469/1624/1370
f 1301/1626/1182 1300/1422/1181 1471/1627/1372
f 1472/1628/1373 1302/1629/1183 1471/1627/1372
f 1303/1630/1184 1302/1629/1183 1473/1631/1374
f 1304/1632/1185 1303/1630/1184 1474/1633/1375
f 1475/1634/1376 1305/1635/1186 1474/1633/1375
f 1476/1636/1377 1306/1637/1187 1475/1634/1376
f 1477/1638/1378 1307/1639/1188 1476/1636/1377
f 1308/1640/1189 1307/1639/1188 1478/1641/1379
f 1309/1642/1190 1308/1640/1189 1479/1643/1380
f 1310/1644/1191 1309/1642/1190 1480/1645/1381
f 1311/1436/1192 1310/1644/1191 1481/1646/1382
f 1312/1438/1193 1311/1436/1192 1482/1647/1383
f 1483/1648/1384 1313/1439/1194 1482/1647/1383
f 1314/1442/1195 1313/1439/1194 1484/1649/1385
f 1485/1650/1386 1315/1443/1196 1484/1649/1385
f 1486/1651/1387 1316/1445/1197 1485/1650/1386
f 1487/1652/1388 1317/1446/1198 1486/1651/1387
f 1488/1653/1389 1318/1447/1199 1487/1652/1388
f 1489/1654/1390 1319/1448/1200 2148/1655/1391
f 1490/1656/1392 1321/1454/1203 1497/1657/1393
f 1322/1456/1204 1321/1454/1203 1491/1658/1394
f 1492/1659/1395 1323/1457/1205 1491/1658/1394
f 1324/1460/1206 1323/1457/1205 1493/1660/1396
f 1494/1661/1397 1325/1461/1207 1493/1660/1396
f 1495/1662/1398 1326/1462/1208 1494/1661/1397
f 1327/1463/1209 1326/1462/1208 1496/1663/1399
f 2149/1664/1400 1498/1579/1325 2140/1464/1210
f 1329/1465/1211 1496/1663/1399 1501/1665/1401
f 1330/1466/1212 1329/1465/1211 1502/1666/1402
f 1331/1467/1213 1330/1466/1212 1503/1667/1403
f 1332/1468/1214 1331/1467/1213 1504/1668/1404
f 1333/1469/1215 1332/1468/1214 1505/1669/1405
f 1334/1470/1216 1333/1469/1215 1506/1670/1406
f 1335/1471/1217 1334/1470/1216 1507/1671/1407
f 1508/1672/1408 1336/1472/1218 1507/1671/1407
f 1509/1673/1409 1337/1473/1219 1508/1672/1408
f 1510/1674/1410 1338/1474/1220 2151/1675/1411
f 2152/1676/1412 1511/1677/1413 2142/1476/1222
f 1340/1478/1224 1339/1477/1223 1512/1678/1414
f 1513/1679/1415 1341/1479/1225 1512/1678/1414
f 1514/1680/1416 1342/1480/1226 1513/1679/1415
f 1343/1481/1227 1342/1480/1226 1515/1681/1417
f 1344/1482/1228 1343/1481/1227 1516/1682/1418
f 1517/1683/1419 1345/1483/1229 1516/1682/1418
f 1518/1684/1420 1346/1484/1230 1517/1683/1419
f 1519/1685/1421 1347/1485/1231 1518/1684/1420
f 1520/1686/1422 1348/1486/1232 1519/1685/1421
f 1349/1487/1233 1348/1486/1232 1521/1687/1423
f 1350/1488/1234 1349/1487/1233 38/1688/1424
f 1351/1493/1239 54/1689/1425 1352/1494/1240
f 56/1690/1426 1354/1496/1242 1353/1495/1241
f 1522/1691/1427 1355/1497/1243 38/1688/1424
f 1523/1692/1428 1356/1499/1245 1522/1691/1427
f 1357/1500/1246 1356/1499/1245 1524/1693/1429
f 1525/1694/1430 1358/1501/1247 1524/1693/1429
f 1526/1695/1431 1359/1502/1248 1525/1694/1430
f 1527/1696/1432 1360/1503/1249 1526/1695/1431
f 1528/1697/1433 1361/1504/1250 1527/1696/1432
f 1529/1698/1434 1362/1505/1251 1528/1697/1433
f 1530/1699/1435 1363/1506/1252 2153/1700/1436
f 2154/1701/1437 1531/1702/1438 2144/1508/1254
f 1365/1510/1256 1364/1509/1255 1532/1703/1439
f 1366/1511/1257 1365/1510/1256 1533/1704/1440
f 1367/1512/1258 1366/1511/1257 1534/1705/1441
f 1368/1513/1259 1367/1512/1258 1535/1706/1442
f 1536/1707/1443 1369/1514/1260 1535/1706/1442
f 1537/1708/1444 1370/1515/1261 1536/1707/1443
f 1538/1709/1445 1371/1516/1262 1537/1708/1444
f 1539/1710/1446 1372/1517/1263 1538/1709/1445
f 1540/1711/1447 1373/1518/1264 1539/1710/1446
f 1374/1519/1265 1373/1518/1264 1541/1712/1448
f 1375/1520/1266 1374/1519/1265 1542/1713/1449
f 1543/1714/1450 1376/1521/1267 1542/1713/1449
f 1544/1715/1451 1377/1525/1271 1650/1716/1452
f 1545/1717/1453 1378/1526/1272 1544/1715/1451
f 1546/1718/1454 1379/1527/1273 1545/1717/1453
f 1547/1719/1455 1380/1528/1274 1546/1718/1454
f 1548/1720/1456 1381/1529/1275 1547/1719/1455
f 1549/1721/1457 1382/1530/1276 1548/1720/1456
f 1550/1722/1458 1383/1531/1277 1549/1721/1457
f 1551/1723/1459 1384/1532/1278 1550/1722/1458
f 1385/1533/1279 1384/1532/1278 1552/1724/1460
f 1386/1534/1280 1385/1533/1279 1553/1725/1461
f 1387/1535/1281 1386/1534/1280 1553/1725/1461
f 1554/1726/1462 1388/1536/1282 1553/1725/1461
f 1389/1537/1283 1388/1536/1282 1555/1727/1463
f 1390/1538/1284 1389/1537/1283 1556/1728/1464
f 1391/1539/1285 1390/1538/1284 1557/1729/1465
f 1558/1730/1466 1392/1540/1286 1557/1729/1465
f 1559/1731/1467 1393/1541/1287 1558/1730/1466
f 1560/1732/1468 1394/1542/1288 1559/1731/1467
f 1561/1733/1469 1395/1543/1289 1560/1732/1468
f 1396/1544/1290 1395/1543/1289 1562/1734/1470
f 1397/1545/1291 1396/1544/1290 1563/1735/1471
f 1564/1736/1472 1398/1546/1292 1563/1735/1471
f 1565/1737/1473 1399/1547/1293 1564/1736/1472
f 145/1738/1474 1401/1549/1295 1400/1548/1294
f 1566/1739/1475 1402/1550/1296 2155/1740/1476
f 1567/1741/1477 1403/1551/1297 2156/1742/1478
f 1568/1743/1479 1404/1552/1298 1567/1741/1477
f 1405/1553/1299 1404/1552/1298 1569/1744/1480
f 2157/1745/1481 1570/1746/1482 2145/1554/1300
f 1571/1747/1483 1407/1556/1302 1570/1746/1482
f 1572/1748/1484 1408/1557/1303 1571/1747/1483
f 1573/1749/1485 1409/1558/1304 1572/1748/1484
f 1410/1559/1305 1409/1558/1304 1574/1750/1486
f 1411/1560/1306 1410/1559/1305 1575/1751/1487
f 1412/1561/1307 1411/1560/1306 1576/1752/1488
f 1577/1753/1489 1413/1562/1308 1576/1752/1488
f 1578/1754/1490 1414/1563/1309 1577/1753/1489
f 1579/1755/1491 1415/1564/1310 1578/1754/1490
f 1580/1756/1492 1416/1565/1311 1579/1755/1491
f 1581/1757/1493 1417/1566/1312 1580/1756/1492
f 1418/1567/1313 1417/1566/1312 1582/1758/1494
f 1419/1568/1314 1418/1567/1313 1583/1759/1495
f 1420/1569/1315 1419/1568/1314 1584/1760/1496
f 1585/1761/1497 1421/1570/1316 1584/1760/1496
f 1586/1762/1498 1422/1571/1317 1585/1761/1497
f 1423/1572/1318 1422/1571/1317 1587/1763/1499
f 1424/1573/1319 1423/1572/1318 1588/1764/1500
f 1589/1765/1501 1425/1574/1320 1588/1764/1500
f 1426/1575/1321 1425/1574/1320 1590/1766/1502
f 1591/1767/1503 1427/1576/1322 2158/1768/1504
f 206/1769/1505 1428/1578/1324 1498/1579/1325
f 1592/1770/1506 1429/1580/1326 1648/1771/1507
f 1430/1583/1329 218/1772/1508 1431/1584/1330
f 1593/1773/1509 1432/1585/1331 220/1774/1510
f 1594/1775/1511 1433/1586/1332 1593/1773/1509
f 1595/1776/1512 1434/1587/1333 1594/1775/1511
f 1596/1777/1513 1435/1588/1334 1595/1776/1512
f 1436/1589/1335 1435/1588/1334 1597/1778/1514
f 1437/1590/1336 1436/1589/1335 1598/1779/1515
f 1438/1591/1337 1437/1590/1336 1599/1780/1516
f 1439/1592/1338 1438/1591/1337 1600/1781/1517
f 1440/1593/1339 1439/1592/1338 1601/1782/1518
f 1441/1594/1340 1440/1593/1339 1602/1783/1519
f 1603/1784/1520 1442/1595/1341 1602/1783/1519
f 1444/1597/1343 1443/1596/1342 1604/1785/1521
f 1445/1598/1344 1444/1597/1343 1605/1786/1522
f 1446/1599/1345 1445/1598/1344 1605/1786/1522
f 1447/1600/1346 1446/1599/1345 1606/1787/1523
f 1448/1601/1347 1447/1600/1346 1606/1787/1523
f 1449/1602/1348 1448/1601/1347 1607/1788/1524
f 1608/1789/1525 1451/1604/1350 1607/1788/1524
f 1609/1790/1526 1452/1605/1351 1608/1789/1525
f 1610/1791/1527 1453/1606/1352 1609/1790/1526
f 1611/1792/1528 1454/1607/1353 1610/1791/1527
f 1612/1793/1529 1455/1608/1354 2159/1794/1530
f 258/1795/1531 1456/1610/1356 1499/1611/1357
f 1649/1796/1532 1457/1612/1358 258/1795/1531
f 1613/1797/1533 1458/1613/1359 1649/1796/1532
f 1614/1798/1534 1459/1614/1360 1613/1797/1533
f 1460/1615/1361 1459/1614/1360 1615/1799/1535
f 1461/1616/1362 1460/1615/1361 1616/1800/1536
f 1462/1617/1363 1461/1616/1362 1617/1801/1537
f 1463/1618/1364 1462/1617/1363 1618/1802/1538
f 1464/1619/1365 1463/1618/1364 1619/1803/1539
f 1465/1620/1366 1464/1619/1365 1620/1804/1540
f 1466/1621/1367 1465/1620/1366 1621/1805/1541
f 1467/1622/1368 1466/1621/1367 1621/1805/1541
f 1622/1806/1542 1468/1623/1369 1621/1805/1541
f 1623/1807/1543 1469/1624/1370 1622/1806/1542
f 1624/1808/1544 1470/1625/1371 2160/1809/1545
f 1625/1810/1546 1471/1627/1372 2161/1811/1547
f 1626/1812/1548 1472/1628/1373 1625/1810/1546
f 1473/1631/1374 1472/1628/1373 1626/1812/1548
f 1474/1633/1375 1473/1631/1374 1627/1813/1549
f 1628/1814/1550 1475/1634/1376 1627/1813/1549
f 1629/1815/1551 1476/1636/1377 1628/1814/1550
f 1630/1816/1552 1477/1638/1378 1629/1815/1551
f 1478/1641/1379 1477/1638/1378 1631/1817/1553
f 1479/1643/1380 1478/1641/1379 1632/1818/1554
f 1480/1645/1381 1479/1643/1380 1633/1819/1555
f 1481/1646/1382 1480/1645/1381 1634/1820/1556
f 1482/1647/1383 1481/1646/1382 1635/1821/1557
f 1636/1822/1558 1483/1648/1384 1635/1821/1557
f 1484/1649/1385 1483/1648/1384 1637/1823/1559
f 1638/1824/1560 1486/1651/1387 1637/1823/1559
f 1639/1825/1561 1487/1652/1388 1638/1824/1560
f 1640/1826/1562 1488/1653/1389 1639/1825/1561
f 1641/1827/1563 1489/1654/1390 2162/1828/1564
f 320/1829/1565 1490/1656/1392 1497/1657/1393
f 1642/1830/1566 1491/1658/1394 320/1829/1565
f 1643/1831/1567 1492/1659/1395 1642/1830/1566
f 1493/1660/1396 1492/1659/1395 1644/1832/1568
f 1645/1833/1569 1494/1661/1397 1644/1832/1568
f 1646/1834/1570 1495/1662/1398 1645/1833/1569
f 1496/1663/1399 1495/1662/1398 1647/1835/1571
f 38/1688/1424 331/1836/1572 1350/1488/1234
f 1651/1837/1573 320/1829/1565 2165/1838/1574
f 2163/1839/1575 1648/1771/1507 2149/1664/1400
f 2164/1840/1576 1649/1796/1532 2150/1841/1577
f 1500/1522/1268 1376/1521/1267 1650/1716/1452
f 1501/1665/1401 1647/1835/1571 1765/1842/1578
f 6/1843/1579 1503/1667/1403 1502/1666/1402
f 1652/1844/1580 1504/1668/1404 6/1843/1579
f 1505/1669/1405 1504/1668/1404 1653/1845/1581
f 1506/1670/1406 1505/1669/1405 1654/1846/1582
f 1507/1671/1407 1506/1670/1406 1655/1847/1583
f 1656/1848/1584 1508/1672/1408 1655/1847/1583
f 1657/1849/1585 1509/1673/1409 1656/1848/1584
f 1658/1850/1586 1510/1674/1410 2166/1851/1587
f 2167/1852/1588 1659/1853/1589 2152/1676/1412
f 1512/1678/1414 1511/1677/1413 1660/1854/1590
f 1661/1855/1591 1513/1679/1415 1660/1854/1590
f 1662/1856/1592 1514/1680/1416 1661/1855/1591
f 1515/1681/1417 1514/1680/1416 1663/1857/1593
f 1516/1682/1418 1515/1681/1417 1664/1858/1594
f 1665/1859/1595 1517/1683/1419 1664/1858/1594
f 1666/1860/1596 1518/1684/1420 1665/1859/1595
f 1667/1861/1597 1519/1685/1421 1666/1860/1596
f 1668/1862/1598 1520/1686/1422 1667/1861/1597
f 36/1863/1599 66/1864/1600 1521/1687/1423
f 1523/1692/1428 66/1864/1600 1524/1693/1429
f 1669/1865/1601 1525/1694/1430 68/1866/1602
f 1670/1867/1603 1526/1695/1431 1669/1865/1601
f 1671/1868/1604 1527/1696/1432 1670/1867/1603
f 1672/1869/1605 1528/1697/1433 1671/1868/1604
f 1673/1870/1606 1529/1698/1434 1672/1869/1605
f 1674/1871/1607 1530/1699/1435 2168/1872/1608
f 2169/1873/1609 1675/1874/1610 2154/1701/1437
f 1532/1703/1439 1531/1702/1438 1676/1875/1611
f 1533/1704/1440 1532/1703/1439 1677/1876/1612
f 1534/1705/1441 1533/1704/1440 1678/1877/1613
f 1535/1706/1442 1534/1705/1441 1679/1878/1614
f 1680/1879/1615 1536/1707/1443 1679/1878/1614
f 1681/1880/1616 1537/1708/1444 1680/1879/1615
f 1682/1881/1617 1538/1709/1445 1681/1880/1616
f 1683/1882/1618 1539/1710/1446 1682/1881/1617
f 1684/1883/1619 1540/1711/1447 1683/1882/1618
f 1541/1712/1448 1540/1711/1447 1685/1884/1620
f 1542/1713/1449 1541/1712/1448 1686/1885/1621
f 1687/1886/1622 1543/1714/1450 1686/1885/1621
f 101/1887/1623 1544/1715/1451 1650/1716/1452
f 1688/1888/1624 1545/1717/1453 101/1887/1623
f 1689/1889/1625 1546/1718/1454 1688/1888/1624
f 1690/1890/1626 1547/1719/1455 1689/1889/1625
f 1691/1891/1627 1548/1720/1456 1690/1890/1626
f 1692/1892/1628 1549/1721/1457 1691/1891/1627
f 1693/1893/1629 1550/1722/1458 1692/1892/1628
f 1694/1894/1630 1551/1723/1459 1693/1893/1629
f 1552/1724/1460 1551/1723/1459 1695/1895/1631
f 1770/1896/1632 118/1897/1633 1695/1895/1631
f 1696/1898/1634 1554/1726/1462 118/1897/1633
f 1555/1727/1463 1554/1726/1462 1697/1899/1635
f 1556/1728/1464 1555/1727/1463 1698/1900/1636
f 1557/1729/1465 1556/1728/1464 1699/1901/1637
f 1700/1902/1638 1558/1730/1466 1699/1901/1637
f 1701/1903/1639 1559/1731/1467 1700/1902/1638
f 1702/1904/1640 1560/1732/1468 1701/1903/1639
f 1703/1905/1641 1561/1733/1469 1702/1904/1640
f 1562/1734/1470 1561/1733/1469 1704/1906/1642
f 1563/1735/1471 1562/1734/1470 1705/1907/1643
f 1706/1908/1644 142/1909/1645 1564/1736/1472
f 1707/1910/1646 1566/1739/1475 2170/1911/1647
f 2171/1912/1648 1708/1913/1649 2156/1742/1478
f 1709/1914/1650 1568/1743/1479 1708/1913/1649
f 1569/1744/1480 1568/1743/1479 1710/1915/1651
f 2172/1916/1652 1711/1917/1653 2157/1745/1481
f 1712/1918/1654 1571/1747/1483 1711/1917/1653
f 159/1919/1655 1572/1748/1484 1712/1918/1654
f 1574/1750/1486 1573/1749/1485 1713/1920/1656
f 1575/1751/1487 1574/1750/1486 1714/1921/1657
f 1576/1752/1488 1575/1751/1487 1715/1922/1658
f 1716/1923/1659 1577/1753/1489 1715/1922/1658
f 1717/1924/1660 1578/1754/1490 1716/1923/1659
f 1718/1925/1661 1579/1755/1491 1717/1924/1660
f 1719/1926/1662 1580/1756/1492 1718/1925/1661
f 1720/1927/1663 1581/1757/1493 1719/1926/1662
f 1582/1758/1494 1581/1757/1493 1721/1928/1664
f 1583/1759/1495 1582/1758/1494 1722/1929/1665
f 1584/1760/1496 1583/1759/1495 1723/1930/1666
f 1724/1931/1667 1585/1761/1497 1723/1930/1666
f 1725/1932/1668 1586/1762/1498 1724/1931/1667
f 1587/1763/1499 1586/1762/1498 1726/1933/1669
f 1588/1764/1500 1587/1763/1499 1727/1934/1670
f 1728/1935/1671 1589/1765/1501 1727/1934/1670
f 1590/1766/1502 1589/1765/1501 1729/1936/1672
f 2176/1937/1673 1768/1938/1674 2158/1768/1504
f 1592/1770/1506 208/1939/1675 1593/1773/1509
f 1593/1773/1509 222/1940/1676 1594/1775/1511
f 1730/1941/1677 1595/1776/1512 224/1942/1678
f 1597/1778/1514 1596/1777/1513 1731/1943/1679
f 1598/1779/1515 1597/1778/1514 1732/1944/1680
f 1599/1780/1516 1598/1779/1515 1733/1945/1681
f 1600/1781/1517 1599/1780/1516 1734/1946/1682
f 1601/1782/1518 1600/1781/1517 1734/1946/1682
f 1602/1783/1519 1601/1782/1518 1734/1946/1682
f 1603/1784/1520 242/1947/1683 1604/1785/1521
f 1606/1787/1523 242/1947/1683 1607/1788/1524
f 1607/1788/1524 242/1947/1683 1608/1789/1525
f 1735/1948/1684 1610/1791/1527 247/1949/1685
f 1736/1950/1686 1611/1792/1528 1735/1948/1684
f 1766/1951/1687 193/1952/1688 2159/1794/1530
f 1738/1953/1689 1614/1798/1534 262/1954/1690
f 1615/1799/1535 1614/1798/1534 1739/1955/1691
f 1616/1800/1536 1615/1799/1535 1740/1956/1692
f 1617/1801/1537 1616/1800/1536 1741/1957/1693
f 1618/1802/1538 1617/1801/1537 1742/1958/1694
f 1619/1803/1539 1618/1802/1538 275/1959/1695
f 1743/1960/1696 1623/1807/1543 277/1961/1697
f 1744/1962/1698 1624/1808/1544 2173/1963/1699
f 2178/1964/1700 1771/1965/1701 2161/1811/1547
f 283/1966/1702 1626/1812/1548 1625/1810/1546
f 1745/1967/1703 1627/1813/1549 285/1968/1704
f 1746/1969/1705 1628/1814/1550 1745/1967/1703
f 1747/1970/1706 1629/1815/1551 1746/1969/1705
f 1748/1971/1707 1630/1816/1552 1747/1970/1706
f 1631/1817/1553 1630/1816/1552 1749/1972/1708
f 1632/1818/1554 1631/1817/1553 1750/1973/1709
f 1633/1819/1555 1632/1818/1554 1751/1974/1710
f 1634/1820/1556 1633/1819/1555 1752/1975/1711
f 1635/1821/1557 1634/1820/1556 1753/1976/1712
f 1754/1977/1713 1636/1822/1558 1753/1976/1712
f 1755/1978/1714 307/1979/1715 1754/1977/1713
f 1756/1980/1716 1638/1824/1560 307/1979/1715
f 1757/1981/1717 1639/1825/1561 1756/1980/1716
f 1758/1982/1718 1640/1826/1562 1757/1981/1717
f 1759/1983/1719 1641/1827/1563 2174/1984/1720
f 1760/1985/1721 1642/1830/1566 1769/1986/1722
f 1761/1987/1723 1643/1831/1567 1760/1985/1721
f 1644/1832/1568 1643/1831/1567 1762/1988/1724
f 1763/1989/1725 1645/1833/1569 1762/1988/1724
f 1764/1990/1726 1646/1834/1570 1763/1989/1725
f 1647/1835/1571 1646/1834/1570 1765/1842/1578
f 2175/1991/1727 262/1954/1690 2164/1840/1576
f 1767/1992/1728 101/1887/1623 1687/1886/1622
f 2177/1993/1729 1769/1986/1722 2165/1838/1574
f 1/1994/1730 3/1995/1731 1765/1842/1578
f 1772/1996/1732 1652/1844/1580 3/1995/1731
f 1653/1845/1581 1652/1844/1580 1773/1997/1733
f 1654/1846/1582 1653/1845/1581 1774/1998/1734
f 1655/1847/1583 1654/1846/1582 1775/1999/1735
f 1776/2000/1736 1656/1848/1584 1775/1999/1735
f 1777/2001/1737 1657/1849/1585 1776/2000/1736
f 1778/2002/1738 1658/1850/1586 2179/2003/1739
f 2187/2004/1740 1859/2005/1741 2167/1852/1588
f 1779/2006/1742 1660/1854/1590 1860/2007/1743
f 1780/2008/1744 1661/1855/1591 1779/2006/1742
f 1781/2009/1745 1662/1856/1592 1780/2008/1744
f 1663/1857/1593 1662/1856/1592 1781/2009/1745
f 1664/1858/1594 1663/1857/1593 1782/2010/1746
f 1783/2011/1747 1665/1859/1595 1782/2010/1746
f 30/2012/1748 1666/1860/1596 75/2013/1749
f 30/2012/1748 73/2014/1750 1666/1860/1596
f 32/2015/1751 71/2016/1752 1667/1861/1597
f 34/2017/1753 68/1866/1602 1668/1862/1598
f 68/1866/1602 34/2017/1753 1669/1865/1601
f 1669/1865/1601 34/2017/1753 1670/1867/1603
f 1670/1867/1603 71/2016/1752 1671/1868/1604
f 1784/2018/1754 1673/1870/1606 75/2013/1749
f 1860/2007/1743 18/2019/1755 2168/1872/1608
f 1785/2020/1756 1675/1874/1610 2180/2021/1757
f 1676/1875/1611 1675/1874/1610 1786/2022/1758
f 1677/1876/1612 1676/1875/1611 1787/2023/1759
f 1678/1877/1613 1677/1876/1612 1788/2024/1760
f 1679/1878/1614 1678/1877/1613 1789/2025/1761
f 1790/2026/1762 1680/1879/1615 1789/2025/1761
f 1791/2027/1763 1681/1880/1616 1790/2026/1762
f 1792/2028/1764 1682/1881/1617 1791/2027/1763
f 1793/2029/1765 1683/1882/1618 1792/2028/1764
f 1794/2030/1766 1684/1883/1619 1793/2029/1765
f 1685/1884/1620 1684/1883/1619 1795/2031/1767
f 1686/1885/1621 1685/1884/1620 1796/2032/1768
f 1797/2033/1769 1687/1886/1622 1796/2032/1768
f 103/2034/1770 1688/1888/1624 1767/1992/1728
f 1798/2035/1771 1689/1889/1625 103/2034/1770
f 1799/2036/1772 1690/1890/1626 1798/2035/1771
f 1800/2037/1773 1691/1891/1627 1799/2036/1772
f 1801/2038/1774 1692/1892/1628 1800/2037/1773
f 1802/2039/1775 1693/1893/1629 1801/2038/1774
f 1803/2040/1776 1694/1894/1630 2181/2041/1777
f 1695/1895/1631 1694/1894/1630 1804/2042/1778
f 1805/2043/1779 1696/1898/1634 1865/2044/1780
f 1697/1899/1635 1696/1898/1634 1806/2045/1781
f 1698/1900/1636 1697/1899/1635 1807/2046/1782
f 1699/1901/1637 1698/1900/1636 1808/2047/1783
f 1809/2048/1784 1700/1902/1638 1808/2047/1783
f 1810/2049/1785 1701/1903/1639 1809/2048/1784
f 1811/2050/1786 1702/1904/1640 1810/2049/1785
f 1812/2051/1787 1703/1905/1641 1811/2050/1786
f 1704/1906/1642 1703/1905/1641 1813/2052/1788
f 1705/1907/1643 1704/1906/1642 1814/2053/1789
f 1706/1908/1644 1705/1907/1643 1815/2054/1790
f 1816/2055/1791 1707/1910/1646 2182/2056/1792
f 2183/2057/1793 1817/2058/1794 2171/1912/1648
f 1818/2059/1795 1709/1914/1650 1817/2058/1794
f 1710/1915/1651 1709/1914/1650 1819/2060/1796
f 2184/2061/1797 1820/2062/1798 2172/1916/1652
f 1821/2063/1799 1712/1918/1654 1820/2062/1798
f 1863/2064/1800 159/1919/1655 1821/2063/1799
f 1822/2065/1801 1713/1920/1656 159/1919/1655
f 1714/1921/1657 1713/1920/1656 1822/2065/1801
f 1715/1922/1658 1714/1921/1657 1823/2066/1802
f 1824/2067/1803 1716/1923/1659 1823/2066/1802
f 1825/2068/1804 1717/1924/1660 1824/2067/1803
f 1826/2069/1805 1718/1925/1661 1825/2068/1804
f 1827/2070/1806 1719/1926/1662 1826/2069/1805
f 1828/2071/1807 1720/1927/1663 1827/2070/1806
f 1721/1928/1664 1720/1927/1663 1829/2072/1808
f 1722/1929/1665 1721/1928/1664 1830/2073/1809
f 1723/1930/1666 1722/1929/1665 1831/2074/1810
f 1832/2075/1811 1724/1931/1667 1831/2074/1810
f 1833/2076/1812 1725/1932/1668 1832/2075/1811
f 1726/1933/1669 1725/1932/1668 1834/2077/1813
f 1727/1934/1670 1726/1933/1669 1835/2078/1814
f 1836/2079/1815 1728/1935/1671 1835/2078/1814
f 1729/1936/1672 1728/1935/1671 1837/2080/1816
f 227/2081/1817 1730/1941/1677 224/1942/1678
f 1730/1941/1677 227/2081/1817 1731/1943/1679
f 1731/1943/1679 227/2081/1817 1732/1944/1680
f 1733/1945/1681 1732/1944/1680 232/2082/1818
f 1735/1948/1684 249/2083/1819 1736/1950/1686
f 252/2084/1820 1737/2085/1821 1768/1938/1674
f 1738/1953/1689 264/2086/1822 1739/1955/1691
f 1838/2087/1823 1740/1956/1692 1861/2088/1824
f 1838/2087/1823 270/2089/1825 1741/1957/1693
f 270/2089/1825 277/1961/1697 1742/1958/1694
f 1839/2090/1826 1743/1960/1696 1838/2087/1823
f 1840/2091/1827 1744/1962/1698 2185/2092/1828
f 1841/2093/1829 1745/1967/1703 1866/2094/1830
f 1842/2095/1831 1746/1969/1705 1841/2093/1829
f 1843/2096/1832 1747/1970/1706 1842/2095/1831
f 1844/2097/1833 1748/1971/1707 1843/2096/1832
f 1749/1972/1708 1748/1971/1707 1845/2098/1834
f 1750/1973/1709 1749/1972/1708 1846/2099/1835
f 1751/1974/1710 1750/1973/1709 1847/2100/1836
f 1752/1975/1711 1751/1974/1710 1848/2101/1837
f 1753/1976/1712 1752/1975/1711 1849/2102/1838
f 1850/2103/1839 1754/1977/1713 1849/2102/1838
f 1755/1978/1714 1754/1977/1713 1851/2104/1840
f 1852/2105/1841 1756/1980/1716 1851/2104/1840
f 1853/2106/1842 1757/1981/1717 1852/2105/1841
f 1854/2107/1843 1758/1982/1718 1853/2106/1842
f 1855/2108/1844 1759/1983/1719 2186/2109/1845
f 322/2110/1846 1760/1985/1721 1769/1986/1722
f 1856/2111/1847 1761/1987/1723 322/2110/1846
f 1762/1988/1724 1761/1987/1723 1857/2112/1848
f 1858/2113/1849 1763/1989/1725 1857/2112/1848
f 232/2082/1818 1766/1951/1687 1736/1950/1686
f 2188/2114/1850 1861/2088/1824 2175/1991/1727
f 1862/2115/1851 103/2034/1770 1797/2033/1769
f 2191/2116/1852 1867/2117/1853 2176/1937/1673
f 2189/2118/1854 1864/2119/1855 2177/1993/1729
f 1770/1896/1632 1695/1895/1631 1865/2044/1780
f 2190/2120/1856 1866/2094/1830 2178/1964/1700
f 1868/2121/1857 1772/1996/1732 328/2122/1858
f 1773/1997/1733 1772/1996/1732 1869/2123/1859
f 1774/1998/1734 1773/1997/1733 1870/2124/1860
f 1775/1999/1735 1774/1998/1734 1871/2125/1861
f 1872/2126/1862 1776/2000/1736 1871/2125/1861
f 1873/2127/1863 1777/2001/1737 1872/2126/1862
f 1874/2128/1864 1778/2002/1738 2192/2129/1865
f 20/2130/1866 1779/2006/1742 1860/2007/1743
f 1779/2006/1742 20/2130/1866 1780/2008/1744
f 1780/2008/1744 22/2131/1867 1781/2009/1745
f 25/2132/1868 27/2133/1869 1781/2009/1745
f 27/2133/1869 1784/2018/1754 1782/2010/1746
f 1875/2134/1870 1785/2020/1756 2193/2135/1871
f 1786/2022/1758 1785/2020/1756 1876/2136/1872
f 1787/2023/1759 1786/2022/1758 1876/2136/1872
f 1876/2136/1872 1790/2026/1762 1789/2025/1761
f 1790/2026/1762 1876/2136/1872 1791/2027/1763
f 1877/2137/1873 1794/2030/1766 1876/2136/1872
f 1795/2031/1767 1794/2030/1766 1877/2137/1873
f 1796/2032/1768 1795/2031/1767 1878/2138/1874
f 1879/2139/1875 1797/2033/1769 1878/2138/1874
f 105/2140/1876 1798/2035/1771 1862/2115/1851
f 1880/2141/1877 1799/2036/1772 105/2140/1876
f 1881/2142/1878 1800/2037/1773 1880/2141/1877
f 1882/2143/1879 1801/2038/1774 1881/2142/1878
f 1883/2144/1880 1802/2039/1775 1882/2143/1879
f 1884/2145/1881 1803/2040/1776 2194/2146/1882
f 1804/2042/1778 1803/2040/1776 1885/2147/1883
f 1886/2148/1884 1805/2043/1779 1936/2149/1885
f 1806/2045/1781 1805/2043/1779 1887/2150/1886
f 1807/2046/1782 1806/2045/1781 1888/2151/1887
f 1808/2047/1783 1807/2046/1782 1889/2152/1888
f 1890/2153/1889 1809/2048/1784 1889/2152/1888
f 1891/2154/1890 1810/2049/1785 1890/2153/1889
f 1892/2155/1891 1811/2050/1786 1891/2154/1890
f 1893/2156/1892 1812/2051/1787 1892/2155/1891
f 1813/2052/1788 1812/2051/1787 1894/2157/1893
f 1814/2053/1789 1813/2052/1788 1895/2158/1894
f 1815/2054/1790 1814/2053/1789 1896/2159/1895
f 1897/2160/1896 1816/2055/1791 2195/2161/1897
f 2196/2162/1898 1898/2163/1899 2183/2057/1793
f 1899/2164/1900 1818/2059/1795 1898/2163/1899
f 1819/2060/1796 1818/2059/1795 1900/2165/1901
f 2197/2166/1902 1901/2167/1903 2184/2061/1797
f 1902/2168/1904 1821/2063/1799 1901/2167/1903
f 333/2169/1905 162/2170/1906 1863/2064/1800
f 1903/2171/1907 1823/2066/1802 162/2170/1906
f 1904/2172/1908 1824/2067/1803 1903/2171/1907
f 1905/2173/1909 1825/2068/1804 1904/2172/1908
f 1906/2174/1910 1826/2069/1805 1905/2173/1909
f 1907/2175/1911 1827/2070/1806 1906/2174/1910
f 1908/2176/1912 1828/2071/1807 1907/2175/1911
f 1829/2072/1808 1828/2071/1807 1909/2177/1913
f 1910/2178/1914 180/2179/1915 1909/2177/1913
f 180/2179/1915 1832/2075/1811 1831/2074/1810
f 1910/2178/1914 1833/2076/1812 180/2179/1915
f 1834/2077/1813 1833/2076/1812 1911/2180/1916
f 1835/2078/1814 1834/2077/1813 1912/2181/1917
f 1913/2182/1918 1836/2079/1815 1912/2181/1917
f 1837/2080/1816 1836/2079/1815 1914/2183/1919
f 1915/2184/1920 1839/2090/1826 1938/2185/1921
f 1916/2186/1922 1840/2091/1827 2198/2187/1923
f 1917/2188/1924 1841/2093/1829 1937/2189/1925
f 1918/2190/1926 1842/2095/1831 1917/2188/1924
f 1919/2191/1927 1843/2096/1832 1918/2190/1926
f 1920/2192/1928 1844/2097/1833 1919/2191/1927
f 1845/2098/1834 1844/2097/1833 1921/2193/1929
f 1846/2099/1835 1845/2098/1834 1922/2194/1930
f 1847/2100/1836 1846/2099/1835 1923/2195/1931
f 1848/2101/1837 1847/2100/1836 1924/2196/1932
f 1849/2102/1838 1848/2101/1837 1925/2197/1933
f 1926/2198/1934 1850/2103/1839 1925/2197/1933
f 1851/2104/1840 1850/2103/1839 1926/2198/1934
f 1927/2199/1935 1852/2105/1841 1926/2198/1934
f 1928/2200/1936 1853/2106/1842 1927/2199/1935
f 1929/2201/1937 1854/2107/1843 1928/2200/1936
f 1930/2202/1938 1855/2108/1844 2199/2203/1939
f 1931/2204/1940 1856/2111/1847 1934/2205/1941
f 1857/2112/1848 1856/2111/1847 1932/2206/1942
f 1935/2207/1943 328/2122/1858 1932/2206/1942
f 328/2122/1858 1/1994/1730 1858/2113/1849
f 2200/2208/1944 1933/2209/1945 2187/2004/1740
f 1938/2185/1921 267/2210/1946 2188/2114/1850
f 2201/2211/1947 1934/2205/1941 2189/2118/1854
f 1865/2044/1780 1804/2042/1778 1936/2149/1885
f 2202/2212/1948 1937/2189/1925 2190/2120/1856
f 2203/2213/1949 1939/2214/1950 2191/2116/1852
f 8/2215/1951 1868/2121/1857 1935/2207/1943
f 1989/2216/1952 1869/2123/1859 8/2215/1951
f 1989/2216/1952 1871/2125/1861 1870/2124/1860
f 1940/2217/1953 1873/2127/1863 1989/2216/1952
f 2205/2218/1954 2204/2219/1955 2192/2129/1865
f 1993/2220/1956 79/2221/1957 2193/2135/1871
f 79/2221/1957 334/2222/1958 1875/2134/1870
f 1876/2136/1872 90/2223/1959 1877/2137/1873
f 1942/2224/1960 1878/2138/1874 79/2221/1957
f 1988/2225/1961 94/2226/1962 1878/2138/1874
f 1943/2227/1963 1881/2142/1878 1988/2225/1961
f 1944/2228/1964 1882/2143/1879 1943/2227/1963
f 1945/2229/1965 1883/2144/1880 1944/2228/1964
f 1946/2230/1966 1884/2145/1881 2206/2231/1967
f 1885/2147/1883 1884/2145/1881 1947/2232/1968
f 1887/2150/1886 1886/2148/1884 1949/2233/1969
f 1888/2151/1887 1887/2150/1886 127/2234/1970
f 1889/2152/1888 1888/2151/1887 127/2234/1970
f 1950/2235/1971 1890/2153/1889 127/2234/1970
f 1951/2236/1972 1891/2154/1890 1950/2235/1971
f 1952/2237/1973 1892/2155/1891 1951/2236/1972
f 1953/2238/1974 1893/2156/1892 1952/2237/1973
f 1894/2157/1893 1893/2156/1892 1954/2239/1975
f 1955/2240/1976 139/2241/1977 1954/2239/1975
f 139/2241/1977 1896/2159/1895 1895/2158/1894
f 1956/2242/1978 1897/2160/1896 2207/2243/1979
f 2208/2244/1980 1957/2245/1981 2196/2162/1898
f 1958/2246/1982 1899/2164/1900 1957/2245/1981
f 1900/2165/1901 1899/2164/1900 1959/2247/1983
f 2212/2248/1984 1991/2249/1985 2197/2166/1902
f 1960/2250/1986 1903/2171/1907 156/2251/1987
f 1961/2252/1988 1904/2172/1908 1960/2250/1986
f 1962/2253/1989 1905/2173/1909 1961/2252/1988
f 1963/2254/1990 1906/2174/1910 1962/2253/1989
f 1964/2255/1991 1907/2175/1911 1963/2254/1990
f 1965/2256/1992 1908/2176/1912 1964/2255/1991
f 1909/2177/1913 1908/2176/1912 1966/2257/1993
f 1967/2258/1994 1911/2180/1916 182/2259/1995
f 1912/2181/1917 1911/2180/1916 1968/2260/1996
f 1969/2261/1997 1913/2182/1918 1968/2260/1996
f 1914/2183/1919 1913/2182/1918 1970/2262/1998
f 1971/2263/1999 1915/2184/1920 1994/2264/2000
f 1972/2265/2001 1916/2186/1922 2209/2266/2002
f 1973/2267/2003 1917/2188/1924 1992/2268/2004
f 1974/2269/2005 1918/2190/1926 1973/2267/2003
f 1975/2270/2006 1919/2191/1927 1974/2269/2005
f 1976/2271/2007 1920/2192/1928 1975/2270/2006
f 1921/2193/1929 1920/2192/1928 1977/2272/2008
f 1922/2194/1930 1921/2193/1929 1978/2273/2009
f 1923/2195/1931 1922/2194/1930 1979/2274/2010
f 1924/2196/1932 1923/2195/1931 1980/2275/2011
f 1925/2197/1933 1924/2196/1932 1981/2276/2012
f 1996/2277/2013 304/2278/2014 1981/2276/2012
f 1982/2279/2015 1927/2199/1935 304/2278/2014
f 1983/2280/2016 1928/2200/1936 1982/2279/2015
f 1984/2281/2017 1929/2201/1937 1983/2280/2016
f 1985/2282/2018 1930/2202/1938 2210/2283/2019
f 324/2284/2020 1931/2204/1940 1934/2205/1941
f 1986/2285/2021 1932/2206/1942 324/2284/2020
f 1933/2209/1945 2200/2208/1944 1987/2286/2022
f 2211/2287/2023 1990/2288/2024 2201/2211/1947
f 1989/2216/1952 8/2215/1951 1986/2285/2021
f 1936/2149/1885 1885/2147/1883 1948/2289/2025
f 2213/2290/2026 1992/2268/2004 2202/2212/1948
f 1938/2185/1921 1939/2214/1950 1994/2264/2000
f 2214/2291/2027 1995/2292/2028 2203/2213/1949
f 1989/2216/1952 335/2293/2029 1940/2217/1953
f 2222/2294/2030 2037/2295/2031 2204/2219/1955
f 92/2296/2032 1942/2224/1960 1993/2220/1956
f 1997/2297/2033 1943/2227/1963 2034/2298/2034
f 111/2299/2035 1944/2228/1964 1997/2297/2033
f 111/2299/2035 16/2300/2036 1944/2228/1964
f 1999/2301/2037 1946/2230/1966 2215/2302/2038
f 2000/2303/2039 1947/2232/1968 2216/2304/2040
f 2001/2305/2041 1949/2233/1969 2039/2306/2042
f 2033/2307/2043 127/2234/1970 2001/2305/2041
f 2033/2307/2043 1950/2235/1971 127/2234/1970
f 2002/2308/2044 1951/2236/1972 2033/2307/2043
f 2003/2309/2045 1952/2237/1973 2002/2308/2044
f 2004/2310/2046 1953/2238/1974 2003/2309/2045
f 1954/2239/1975 1953/2238/1974 2005/2311/2047
f 1955/2240/1976 1954/2239/1975 2006/2312/2048
f 2007/2313/2049 1956/2242/1978 2217/2314/2050
f 2218/2315/2051 2008/2316/2052 2208/2244/1980
f 2009/2317/2053 1958/2246/1982 2008/2316/2052
f 1959/2247/1983 1958/2246/1982 2010/2318/2054
f 164/2319/2055 1960/2250/1986 1991/2249/1985
f 2011/2320/2056 1962/2253/1989 166/2321/2057
f 2012/2322/2058 1963/2254/1990 2011/2320/2056
f 2013/2323/2059 1964/2255/1991 2012/2322/2058
f 2014/2324/2060 1965/2256/1992 2013/2323/2059
f 2035/2325/2061 176/2326/2062 2014/2324/2060
f 2015/2327/2063 184/2328/2064 2035/2325/2061
f 184/2328/2064 1968/2260/1996 1967/2258/1994
f 2016/2329/2065 1969/2261/1997 184/2328/2064
f 1970/2262/1998 1969/2261/1997 2017/2330/2066
f 279/2331/2067 1971/2263/1999 1994/2264/2000
f 2019/2332/2068 1972/2265/2001 2219/2333/2069
f 287/2334/2070 1973/2267/2003 1992/2268/2004
f 2020/2335/2071 1974/2269/2005 287/2334/2070
f 2021/2336/2072 1975/2270/2006 2020/2335/2071
f 2022/2337/2073 1976/2271/2007 2021/2336/2072
f 1977/2272/2008 1976/2271/2007 2023/2338/2074
f 1978/2273/2009 1977/2272/2008 2024/2339/2075
f 1979/2274/2010 1978/2273/2009 2025/2340/2076
f 1980/2275/2011 1979/2274/2010 2026/2341/2077
f 1981/2276/2012 1980/2275/2011 2027/2342/2078
f 2028/2343/2079 1982/2279/2015 2041/2344/2080
f 2029/2345/2081 1983/2280/2016 2028/2343/2079
f 2030/2346/2082 1984/2281/2017 2029/2345/2081
f 2221/2347/2083 2220/2348/2084 2210/2283/2019
f 1987/2286/2022 1941/2349/2085 2032/2350/2086
f 2039/2306/2042 123/2351/2087 1947/2232/1968
f 1942/2224/1960 92/2296/2032 107/2352/2088
f 2224/2353/2089 2040/2354/2090 2211/2287/2023
f 166/2321/2057 164/2319/2055 2212/2248/1984
f 2223/2355/2091 2038/2356/2092 2213/2290/2026
f 2034/2298/2034 336/2357/2093 1987/2286/2022
f 2018/2358/2094 279/2331/2067 1995/2292/2028
f 1995/2292/2028 2214/2291/2027 2036/2359/2095
f 1996/2277/2013 1981/2276/2012 2041/2344/2080
f 109/2360/2096 1997/2297/2033 2034/2298/2034
f 109/2360/2096 337/2361/2097 1997/2297/2033
f 2042/2362/2098 1998/2363/2099 2073/2364/2100
f 2043/2365/2101 1999/2301/2037 2225/2366/2102
f 2226/2367/2103 2044/2368/2104 2216/2304/2040
f 2045/2369/2105 2001/2305/2041 2077/2370/2106
f 2046/2371/2107 2002/2308/2044 129/2372/2108
f 2047/2373/2109 2003/2309/2045 2046/2371/2107
f 2048/2374/2110 2004/2310/2046 2047/2373/2109
f 2049/2375/2111 137/2376/2112 2048/2374/2110
f 137/2376/2112 2006/2312/2048 2005/2311/2047
f 2050/2377/2113 2007/2313/2049 2227/2378/2114
f 2229/2379/2115 2228/2380/2116 2218/2315/2051
f 2052/2381/2117 2009/2317/2053 2051/2382/2118
f 2010/2318/2054 2009/2317/2053 2053/2383/2119
f 2054/2384/2120 2012/2322/2058 168/2385/2121
f 2055/2386/2122 2013/2323/2059 2054/2384/2120
f 2056/2387/2123 174/2388/2124 2055/2386/2122
f 338/2389/2125 2015/2327/2063 2035/2325/2061
f 2057/2390/2126 2016/2329/2065 2056/2387/2123
f 2017/2330/2066 2016/2329/2065 2058/2391/2127
f 339/2392/2128 2018/2358/2094 2036/2359/2095
f 2060/2393/2129 2019/2332/2068 2230/2394/2130
f 2061/2395/2131 2020/2335/2071 2076/2396/2132
f 2062/2397/2133 2021/2336/2072 2061/2395/2131
f 2063/2398/2134 2022/2337/2073 2062/2397/2133
f 2023/2338/2074 2022/2337/2073 2064/2399/2135
f 2024/2339/2075 2023/2338/2074 2065/2400/2136
f 2025/2340/2076 2024/2339/2075 2066/2401/2137
f 2026/2341/2077 2025/2340/2076 2067/2402/2138
f 2027/2342/2078 2026/2341/2077 2068/2403/2139
f 2069/2404/2140 2028/2343/2079 2079/2405/2141
f 2070/2406/2142 2029/2345/2081 2069/2404/2140
f 2071/2407/2143 2030/2346/2082 2070/2406/2142
f 2232/2408/2144 2231/2409/2145 2220/2348/2084
f 2074/2410/2146 168/2385/2121 2010/2318/2054
f 2075/2411/2147 129/2372/2108 2045/2369/2105
f 337/2361/2097 109/2360/2096 2032/2350/2086
f 174/2388/2124 338/2389/2125 2014/2324/2060
f 2059/2412/2148 339/2392/2128 2017/2330/2066
f 2233/2413/2149 2073/2364/2100 2222/2294/2030
f 2234/2414/2150 2076/2396/2132 2223/2355/2091
f 2039/2306/2042 2000/2303/2039 2077/2370/2106
f 2235/2415/2151 2078/2416/2152 2224/2353/2089
f 2041/2344/2080 2027/2342/2078 2079/2405/2141
f 2101/2417/2153 340/2418/2154 2225/2366/2102
f 2081/2419/2155 2044/2368/2104 2236/2420/2156
f 2103/2421/2157 131/2422/2158 2077/2370/2106
f 131/2422/2158 2046/2371/2107 2075/2411/2147
f 2082/2423/2159 2047/2373/2109 2103/2421/2157
f 2083/2424/2160 2048/2374/2110 2082/2423/2159
f 2049/2375/2111 2048/2374/2110 2083/2424/2160
f 2084/2425/2161 2050/2377/2113 2237/2426/2162
f 2239/2427/2163 2238/2428/2164 2229/2379/2115
f 151/2429/2165 2052/2381/2117 2085/2430/2166
f 2102/2431/2167 342/2432/2168 2052/2381/2117
f 170/2433/2169 2054/2384/2120 2074/2410/2146
f 2054/2384/2120 170/2433/2169 2055/2386/2122
f 172/2434/2170 2056/2387/2123 2055/2386/2122
f 2087/2435/2171 2057/2390/2126 2104/2436/2172
f 2058/2391/2127 2057/2390/2126 2088/2437/2173
f 2059/2412/2148 2058/2391/2127 2089/2438/2174
f 2241/2439/2175 2106/2440/2176 2060/2393/2129
f 289/2441/2177 2061/2395/2131 2076/2396/2132
f 2090/2442/2178 2062/2397/2133 289/2441/2177
f 2091/2443/2179 2063/2398/2134 2090/2442/2178
f 2064/2399/2135 2063/2398/2134 2092/2444/2180
f 2065/2400/2136 2064/2399/2135 2093/2445/2181
f 2066/2401/2137 2065/2400/2136 2094/2446/2182
f 2067/2402/2138 2066/2401/2137 2095/2447/2183
f 2068/2403/2139 2067/2402/2138 2096/2448/2184
f 2097/2449/2185 2069/2404/2140 2107/2450/2186
f 2098/2451/2187 2070/2406/2142 2097/2449/2185
f 2099/2452/2188 2071/2407/2143 2098/2451/2187
f 2240/2453/2189 2100/2454/2190 2231/2409/2145
f 2080/2455/2191 2042/2362/2098 2233/2413/2149
f 2104/2436/2172 341/2456/2192 2053/2383/2119
f 2242/2457/2193 2108/2458/2194 2234/2414/2150
f 2078/2416/2152 2235/2415/2151 2105/2459/2195
f 2079/2405/2141 2068/2403/2139 2107/2450/2186
f 343/2460/2196 2080/2455/2191 2105/2459/2195
f 2124/2461/2197 116/2462/2198 2236/2420/2156
f 133/2463/2199 2082/2423/2159 2103/2421/2157
f 2082/2423/2159 133/2463/2199 135/2464/2200
f 2243/2465/2201 2109/2466/2202 2237/2426/2162
f 2245/2467/2203 2123/2468/2204 2238/2428/2164
f 149/2469/2205 151/2429/2165 2085/2430/2166
f 153/2470/2206 2086/2471/2207 2106/2440/2176
f 189/2472/2208 2087/2435/2171 2104/2436/2172
f 191/2473/2209 2088/2437/2173 2111/2474/2210
f 191/2473/2209 2089/2438/2174 2088/2437/2173
f 2112/2475/2211 2090/2442/2178 2122/2476/2212
f 2113/2477/2213 2091/2443/2179 2112/2475/2211
f 2092/2444/2180 2091/2443/2179 2114/2478/2214
f 2093/2445/2181 2092/2444/2180 2115/2479/2215
f 2094/2446/2182 2093/2445/2181 2116/2480/2216
f 2095/2447/2183 2094/2446/2182 2117/2481/2217
f 2096/2448/2184 2095/2447/2183 2118/2482/2218
f 309/2483/2219 2097/2449/2185 2120/2484/2220
f 309/2483/2219 147/2485/2221 2097/2449/2185
f 2098/2451/2187 311/2486/2222 2099/2452/2188
f 2244/2487/2223 2119/2488/2224 2240/2453/2189
f 343/2460/2196 2101/2417/2153 2080/2455/2191
f 116/2462/2198 344/2489/2225 2081/2419/2155
f 2110/2490/2226 189/2472/2208 2086/2471/2207
f 343/2460/2196 2105/2459/2195 2101/2417/2153
f 2121/2491/2227 153/2470/2206 2241/2439/2175
f 2107/2450/2186 2096/2448/2184 2120/2484/2220
f 2122/2476/2212 2108/2458/2194 2123/2468/2204
f 2124/2461/2197 348/2492/2228 2243/2465/2201
f 346/2493/2229 2110/2490/2226 2121/2491/2227
f 346/2493/2229 2111/2474/2210 2110/2490/2226
f 291/2494/2230 2112/2475/2211 2122/2476/2212
f 2112/2475/2211 291/2494/2230 2113/2477/2213
f 293/2495/2231 295/2496/2232 2113/2477/2213
f 295/2496/2232 297/2497/2233 2114/2478/2214
f 297/2497/2233 299/2498/2234 2115/2479/2215
f 299/2498/2234 301/2499/2235 2116/2480/2216
f 345/2500/2236 309/2483/2219 2120/2484/2220
f 2109/2466/2202 348/2492/2228 2244/2487/2223
f 301/2499/2235 345/2500/2236 2118/2482/2218
f 346/2493/2229 2121/2491/2227 2111/2474/2210
f 347/2501/2237 291/2494/2230 2123/2468/2204
f 348/2492/2228 2124/2461/2197 2119/2488/2224
f 551/425/407 349/3/3 2/2/2
f 349/3/3 350/5/5 4/1/1
f 350/428/5 351/8/7 5/7/4
f 351/8/7 352/10/9 7/6/6
f 352/10/9 353/12/11 9/9/8
f 353/12/11 354/14/13 10/11/10
f 354/14/13 355/16/15 11/13/12
f 12/15/14 355/16/15 13/18/17
f 13/18/17 356/17/16 15/20/19
f 15/20/19 357/19/18 17/22/21
f 358/437/20 359/25/23 17/24/21
f 359/25/23 360/27/25 19/23/22
f 21/26/24 360/27/25 23/29/27
f 23/29/27 361/28/26 24/31/29
f 362/30/28 363/33/31 24/31/29
f 363/33/31 364/35/33 26/32/30
f 28/34/32 364/35/33 29/37/35
f 29/2502/35 365/40/34 31/39/37
f 31/39/37 366/38/36 33/42/39
f 33/42/39 367/41/38 35/44/41
f 368/43/40 369/46/43 35/44/41
f 369/46/43 370/48/45 37/45/42
f 39/47/44 370/48/45 41/50/47
f 41/50/47 371/49/46 42/52/49
f 372/51/48 373/54/51 42/52/49
f 373/54/51 374/56/53 43/53/50
f 44/55/52 374/56/53 45/58/55
f 45/58/55 375/57/54 47/60/57
f 47/60/57 376/59/56 49/62/59
f 49/62/59 377/61/58 51/64/61
f 51/64/61 378/63/60 53/66/63
f 53/66/63 379/65/62 55/68/65
f 55/68/65 380/67/64 57/70/67
f 381/69/66 382/72/69 57/70/67
f 382/463/69 383/75/71 58/74/68
f 383/75/71 384/77/73 59/73/70
f 384/77/73 385/79/75 61/76/72
f 385/79/75 386/81/77 62/78/74
f 386/81/77 387/83/79 64/80/76
f 65/82/78 387/83/79 67/85/81
f 67/85/81 388/84/80 69/87/83
f 69/87/83 389/86/82 70/89/85
f 70/89/85 390/88/84 72/91/87
f 72/91/87 391/90/86 74/93/89
f 74/93/89 392/92/88 76/95/91
f 76/95/91 393/94/90 77/97/93
f 77/97/93 394/96/92 78/99/95
f 395/2503/94 396/102/97 78/101/95
f 396/102/97 397/104/99 80/100/96
f 397/480/99 398/107/101 81/106/98
f 398/107/101 399/109/103 82/105/100
f 83/108/102 399/109/103 84/111/105
f 84/111/105 400/110/104 85/113/107
f 85/113/107 401/112/106 86/115/109
f 86/115/109 402/114/108 87/117/111
f 87/117/111 403/116/110 88/119/113
f 88/119/113 404/118/112 89/121/115
f 405/120/114 406/123/117 89/121/115
f 406/123/117 407/125/119 91/122/116
f 93/124/118 407/125/119 95/127/121
f 408/126/120 409/129/123 95/127/121
f 409/129/123 410/131/125 96/128/122
f 98/130/124 410/131/125 99/133/127
f 411/132/126 412/135/129 99/133/127
f 412/135/129 413/137/131 100/134/128
f 102/2504/130 413/140/131 104/139/133
f 104/139/133 414/138/132 106/142/135
f 106/142/135 415/141/134 108/144/137
f 108/144/137 416/143/136 110/146/139
f 110/146/139 417/145/138 112/148/141
f 112/148/141 418/147/140 113/2505/143
f 113/150/143 419/149/142 115/153/145
f 420/152/144 421/155/147 115/153/145
f 421/155/147 422/157/149 117/154/146
f 422/157/149 423/159/151 119/156/148
f 120/158/150 423/159/151 122/161/153
f 122/161/153 424/160/152 124/163/155
f 425/162/154 426/165/157 124/163/155
f 426/165/157 427/167/159 125/164/156
f 427/167/159 428/169/161 126/166/158
f 128/168/160 428/169/161 130/171/163
f 130/171/163 429/170/162 132/173/165
f 132/173/165 430/172/164 134/175/167
f 134/175/167 431/174/166 136/177/169
f 432/518/168 433/180/171 136/179/169
f 433/180/171 434/182/173 138/178/170
f 140/181/172 434/182/173 141/184/175
f 141/184/175 435/183/174 143/186/177
f 436/185/176 437/188/179 143/186/177
f 437/188/179 438/190/181 144/187/178
f 146/189/180 438/190/181 148/192/183
f 439/526/182 440/195/185 148/194/183
f 150/193/184 440/195/185 152/197/187
f 441/196/186 442/199/189 152/197/187
f 2125/202/192 154/198/188 2126/200/190
f 155/2506/2238 2125/202/192 443/201/191
f 442/199/189 2126/200/190 154/198/188
f 155/2506/2238 443/201/191 157/204/194
f 157/204/194 444/203/193 158/206/196
f 158/206/196 445/205/195 160/208/198
f 446/207/197 447/210/200 160/208/198
f 447/210/200 448/212/202 161/209/199
f 448/212/202 449/214/204 163/211/201
f 165/213/203 449/214/204 167/216/206
f 167/216/206 450/215/205 169/218/208
f 169/2507/208 451/221/207 171/220/210
f 171/220/210 452/219/209 173/223/212
f 173/223/212 453/222/211 175/225/214
f 454/224/213 455/227/216 175/225/214
f 455/227/216 456/229/218 177/226/215
f 456/229/218 457/231/220 178/228/217
f 179/230/219 457/231/220 181/233/222
f 181/233/222 458/232/221 183/235/224
f 459/234/223 460/237/226 183/235/224
f 460/237/226 461/239/228 185/236/225
f 186/238/227 461/239/228 188/241/230
f 188/241/230 462/240/229 190/243/232
f 463/242/231 464/245/234 190/243/232
f 192/244/233 464/245/234 194/247/236
f 465/555/235 466/250/238 194/249/236
f 195/248/237 466/250/238 197/252/240
f 197/252/240 467/251/239 199/254/242
f 199/254/242 468/253/241 201/256/244
f 201/256/244 469/255/243 203/258/246
f 470/257/245 471/260/248 203/258/246
f 471/260/248 472/562/250 205/259/247
f 207/261/249 472/263/250 209/265/252
f 209/265/252 473/264/251 210/267/254
f 210/267/254 474/266/253 211/269/256
f 475/268/255 476/271/258 211/269/256
f 213/270/257 476/271/258 215/273/260
f 215/273/260 477/272/259 217/275/262
f 217/275/262 478/274/261 219/277/264
f 479/276/263 480/279/266 219/277/264
f 480/279/266 481/281/268 221/278/265
f 223/280/267 481/281/268 225/283/270
f 225/283/270 482/282/269 226/285/272
f 226/285/272 483/284/271 228/287/274
f 484/286/273 485/289/276 228/287/274
f 485/289/276 486/291/278 229/288/275
f 486/291/278 487/293/280 230/290/277
f 487/580/280 488/296/282 231/295/279
f 488/296/282 489/298/284 233/294/281
f 489/298/284 490/300/286 234/297/283
f 235/299/285 490/300/286 236/302/288
f 236/302/288 491/301/287 237/304/290
f 492/303/289 493/306/292 237/304/290
f 493/306/292 494/308/294 238/305/291
f 494/308/294 495/310/296 239/307/293
f 495/310/296 496/312/298 240/309/295
f 496/312/298 497/314/300 241/311/297
f 497/314/300 498/316/302 243/313/299
f 244/315/301 498/316/302 245/318/304
f 245/318/304 499/317/303 246/320/306
f 246/320/306 500/319/305 248/322/308
f 248/322/308 501/321/307 250/324/310
f 250/324/310 502/323/309 251/326/312
f 251/326/312 503/325/311 253/328/314
f 504/327/313 505/330/316 253/328/314
f 254/329/315 505/330/316 256/332/318
f 256/332/318 506/331/317 257/334/320
f 257/334/320 507/333/319 259/336/322
f 259/336/322 508/335/321 261/338/324
f 261/338/324 509/337/323 263/340/326
f 263/340/326 510/339/325 265/342/328
f 511/341/327 512/344/330 265/342/328
f 512/344/330 513/346/332 266/343/329
f 513/346/332 514/348/334 268/345/331
f 514/348/334 515/350/336 269/347/333
f 515/350/336 516/352/338 271/349/335
f 516/352/338 517/354/340 272/351/337
f 517/354/340 518/356/342 273/353/339
f 518/356/342 519/358/344 274/355/341
f 276/357/343 519/358/344 278/360/346
f 278/2508/346 520/363/345 280/362/348
f 280/2509/348 521/366/347 281/365/350
f 522/364/349 523/368/352 281/365/350
f 282/367/351 523/368/352 284/370/354
f 524/369/353 525/372/356 284/370/354
f 525/372/356 526/374/358 286/371/355
f 288/373/357 526/374/358 290/376/360
f 290/376/360 527/375/359 292/378/362
f 292/378/362 528/377/361 294/380/364
f 529/379/363 530/382/366 294/380/364
f 530/382/366 531/384/368 296/381/365
f 531/384/368 532/386/370 298/383/367
f 532/386/370 533/388/372 300/385/369
f 533/388/372 534/390/374 302/387/371
f 303/2510/373 534/393/374 305/392/376
f 535/391/375 536/395/378 305/392/376
f 306/394/377 536/395/378 308/397/380
f 308/397/380 537/396/379 310/399/382
f 310/399/382 538/398/381 312/401/384
f 312/401/384 539/400/383 314/403/386
f 314/403/386 540/402/385 315/2511/388
f 541/404/387 542/408/390 315/405/388
f 316/407/389 542/408/390 318/410/392
f 318/410/392 543/409/391 319/412/394
f 544/411/393 545/414/396 319/412/394
f 545/414/396 546/416/398 321/413/395
f 323/415/397 546/416/398 325/418/400
f 547/417/399 548/420/402 325/418/400
f 326/419/401 548/420/402 327/422/404
f 327/422/404 549/421/403 329/424/406
f 550/423/405 551/425/407 329/424/406
f 753/646/611 552/426/408 551/425/407
f 552/426/408 553/427/409 349/3/3
f 553/649/409 554/429/410 350/428/5
f 554/429/410 555/430/411 351/8/7
f 555/430/411 556/431/412 352/10/9
f 556/431/412 557/432/413 353/12/11
f 557/432/413 558/433/414 354/14/13
f 355/16/15 558/433/414 356/17/16
f 356/17/16 559/434/415 357/19/18
f 357/19/18 560/435/416 358/21/20
f 561/658/417 562/438/418 358/437/20
f 562/438/418 563/439/419 359/25/23
f 360/27/25 563/439/419 361/28/26
f 361/28/26 564/440/420 362/30/28
f 565/441/421 566/442/422 362/30/28
f 566/442/422 567/443/423 363/33/31
f 364/35/33 567/443/423 365/36/34
f 365/40/34 568/446/424 366/38/36
f 366/38/36 569/445/425 367/41/38
f 367/41/38 570/447/426 368/43/40
f 571/448/427 572/449/428 368/43/40
f 572/449/428 573/450/429 369/46/43
f 370/48/45 573/450/429 371/49/46
f 371/49/46 574/451/430 372/51/48
f 575/452/431 576/453/432 372/51/48
f 576/453/432 577/454/433 373/54/51
f 374/56/53 577/454/433 375/57/54
f 375/57/54 578/455/434 376/59/56
f 376/59/56 579/456/435 377/61/58
f 377/61/58 580/457/436 378/63/60
f 378/63/60 581/458/437 379/65/62
f 379/65/62 582/459/438 380/67/64
f 380/67/64 583/460/439 381/69/66
f 584/461/440 585/462/441 381/69/66
f 585/2512/441 586/464/442 382/463/69
f 586/464/442 587/465/443 383/75/71
f 587/465/443 588/466/444 384/77/73
f 588/466/444 589/467/445 385/79/75
f 589/467/445 590/468/446 386/81/77
f 387/83/79 590/468/446 388/84/80
f 388/84/80 591/469/447 389/86/82
f 389/86/82 592/470/448 390/88/84
f 390/88/84 593/471/449 391/90/86
f 391/90/86 594/472/450 392/92/88
f 392/92/88 595/473/451 393/94/90
f 393/94/90 596/474/452 394/96/92
f 394/96/92 597/475/453 395/98/94
f 598/476/454 599/478/455 395/98/94
f 599/2513/455 600/479/456 396/102/97
f 600/721/456 601/481/457 397/480/99
f 601/481/457 602/482/458 398/107/101
f 399/109/103 602/482/458 400/110/104
f 400/110/104 603/483/459 401/112/106
f 401/112/106 604/484/460 402/114/108
f 402/114/108 605/485/461 403/116/110
f 403/116/110 606/486/462 404/118/112
f 404/118/112 607/487/463 405/120/114
f 608/488/464 609/489/465 405/120/114
f 609/489/465 610/490/466 406/123/117
f 407/125/119 610/490/466 408/126/120
f 611/491/467 612/492/468 408/126/120
f 612/492/468 613/493/469 409/129/123
f 410/131/125 613/493/469 411/132/126
f 614/494/470 615/495/471 411/132/126
f 615/495/471 616/496/472 412/135/129
f 413/140/131 616/498/472 414/138/132
f 414/138/132 617/497/473 415/141/134
f 415/141/134 618/499/474 416/143/136
f 416/143/136 619/500/475 417/145/138
f 417/145/138 620/501/476 418/147/140
f 418/151/140 621/504/477 419/149/142
f 419/149/142 622/503/478 420/152/144
f 623/505/479 624/506/480 420/152/144
f 624/506/480 625/507/481 421/155/147
f 625/507/481 121/509/483 422/157/149
f 423/159/151 422/157/149 121/509/483
f 626/508/482 627/510/484 121/509/483
f 424/160/152 121/509/483 425/162/154
f 627/510/484 628/511/485 425/162/154
f 628/511/485 629/512/486 426/165/157
f 629/512/486 630/513/487 427/167/159
f 428/169/161 630/513/487 429/170/162
f 429/170/162 631/514/488 430/172/164
f 430/172/164 632/515/489 431/174/166
f 431/174/166 633/516/490 432/176/168
f 634/759/491 635/519/492 432/518/168
f 635/519/492 636/520/493 433/180/171
f 434/182/173 636/520/493 435/183/174
f 435/183/174 637/521/494 436/185/176
f 638/522/495 639/523/496 436/185/176
f 639/523/496 640/524/497 437/188/179
f 438/190/181 640/524/497 439/191/182
f 641/767/498 642/527/499 439/526/182
f 440/195/185 642/527/499 441/196/186
f 643/528/500 644/529/501 441/196/186
f 2126/200/190 442/199/189 2127/530/502
f 443/201/191 2126/200/190 645/531/503
f 644/529/501 2127/530/502 442/199/189
f 443/201/191 645/531/503 444/203/193
f 444/203/193 646/532/504 445/205/195
f 445/205/195 647/533/505 446/207/197
f 648/534/506 649/535/507 446/207/197
f 649/535/507 650/536/508 447/210/200
f 650/536/508 651/537/509 448/212/202
f 449/214/204 651/537/509 450/215/205
f 450/215/205 652/538/510 451/217/207
f 451/221/207 653/541/511 452/219/209
f 452/219/209 654/540/512 453/222/211
f 453/222/211 655/542/513 454/224/213
f 656/543/514 657/544/515 454/224/213
f 657/544/515 658/545/516 455/227/216
f 658/545/516 659/546/517 456/229/218
f 457/231/220 659/546/517 458/232/221
f 458/232/221 660/547/518 459/234/223
f 661/548/519 662/549/520 459/234/223
f 662/549/520 663/550/521 460/237/226
f 461/239/228 663/550/521 462/240/229
f 462/240/229 664/551/522 463/242/231
f 665/552/523 666/553/524 463/242/231
f 464/245/234 666/553/524 465/246/235
f 667/796/525 668/798/526 465/2514/235
f 466/250/238 668/556/526 467/251/239
f 467/251/239 669/557/527 468/253/241
f 468/253/241 670/558/528 469/255/243
f 469/255/243 671/559/529 470/257/245
f 672/560/530 673/561/531 470/257/245
f 673/561/531 674/563/532 471/260/248
f 472/263/250 674/565/532 473/264/251
f 473/264/251 675/564/533 474/266/253
f 474/266/253 676/566/534 475/268/255
f 677/567/535 678/568/536 475/268/255
f 476/271/258 678/568/536 477/272/259
f 477/272/259 679/569/537 478/274/261
f 478/274/261 680/570/538 479/276/263
f 681/571/539 682/572/540 479/276/263
f 682/572/540 683/573/541 480/279/266
f 481/281/268 683/573/541 482/282/269
f 482/282/269 684/574/542 483/284/271
f 483/284/271 685/575/543 484/286/273
f 686/576/544 687/577/545 484/286/273
f 687/577/545 688/578/546 485/289/276
f 688/578/546 689/579/547 486/291/278
f 689/2515/547 690/581/548 487/580/280
f 690/581/548 691/582/549 488/296/282
f 691/582/549 692/583/550 489/298/284
f 490/300/286 692/583/550 491/301/287
f 491/301/287 693/584/551 492/303/289
f 694/585/552 695/586/553 492/303/289
f 695/586/553 696/587/554 493/306/292
f 696/587/554 697/588/555 494/308/294
f 697/588/555 698/589/556 495/310/296
f 698/589/556 699/590/557 496/312/298
f 699/590/557 700/591/558 497/314/300
f 498/316/302 700/591/558 499/317/303
f 499/317/303 701/592/559 500/319/305
f 500/319/305 702/593/560 501/321/307
f 501/321/307 703/594/561 502/323/309
f 502/323/309 704/595/562 503/325/311
f 503/325/311 705/596/563 504/327/313
f 706/597/564 707/598/565 504/327/313
f 505/330/316 707/598/565 506/331/317
f 506/331/317 708/599/566 507/333/319
f 507/333/319 709/600/567 508/335/321
f 508/335/321 710/601/568 509/337/323
f 509/337/323 711/602/569 510/339/325
f 510/339/325 712/603/570 511/341/327
f 713/604/571 714/605/572 511/341/327
f 714/605/572 715/606/573 512/344/330
f 715/606/573 716/607/574 513/346/332
f 716/607/574 717/608/575 514/348/334
f 717/608/575 718/609/576 515/350/336
f 718/609/576 719/610/577 516/352/338
f 719/610/577 720/611/578 517/354/340
f 720/611/578 721/612/579 518/356/342
f 519/358/344 721/612/579 520/359/345
f 520/359/345 722/613/580 521/366/347
f 521/366/347 723/614/581 522/364/349
f 724/615/582 725/616/583 522/364/349
f 523/368/352 725/616/583 524/369/353
f 726/617/584 727/618/585 524/369/353
f 727/618/585 728/619/586 525/372/356
f 526/374/358 728/619/586 527/375/359
f 527/375/359 729/620/587 528/377/361
f 528/377/361 730/621/588 529/379/363
f 731/622/589 732/623/590 529/379/363
f 732/623/590 733/624/591 530/382/366
f 733/624/591 734/625/592 531/384/368
f 734/625/592 735/626/593 532/386/370
f 735/626/593 736/627/594 533/388/372
f 534/393/374 736/629/594 535/391/375
f 737/628/595 738/630/596 535/391/375
f 536/395/378 738/630/596 537/396/379
f 537/396/379 739/631/597 538/398/381
f 538/398/381 740/632/598 539/400/383
f 539/400/383 741/633/599 540/402/385
f 540/406/385 742/636/600 541/404/387
f 743/635/601 744/637/602 541/404/387
f 542/408/390 744/637/602 543/409/391
f 543/409/391 745/638/603 544/411/393
f 746/639/604 747/640/605 544/411/393
f 747/640/605 748/641/606 545/414/396
f 546/416/398 748/641/606 547/417/399
f 749/642/607 750/643/608 547/417/399
f 548/420/402 750/643/608 549/421/403
f 549/421/403 751/644/609 550/423/405
f 752/645/610 753/646/611 550/423/405
f 953/903/813 754/647/612 753/646/611
f 754/647/612 755/648/613 552/426/408
f 755/2516/613 756/650/614 553/649/409
f 756/650/614 757/651/615 554/429/410
f 757/651/615 758/652/616 555/430/411
f 758/652/616 759/653/617 556/431/412
f 759/653/617 760/654/618 557/432/413
f 558/433/414 760/654/618 559/434/415
f 559/434/415 761/655/619 560/435/416
f 560/435/416 762/656/620 561/436/417
f 763/920/621 764/923/622 561/2517/417
f 764/659/622 765/660/623 562/438/418
f 563/439/419 765/660/623 564/440/420
f 564/440/420 766/661/624 565/441/421
f 767/662/625 768/663/626 565/441/421
f 768/663/626 769/664/627 566/442/422
f 567/2518/423 769/667/627 568/666/424
f 568/666/424 770/665/628 569/669/425
f 569/669/425 771/668/629 570/671/426
f 570/447/426 772/673/630 571/448/427
f 773/672/631 774/674/632 571/448/427
f 774/674/632 775/675/633 572/449/428
f 573/450/429 775/675/633 574/451/430
f 574/451/430 776/676/634 575/452/431
f 777/677/635 778/678/636 575/452/431
f 778/678/636 779/679/637 576/453/432
f 577/454/433 779/679/637 578/455/434
f 578/455/434 780/680/638 579/456/435
f 579/2519/435 781/684/639 580/683/436
f 580/683/436 782/682/640 581/686/437
f 581/686/437 783/685/641 582/688/438
f 582/688/438 784/687/642 583/690/439
f 583/690/439 785/689/643 584/692/440
f 786/691/644 787/694/645 584/692/440
f 787/694/645 788/696/646 585/693/441
f 788/696/646 789/698/647 586/695/442
f 789/698/647 790/700/648 587/697/443
f 790/700/648 791/702/649 588/699/444
f 791/702/649 792/704/650 589/701/445
f 590/703/446 792/704/650 591/2520/447
f 591/469/447 793/705/651 592/470/448
f 592/470/448 794/707/652 593/471/449
f 593/471/449 795/708/653 594/472/450
f 594/2521/450 796/2522/654 595/2523/451
f 595/2524/451 797/715/655 596/714/452
f 596/714/452 798/713/656 597/717/453
f 597/475/453 799/2525/657 598/476/454
f 800/718/658 801/979/659 598/719/454
f 801/720/659 802/722/660 599/478/455
f 802/722/660 803/723/661 600/721/456
f 803/723/661 804/724/662 601/481/457
f 602/482/458 804/724/662 603/483/459
f 603/483/459 805/725/663 604/484/460
f 604/484/460 806/726/664 605/485/461
f 605/485/461 807/727/665 606/486/462
f 606/486/462 808/728/666 607/487/463
f 607/487/463 809/729/667 608/488/464
f 810/730/668 811/731/669 608/488/464
f 811/731/669 812/732/670 609/489/465
f 610/490/466 812/732/670 611/491/467
f 813/733/671 814/734/672 611/491/467
f 814/734/672 815/735/673 612/492/468
f 613/493/469 815/735/673 614/494/470
f 816/736/674 817/737/675 614/494/470
f 817/737/675 818/738/676 615/495/471
f 616/498/472 818/740/676 617/497/473
f 617/497/473 819/739/677 618/499/474
f 618/499/474 820/741/678 619/500/475
f 619/500/475 821/742/679 620/501/476
f 620/501/476 822/743/680 621/502/477
f 621/504/477 823/746/681 622/503/478
f 622/503/478 824/745/682 623/505/479
f 825/747/683 826/748/684 623/505/479
f 826/748/684 827/749/685 624/506/480
f 827/749/685 828/750/686 625/507/481
f 626/508/482 828/750/686 627/510/484
f 829/751/687 830/752/688 627/510/484
f 830/752/688 831/753/689 628/511/485
f 831/753/689 832/754/690 629/512/486
f 630/513/487 832/754/690 631/514/488
f 631/514/488 833/755/691 632/515/489
f 632/515/489 834/756/692 633/516/490
f 633/516/490 835/757/693 634/517/491
f 836/2526/694 837/760/695 634/759/491
f 837/760/695 838/761/696 635/519/492
f 636/520/493 838/761/696 637/521/494
f 637/521/494 839/762/697 638/522/495
f 840/763/698 841/764/699 638/522/495
f 841/764/699 842/765/700 639/523/496
f 640/524/497 842/765/700 641/525/498
f 843/2527/701 844/768/702 641/767/498
f 642/527/499 844/768/702 643/528/500
f 845/769/703 846/770/704 643/528/500
f 2127/530/502 644/529/501 2128/771/705
f 645/531/503 2127/530/502 847/772/706
f 846/770/704 2128/771/705 644/529/501
f 645/531/503 847/772/706 646/532/504
f 646/532/504 848/773/707 647/533/505
f 647/533/505 849/774/708 648/534/506
f 850/775/709 851/776/710 648/534/506
f 851/776/710 852/777/711 649/535/507
f 852/777/711 853/778/712 650/536/508
f 651/537/509 853/778/712 652/538/510
f 652/538/510 854/779/713 653/539/511
f 653/541/511 855/782/714 654/540/512
f 654/540/512 856/781/715 655/542/513
f 655/542/513 857/783/716 656/543/514
f 858/784/717 859/785/718 656/543/514
f 859/785/718 860/786/719 657/544/515
f 860/786/719 861/787/720 658/545/516
f 659/546/517 861/787/720 660/547/518
f 660/547/518 862/788/721 661/548/519
f 863/789/722 864/790/723 661/548/519
f 864/790/723 865/791/724 662/549/520
f 663/550/521 865/791/724 664/551/522
f 664/551/522 866/792/725 665/552/523
f 867/793/726 868/794/727 665/552/523
f 666/553/524 868/794/727 667/554/525
f 869/795/728 196/799/729 667/796/525
f 668/798/526 196/799/729 669/2528/527
f 669/2528/527 196/799/729 670/801/528
f 670/801/528 870/800/730 671/803/529
f 671/803/529 871/802/731 672/805/530
f 872/804/732 873/807/733 672/805/530
f 873/807/733 874/809/734 673/806/531
f 674/808/532 874/809/734 675/811/533
f 675/811/533 875/810/735 676/813/534
f 676/813/534 876/812/736 677/815/535
f 877/814/737 878/817/738 677/815/535
f 678/568/536 878/819/738 679/569/537
f 679/569/537 879/818/739 680/570/538
f 680/570/538 880/820/740 681/571/539
f 881/821/741 882/822/742 681/571/539
f 882/822/742 883/823/743 682/572/540
f 683/573/541 883/823/743 684/574/542
f 684/574/542 884/824/744 685/575/543
f 685/575/543 885/825/745 686/576/544
f 886/1106/746 887/829/747 686/828/544
f 887/829/747 888/831/748 687/827/545
f 888/831/748 889/833/749 688/830/546
f 889/833/749 890/835/750 689/832/547
f 890/835/750 891/837/751 690/834/548
f 891/2529/751 892/838/752 691/582/549
f 692/583/550 892/838/752 693/584/551
f 693/584/551 893/839/753 694/585/552
f 894/840/754 895/841/755 694/585/552
f 895/841/755 896/842/756 695/586/553
f 896/842/756 897/843/757 696/587/554
f 897/843/757 898/844/758 697/588/555
f 898/844/758 899/845/759 698/589/556
f 899/845/759 900/846/760 699/590/557
f 700/591/558 900/846/760 701/592/559
f 701/592/559 901/847/761 702/593/560
f 702/593/560 902/848/762 703/594/561
f 703/594/561 903/849/763 704/595/562
f 704/595/562 904/850/764 705/596/563
f 705/596/563 905/851/765 706/597/564
f 906/852/766 907/853/767 706/597/564
f 707/598/565 907/853/767 708/599/566
f 708/599/566 908/854/768 709/600/567
f 709/600/567 909/855/769 710/601/568
f 710/601/568 910/856/770 711/602/569
f 711/602/569 911/857/771 712/603/570
f 712/603/570 912/858/772 713/604/571
f 913/859/773 914/860/774 713/604/571
f 914/860/774 915/861/775 714/605/572
f 915/861/775 916/862/776 715/606/573
f 916/862/776 917/863/777 716/607/574
f 917/863/777 918/864/778 717/608/575
f 918/864/778 919/865/779 718/609/576
f 919/865/779 920/866/780 719/610/577
f 920/866/780 921/867/781 720/611/578
f 721/612/579 921/867/781 722/613/580
f 722/613/580 922/868/782 723/614/581
f 723/614/581 923/869/783 724/615/582
f 924/870/784 925/871/785 724/615/582
f 725/616/583 925/871/785 726/617/584
f 926/872/786 927/873/787 726/617/584
f 927/873/787 928/874/788 727/618/585
f 728/619/586 928/874/788 729/620/587
f 729/620/587 929/875/789 730/621/588
f 730/621/588 930/876/790 731/622/589
f 931/877/791 932/878/792 731/622/589
f 932/878/792 933/879/793 732/623/590
f 933/879/793 934/880/794 733/624/591
f 934/880/794 935/881/795 734/625/592
f 935/881/795 936/882/796 735/626/593
f 736/629/594 936/884/796 737/628/595
f 937/883/797 938/885/798 737/628/595
f 738/630/596 938/885/798 739/631/597
f 739/631/597 939/886/799 740/632/598
f 740/632/598 940/887/800 741/633/599
f 741/2530/599 941/2531/801 742/2532/600
f 742/636/600 942/893/802 743/635/601
f 943/892/803 944/894/804 743/635/601
f 744/637/602 944/894/804 745/638/603
f 745/638/603 945/895/805 746/639/604
f 946/896/806 947/897/807 746/639/604
f 947/897/807 948/898/808 747/640/605
f 748/641/606 948/898/808 749/642/607
f 949/899/809 950/900/810 749/642/607
f 750/643/608 950/900/810 751/644/609
f 751/644/609 951/901/811 752/645/610
f 952/902/812 953/903/813 752/645/610
f 1149/1200/1017 954/906/814 953/905/813
f 954/906/814 955/908/815 754/904/612
f 955/908/815 956/910/816 755/907/613
f 956/910/816 957/912/817 756/909/614
f 957/912/817 958/914/818 757/911/615
f 958/914/818 959/1206/819 758/913/616
f 959/915/819 960/916/820 759/653/617
f 760/654/618 960/916/820 761/655/619
f 761/655/619 961/917/821 762/656/620
f 762/656/620 962/918/822 763/657/621
f 764/923/622 763/920/621 2129/924/825
f 963/919/823 2129/924/825 763/920/621
f 964/922/824 965/926/826 764/923/622
f 765/925/623 965/926/826 766/928/624
f 766/928/624 966/927/827 767/930/625
f 967/929/828 968/932/829 767/930/625
f 968/932/829 969/933/830 768/931/626
f 769/667/627 969/933/830 770/665/628
f 770/665/628 970/934/831 771/668/629
f 771/668/629 971/935/832 772/670/630
f 772/670/630 972/936/833 773/938/631
f 973/937/834 974/940/835 773/938/631
f 974/940/835 975/942/836 774/939/632
f 775/941/633 975/942/836 776/944/634
f 776/944/634 976/943/837 777/946/635
f 977/945/838 978/948/839 777/946/635
f 978/948/839 979/950/840 778/947/636
f 779/949/637 979/950/840 780/952/638
f 780/952/638 980/951/841 781/684/639
f 781/684/639 981/953/842 782/682/640
f 782/682/640 982/954/843 783/685/641
f 783/685/641 983/955/844 784/687/642
f 784/687/642 984/956/845 785/689/643
f 785/689/643 985/957/846 786/691/644
f 986/958/847 987/959/848 786/691/644
f 987/959/848 988/960/849 787/694/645
f 988/960/849 989/961/850 788/696/646
f 989/961/850 990/962/851 789/698/647
f 990/962/851 991/963/852 790/700/648
f 991/963/852 992/964/853 791/702/649
f 792/704/650 992/964/853 793/966/651
f 793/966/651 993/965/854 794/968/652
f 794/968/652 994/967/855 795/970/653
f 795/970/653 995/969/856 796/972/654
f 796/972/654 996/971/857 797/715/655
f 797/715/655 997/973/858 798/713/656
f 798/713/656 998/974/859 799/716/657
f 800/718/658 799/716/657 2130/977/862
f 999/975/860 2130/977/862 799/716/657
f 801/979/659 800/718/658 2131/980/864
f 1000/976/861 2131/980/864 800/718/658
f 1001/978/863 1002/982/865 801/979/659
f 1002/982/865 1003/984/866 802/981/660
f 1003/984/866 1004/986/867 803/983/661
f 804/985/662 1004/986/867 805/988/663
f 805/988/663 1005/987/868 806/990/664
f 806/726/664 1006/2533/869 807/727/665
f 807/727/665 1007/994/870 808/728/666
f 808/728/666 1008/993/871 809/729/667
f 809/729/667 1009/995/872 810/730/668
f 1010/996/873 1011/997/874 810/730/668
f 1011/997/874 1012/998/875 811/731/669
f 812/732/670 1012/998/875 813/733/671
f 1013/1268/876 1014/1002/877 813/1001/671
f 1014/1002/877 1015/1004/878 814/1000/672
f 815/1003/673 1015/1004/878 816/1006/674
f 1016/1005/879 1017/1008/880 816/1006/674
f 1017/1008/880 1018/1010/881 817/1007/675
f 818/1009/676 1018/1010/881 819/1012/677
f 819/1012/677 1019/1011/882 820/1014/678
f 820/1014/678 1020/1013/883 821/1016/679
f 821/1016/679 1021/1015/884 822/1018/680
f 822/1018/680 1022/1017/885 823/1020/681
f 823/1020/681 1023/1019/886 824/1022/682
f 824/745/682 1024/1024/887 825/747/683
f 1025/1023/888 1026/1025/889 825/747/683
f 1026/1025/889 1027/1026/890 826/748/684
f 1027/1026/890 1028/1027/891 827/749/685
f 828/750/686 1028/1027/891 829/751/687
f 1029/1028/892 1030/1029/893 829/751/687
f 1030/1029/893 1031/1030/894 830/752/688
f 1031/1030/894 1032/1031/895 831/753/689
f 832/754/690 1032/1031/895 833/755/691
f 833/755/691 1033/1032/896 834/756/692
f 834/756/692 1034/1033/897 835/757/693
f 835/2534/693 1035/1037/898 836/1036/694
f 1036/1035/899 1037/1039/900 836/1036/694
f 1037/2535/900 1038/1040/901 837/760/695
f 838/761/696 1038/1040/901 839/762/697
f 839/762/697 1039/1041/902 840/763/698
f 1040/1042/903 1041/1043/904 840/763/698
f 1041/1043/904 1042/1044/905 841/764/699
f 842/765/700 1042/1044/905 843/766/701
f 1043/1045/906 1044/1049/907 843/1046/701
f 844/768/702 1044/1051/907 845/769/703
f 1045/1050/908 1046/1052/909 845/769/703
f 2128/771/705 846/770/704 2132/1053/910
f 847/772/706 2128/771/705 1047/1054/911
f 1046/1052/909 2132/1053/910 846/770/704
f 847/772/706 1047/1054/911 848/773/707
f 848/773/707 1048/1055/912 849/774/708
f 849/774/708 1049/1056/913 850/775/709
f 1050/1057/914 1051/1058/915 850/775/709
f 1051/1058/915 1052/1059/916 851/776/710
f 1052/1059/916 1053/1060/917 852/777/711
f 853/778/712 1053/1060/917 854/779/713
f 854/2536/713 1054/2537/918 855/2538/714
f 855/2539/714 1055/1067/919 856/1066/715
f 856/781/715 1056/1069/920 857/783/716
f 857/783/716 1057/1068/921 858/784/717
f 1058/1070/922 1059/1071/923 858/784/717
f 1059/1071/923 1060/1072/924 859/785/718
f 1060/1072/924 1061/1073/925 860/786/719
f 861/787/720 1061/1073/925 862/788/721
f 862/788/721 1062/1074/926 863/789/722
f 1063/1075/927 1064/1076/928 863/789/722
f 1064/1076/928 187/1078/930 864/790/723
f 865/791/724 864/790/723 187/1078/930
f 1065/1352/929 1066/1355/931 187/2540/930
f 866/792/725 187/1078/930 867/793/726
f 1066/1079/931 1067/1080/932 867/793/726
f 869/795/728 868/797/727 2133/1082/934
f 1067/1080/932 2133/2541/934 868/794/727
f 1068/1081/933 200/1083/935 869/795/728
f 198/1084/936 196/799/729 869/795/728
f 198/1084/936 870/800/730 196/799/729
f 200/1083/935 871/802/731 198/1084/936
f 870/800/730 198/1084/936 871/802/731
f 871/802/731 200/1083/935 872/804/732
f 1069/1085/937 1070/1086/938 872/804/732
f 1070/1086/938 1071/1087/939 873/807/733
f 874/809/734 1071/1087/939 875/810/735
f 875/810/735 1072/1088/940 876/812/736
f 876/812/736 1073/1089/941 877/814/737
f 878/817/738 1074/1090/942 879/1092/739
f 879/1092/739 1075/1091/943 880/1094/740
f 880/1094/740 1076/1093/944 881/1096/741
f 1077/1095/945 1078/1098/946 881/1096/741
f 1078/1098/946 1079/1100/947 882/1097/742
f 883/1099/743 1079/1100/947 884/1102/744
f 884/1102/744 1080/1101/948 885/1104/745
f 885/1104/745 1081/1103/949 886/1106/746
f 1082/1105/950 1083/1107/951 886/1106/746
f 1083/1107/951 1084/1108/952 887/829/747
f 1084/1108/952 1085/1109/953 888/831/748
f 1085/1109/953 1086/1110/954 889/833/749
f 1086/1110/954 1087/1111/955 890/835/750
f 1087/1111/955 1088/1113/956 891/837/751
f 892/1112/752 1088/1113/956 893/1115/753
f 893/1115/753 1089/1114/957 894/1117/754
f 1090/1116/958 1091/1119/959 894/1117/754
f 1091/1119/959 1092/1121/960 895/1118/755
f 1092/1121/960 1093/1123/961 896/1120/756
f 1093/1123/961 1094/1125/962 897/1122/757
f 1094/1125/962 1095/1127/963 898/1124/758
f 1095/1127/963 1096/1129/964 899/1126/759
f 900/1128/760 1096/1129/964 901/1131/761
f 901/1131/761 1097/1130/965 902/1133/762
f 902/1133/762 1098/1132/966 903/1135/763
f 903/1135/763 1099/1134/967 904/1137/764
f 904/1137/764 1100/1136/968 905/1139/765
f 905/1139/765 1101/1138/969 906/1141/766
f 1102/1140/970 1103/1392/971 906/1141/766
f 907/853/767 1103/1142/971 908/854/768
f 908/854/768 1104/1143/972 909/855/769
f 909/855/769 1105/1144/973 910/856/770
f 910/856/770 1106/1145/974 911/857/771
f 911/857/771 1107/1146/975 912/858/772
f 912/858/772 1108/1147/976 913/859/773
f 1109/1148/977 1110/1149/978 913/859/773
f 1110/1149/978 1111/1150/979 914/860/774
f 1111/1150/979 1112/1151/980 915/861/775
f 1112/1151/980 1113/1152/981 916/862/776
f 1113/1152/981 1114/1153/982 917/863/777
f 1114/1153/982 1115/1154/983 918/864/778
f 1115/1154/983 1116/1155/984 919/865/779
f 1116/1155/984 1117/1156/985 920/866/780
f 921/2542/781 1117/2543/985 922/2544/782
f 922/2545/782 1118/1162/986 923/1161/783
f 923/869/783 1119/1164/987 924/870/784
f 1120/1163/988 1121/1165/989 924/870/784
f 925/871/785 1121/1165/989 926/872/786
f 1122/1166/990 1123/1167/991 926/872/786
f 1123/1167/991 1124/1168/992 927/873/787
f 928/874/788 1124/1168/992 929/875/789
f 929/875/789 1125/1169/993 930/876/790
f 930/876/790 1126/1170/994 931/877/791
f 1127/1171/995 1128/1172/996 931/877/791
f 1128/1172/996 1129/1173/997 932/878/792
f 1129/1173/997 1130/1174/998 933/879/793
f 1130/1174/998 1131/1175/999 934/880/794
f 1131/1175/999 1132/1176/1000 935/881/795
f 936/884/796 1132/1178/1000 937/883/797
f 1133/1177/1001 1134/1179/1002 937/883/797
f 938/885/798 1134/1179/1002 939/886/799
f 939/886/799 1135/1180/1003 940/887/800
f 940/887/800 1136/1181/1004 941/888/801
f 941/2546/801 1137/2547/1005 942/2548/802
f 942/893/802 1138/2549/1006 943/892/803
f 1139/1187/1007 1140/2550/1008 943/1188/803
f 944/894/804 1140/1189/1008 945/895/805
f 945/895/805 1141/1190/1009 946/896/806
f 1142/1191/1010 1143/1192/1011 946/896/806
f 1143/1192/1011 1144/1193/1012 947/897/807
f 948/898/808 1144/1193/1012 949/899/809
f 1145/1194/1013 1146/1195/1014 949/899/809
f 950/900/810 1146/1195/1014 951/901/811
f 951/901/811 1147/1196/1015 952/902/812
f 1148/1197/1016 1149/1200/1017 952/1198/812
f 1327/1463/1209 1150/1201/1018 1149/1200/1017
f 1150/1201/1018 1151/1202/1019 954/906/814
f 1151/1202/1019 1152/1203/1020 955/908/815
f 1152/1203/1020 1153/1204/1021 956/910/816
f 1153/1204/1021 1154/1205/1022 957/912/817
f 1154/1205/1022 1155/1207/1023 958/914/818
f 1155/1207/1023 1156/1209/1024 959/1206/819
f 960/1208/820 1156/1209/1024 961/1211/821
f 961/1211/821 1157/1210/1025 962/921/822
f 963/919/823 962/921/822 2134/1214/1028
f 1158/1212/1026 2134/1214/1028 962/921/822
f 2129/924/825 963/919/823 2135/1215/1029
f 964/922/824 2129/924/825 1160/1216/1030
f 1159/1213/1027 2135/1215/1029 963/919/823
f 1160/1216/1030 1161/1217/1031 964/922/824
f 965/926/826 1161/1217/1031 966/927/827
f 966/927/827 1162/1218/1032 967/929/828
f 1163/1219/1033 1164/1220/1034 967/929/828
f 1164/1220/1034 1165/1221/1035 968/932/829
f 969/933/830 1165/1221/1035 970/934/831
f 970/934/831 1166/1222/1036 971/935/832
f 971/935/832 1167/1223/1037 972/936/833
f 972/936/833 1168/1224/1038 973/937/834
f 1169/1225/1039 1170/1226/1040 973/937/834
f 1170/1226/1040 1171/1227/1041 974/940/835
f 975/942/836 1171/1227/1041 976/943/837
f 976/943/837 1172/1228/1042 977/945/838
f 978/948/839 977/945/838 1328/1229/1043
f 980/951/841 1328/1229/1043 981/953/842
f 981/953/842 1328/1229/1043 982/954/843
f 982/954/843 46/1230/1044 983/955/844
f 983/955/844 1173/1231/1045 984/956/845
f 984/956/845 1174/1232/1046 985/957/846
f 985/957/846 1175/1233/1047 986/958/847
f 1176/1234/1048 1177/1235/1049 986/958/847
f 1177/1235/1049 1178/1236/1050 987/959/848
f 1178/1236/1050 1179/1237/1051 988/960/849
f 1179/1237/1051 63/1238/1052 989/961/850
f 990/962/851 989/961/850 63/1238/1052
f 1179/1237/1051 1180/1239/1053 63/1238/1052
f 991/963/852 63/1238/1052 992/964/853
f 992/964/853 1180/1239/1053 993/965/854
f 993/965/854 1181/1240/1054 994/967/855
f 994/967/855 1182/1241/1055 995/969/856
f 995/969/856 1183/1242/1056 996/971/857
f 996/971/857 1184/1243/1057 997/973/858
f 997/973/858 1185/1244/1058 998/974/859
f 998/974/859 1186/1245/1059 999/975/860
f 1000/976/861 2130/977/862 2136/1248/1062
f 2136/1248/1062 2130/977/862 1187/1246/1060
f 999/975/860 1187/1246/1060 2130/977/862
f 2131/980/864 1000/976/861 2137/1249/1063
f 1001/978/863 2131/980/864 1189/1250/1064
f 1188/1247/1061 2137/1249/1063 1000/976/861
f 1189/1250/1064 1190/1251/1065 1001/978/863
f 1190/1251/1065 1191/1252/1066 1002/982/865
f 1191/1252/1066 1192/1253/1067 1003/984/866
f 1004/986/867 1192/1253/1067 1005/987/868
f 1005/987/868 1193/1254/1068 1006/989/869
f 1006/989/869 1194/1255/1069 1007/991/870
f 1007/991/870 1195/1256/1070 1008/1258/871
f 1008/1258/871 1196/1257/1071 1009/1260/872
f 1009/1260/872 1197/1259/1072 1010/1262/873
f 1198/1261/1073 1199/1264/1074 1010/1262/873
f 1199/1264/1074 1200/1266/1075 1011/1263/874
f 1012/1265/875 1200/1266/1075 1013/1268/876
f 1201/1267/1076 1202/1269/1077 1013/1268/876
f 1202/1269/1077 1203/1270/1078 1014/1002/877
f 1015/1004/878 1203/1270/1078 1016/1005/879
f 1204/1271/1079 1205/1272/1080 1017/1008/880
f 1018/1010/881 1205/1272/1080 1019/1011/882
f 1019/1011/882 1206/1273/1081 1020/1013/883
f 1020/1013/883 1207/1274/1082 1021/1015/884
f 1021/1015/884 1208/1275/1083 1022/1017/885
f 1022/1017/885 1209/1276/1084 1023/1019/886
f 1023/1019/886 1210/1277/1085 1024/1021/887
f 1024/1021/887 1211/1278/1086 1025/1280/888
f 1212/1279/1087 1213/1282/1088 1025/1280/888
f 1213/1282/1088 1214/1284/1089 1026/1281/889
f 1214/1284/1089 1215/1286/1090 1027/1283/890
f 1028/1285/891 1215/1286/1090 1029/1288/892
f 1216/1287/1091 1217/1290/1092 1029/1288/892
f 1217/1290/1092 1218/1292/1093 1030/1289/893
f 1218/1292/1093 1219/1294/1094 1031/1291/894
f 1032/1293/895 1219/1294/1094 1033/1296/896
f 1033/1296/896 1220/1295/1095 1034/1298/897
f 1034/1298/897 1221/1297/1096 1035/1037/898
f 1035/1037/898 1222/1299/1097 1036/1035/899
f 1223/1300/1098 1224/1301/1099 1036/1035/899
f 1224/1301/1099 1225/1303/1100 1037/1039/900
f 1038/1302/901 1225/1303/1100 1039/1305/902
f 1039/1305/902 1226/1304/1101 1040/1307/903
f 1227/1306/1102 1228/1309/1103 1040/1307/903
f 1228/1309/1103 1229/1310/1104 1041/1308/904
f 1042/1047/905 1229/1310/1104 1043/1045/906
f 1230/1311/1105 1231/1312/1106 1043/1045/906
f 1044/1049/907 1231/1312/1106 1045/1314/908
f 1232/1313/1107 1233/1316/1108 1045/1314/908
f 2132/1319/910 1046/1315/909 2138/1317/1109
f 1047/2551/911 2132/1319/910 1234/1318/1110
f 1233/1316/1108 2138/1317/1109 1046/1315/909
f 1047/2551/911 1234/1318/1110 1048/1321/912
f 1048/1321/912 1235/1320/1111 1049/1323/913
f 1049/1323/913 1236/1322/1112 1050/1325/914
f 1237/1324/1113 1238/1327/1114 1050/1325/914
f 1238/1327/1114 1239/1329/1115 1051/1326/915
f 1239/1329/1115 1240/1331/1116 1052/1328/916
f 1053/1330/917 1240/1331/1116 1054/1333/918
f 1054/1333/918 1241/1332/1117 1055/1067/919
f 1055/1067/919 1242/1334/1118 1056/1065/920
f 1056/1065/920 1243/1335/1119 1057/1337/921
f 1057/1337/921 1244/1336/1120 1058/1339/922
f 1245/1338/1121 1246/1341/1122 1058/1339/922
f 1246/1341/1122 1247/1343/1123 1059/1340/923
f 1247/1343/1123 1248/1345/1124 1060/1342/924
f 1061/1344/925 1248/1345/1124 1062/1347/926
f 1062/1347/926 1249/1346/1125 1063/1349/927
f 1250/1348/1126 1251/1351/1127 1063/1349/927
f 1251/1351/1127 1252/1353/1128 1064/1350/928
f 1065/1352/929 1252/1353/1128 1066/1355/931
f 1253/1354/1129 1254/1357/1130 1066/1355/931
f 1068/1081/933 2133/1082/934 2139/1359/1132
f 2139/1359/1132 2133/1082/934 1254/1357/1130
f 1067/1356/932 1254/1357/1130 2133/1082/934
f 202/1360/1133 1069/1085/937 200/1083/935
f 204/1362/1135 1070/1086/938 202/1360/1133
f 1070/1086/938 204/1362/1135 1071/1087/939
f 1071/1087/939 1256/1361/1134 1072/1088/940
f 1072/1088/940 1257/1363/1136 1073/1089/941
f 1074/1090/942 1073/1089/941 212/1364/1137
f 1074/1090/942 212/1364/1137 1075/1091/943
f 1075/1091/943 212/1364/1137 1076/1093/944
f 1076/1093/944 1258/1365/1138 1077/1095/945
f 1259/1366/1139 1260/1367/1140 1077/1095/945
f 1260/1367/1140 1261/1368/1141 1078/1098/946
f 1079/1100/947 1261/1368/1141 1080/1101/948
f 1080/1101/948 1262/1369/1142 1081/1103/949
f 1081/1103/949 1263/1370/1143 1082/1105/950
f 1264/1371/1144 1265/1372/1145 1082/1105/950
f 1265/1372/1145 1266/1373/1146 1083/1107/951
f 1266/1373/1146 1267/1374/1147 1084/1108/952
f 1267/1374/1147 1268/1375/1148 1085/1109/953
f 1268/1375/1148 1269/1376/1149 1086/1110/954
f 1269/1376/1149 1270/1377/1150 1087/1111/955
f 1088/1113/956 1270/1377/1150 1089/1114/957
f 1089/1114/957 1271/1378/1151 1090/1116/958
f 1272/1379/1152 1273/1380/1153 1090/1116/958
f 1273/1380/1153 1274/1381/1154 1091/1119/959
f 1274/1381/1154 1275/1382/1155 1092/1121/960
f 1275/1382/1155 1276/1383/1156 1093/1123/961
f 1276/1383/1156 1277/1384/1157 1094/1125/962
f 1277/1384/1157 1278/1385/1158 1095/1127/963
f 1096/1129/964 1278/1385/1158 1097/1130/965
f 1097/1130/965 1279/1386/1159 1098/1132/966
f 1098/1132/966 1280/1387/1160 1099/1134/967
f 1099/1134/967 1281/1388/1161 1100/1136/968
f 1100/1136/968 1282/1389/1162 1101/1138/969
f 1101/1138/969 1283/1390/1163 1102/1140/970
f 1284/1391/1164 255/1393/1165 1102/1140/970
f 1103/1392/971 255/1393/1165 1104/2552/972
f 1104/2552/972 255/1393/1165 1105/1395/973
f 1105/1395/973 1285/1394/1166 1106/1397/974
f 1106/1397/974 1286/1396/1167 1107/1399/975
f 1107/1399/975 1287/1398/1168 1108/1401/976
f 1108/1401/976 1288/1400/1169 1109/1403/977
f 1289/1402/1170 1290/1405/1171 1109/1403/977
f 1290/1405/1171 1291/1407/1172 1110/1404/978
f 1291/1407/1172 1292/1409/1173 1111/1406/979
f 1292/1409/1173 1293/1411/1174 1112/1408/980
f 1293/1411/1174 1294/1413/1175 1113/1410/981
f 1294/1413/1175 1295/1415/1176 1114/1412/982
f 1295/1415/1176 1296/1417/1177 1115/1414/983
f 1296/1417/1177 1297/1419/1178 1116/1416/984
f 1117/1418/985 1297/1419/1178 1118/1162/986
f 1118/1162/986 1298/1420/1179 1119/1160/987
f 1119/1160/987 1299/1421/1180 1120/1423/988
f 1300/1422/1181 1301/1626/1182 1120/1423/988
f 1121/1165/989 1301/1424/1182 1122/1166/990
f 1302/1425/1183 1303/1426/1184 1122/1166/990
f 1303/1426/1184 1304/1427/1185 1123/1167/991
f 1124/1168/992 1304/1427/1185 1125/1169/993
f 1125/1169/993 1305/1428/1186 1126/1170/994
f 1126/1170/994 1306/1429/1187 1127/1171/995
f 1307/1430/1188 1308/1431/1189 1127/1171/995
f 1308/1431/1189 1309/1432/1190 1128/1172/996
f 1309/1432/1190 1310/1433/1191 1129/1173/997
f 1310/1644/1191 1311/1436/1192 1130/1435/998
f 1311/1436/1192 1312/1438/1193 1131/1434/999
f 1132/1437/1000 1312/1438/1193 1133/1440/1001
f 1313/1439/1194 1314/1442/1195 1133/1440/1001
f 1134/1441/1002 1314/1442/1195 1135/1444/1003
f 1135/1444/1003 1315/1443/1196 1136/1184/1004
f 1136/1184/1004 1316/1445/1197 1137/1182/1005
f 1137/1182/1005 1317/1446/1198 1138/1185/1006
f 1138/1185/1006 1318/1447/1199 1139/1187/1007
f 1319/1448/1200 1320/1449/1201 1139/1187/1007
f 1140/2550/1008 1139/1187/1007 317/1450/1202
f 1141/2553/1009 317/1450/1202 1142/1452/1010
f 1320/1449/1201 1321/1454/1203 1142/1452/1010
f 1321/1454/1203 1322/1456/1204 1143/1453/1011
f 1144/1455/1012 1322/1456/1204 1145/1458/1013
f 1323/1457/1205 1324/1460/1206 1145/1458/1013
f 1146/1459/1014 1324/1460/1206 1147/1199/1015
f 1147/1199/1015 1325/1461/1207 1148/1197/1016
f 1326/1462/1208 1327/1463/1209 1148/1197/1016
f 1255/1358/1131 2140/1464/1210 1068/1081/933
f 204/1362/1135 202/1360/1133 1068/1081/933
f 202/1360/1133 200/1083/935 1068/1081/933
f 1496/1663/1399 1329/1465/1211 1327/1463/1209
f 1329/1465/1211 1330/1466/1212 1150/1201/1018
f 1330/1466/1212 1331/1467/1213 1151/1202/1019
f 1331/1467/1213 1332/1468/1214 1152/1203/1020
f 1332/1468/1214 1333/1469/1215 1153/1204/1021
f 1333/1469/1215 1334/1470/1216 1154/1205/1022
f 1334/1470/1216 1335/1471/1217 1155/1207/1023
f 1156/1209/1024 1335/1471/1217 1157/1210/1025
f 1157/1210/1025 1336/1472/1218 1158/1212/1026
f 1159/1213/1027 2134/1214/1028 2141/1475/1221
f 2141/1475/1221 2134/1214/1028 1337/1473/1219
f 1158/1212/1026 1337/1473/1219 2134/1214/1028
f 2135/1215/1029 1159/1213/1027 2142/1476/1222
f 1160/1216/1030 2135/1215/1029 1339/1477/1223
f 1338/1474/1220 2142/1476/1222 1159/1213/1027
f 1339/1477/1223 1340/1478/1224 1160/1216/1030
f 1161/1217/1031 1340/1478/1224 1162/1218/1032
f 1162/1218/1032 1341/1479/1225 1163/1219/1033
f 1342/1480/1226 1343/1481/1227 1163/1219/1033
f 1343/1481/1227 1344/1482/1228 1164/1220/1034
f 1165/1221/1035 1344/1482/1228 1166/1222/1036
f 1166/1222/1036 1345/1483/1229 1167/1223/1037
f 1167/1223/1037 1346/1484/1230 1168/1224/1038
f 1168/1224/1038 1347/1485/1231 1169/1225/1039
f 1348/1486/1232 1349/1487/1233 1169/1225/1039
f 1349/1487/1233 1350/1488/1234 1170/1226/1040
f 1350/1488/1234 40/1490/1236 1171/1227/1041
f 1172/1228/1042 1171/1227/1041 40/1490/1236
f 50/1491/1237 48/1492/1238 1172/1228/1042
f 1328/1229/1043 1172/1228/1042 48/1492/1238
f 50/1491/1237 1173/1231/1045 48/1492/1238
f 40/1490/1236 1174/1232/1046 50/1491/1237
f 1173/1231/1045 50/1491/1237 1174/1232/1046
f 1174/1232/1046 52/1489/1235 1175/1233/1047
f 1175/1233/1047 1351/1493/1239 1176/1234/1048
f 1352/1494/1240 1353/1495/1241 1176/1234/1048
f 1353/1495/1241 1354/1496/1242 1177/1235/1049
f 1354/1496/1242 60/1498/1244 1178/1236/1050
f 1179/1237/1051 1178/1236/1050 60/1498/1244
f 1354/1496/1242 1355/1497/1243 60/1498/1244
f 1179/1237/1051 60/1498/1244 1180/1239/1053
f 1180/1239/1053 1355/1497/1243 1181/1240/1054
f 1356/1499/1245 1357/1500/1246 1181/1240/1054
f 1182/1241/1055 1357/1500/1246 1183/1242/1056
f 1183/1242/1056 1358/1501/1247 1184/1243/1057
f 1184/1243/1057 1359/1502/1248 1185/1244/1058
f 1185/1244/1058 1360/1503/1249 1186/1245/1059
f 1186/1245/1059 1361/1504/1250 1187/1246/1060
f 1188/1247/1061 2136/1248/1062 2143/1507/1253
f 2143/1507/1253 2136/1248/1062 1362/1505/1251
f 1187/1246/1060 1362/1505/1251 2136/1248/1062
f 2137/1249/1063 1188/1247/1061 2144/1508/1254
f 1189/1250/1064 2137/1249/1063 1364/1509/1255
f 1363/1506/1252 2144/1508/1254 1188/1247/1061
f 1364/1509/1255 1365/1510/1256 1189/1250/1064
f 1365/1510/1256 1366/1511/1257 1190/1251/1065
f 1366/1511/1257 1367/1512/1258 1191/1252/1066
f 1367/1512/1258 1368/1513/1259 1192/1253/1067
f 1193/1254/1068 1368/1513/1259 1194/1255/1069
f 1194/1255/1069 1369/1514/1260 1195/1256/1070
f 1195/1256/1070 1370/1515/1261 1196/1257/1071
f 1196/1257/1071 1371/1516/1262 1197/1259/1072
f 1197/1259/1072 1372/1517/1263 1198/1261/1073
f 1373/1518/1264 1374/1519/1265 1198/1261/1073
f 1374/1519/1265 1375/1520/1266 1199/1264/1074
f 1200/1266/1075 1375/1520/1266 1201/1267/1076
f 330/1523/1269 97/1524/1270 1376/1521/1267
f 1376/1521/1267 97/1524/1270 1201/1267/1076
f 1202/1269/1077 1201/1267/1076 97/1524/1270
f 1204/1271/1079 1203/1270/1078 97/1524/1270
f 97/1524/1270 330/1523/1269 1377/1525/1271
f 1204/1271/1079 97/1524/1270 1205/1272/1080
f 1500/1522/1268 1377/1525/1271 330/1523/1269
f 1205/1272/1080 1377/1525/1271 1206/1273/1081
f 1206/1273/1081 1378/1526/1272 1207/1274/1082
f 1207/1274/1082 1379/1527/1273 1208/1275/1083
f 1208/1275/1083 1380/1528/1274 1209/1276/1084
f 1209/1276/1084 1381/1529/1275 1210/1277/1085
f 1210/1277/1085 1382/1530/1276 1211/1278/1086
f 1211/1278/1086 1383/1531/1277 1212/1279/1087
f 1384/1532/1278 1385/1533/1279 1212/1279/1087
f 1385/1533/1279 1386/1534/1280 1213/1282/1088
f 1386/1534/1280 1387/1535/1281 1214/1284/1089
f 1215/1286/1090 1387/1535/1281 1216/1287/1091
f 1388/1536/1282 1389/1537/1283 1216/1287/1091
f 1389/1537/1283 1390/1538/1284 1217/1290/1092
f 1390/1538/1284 1391/1539/1285 1218/1292/1093
f 1219/1294/1094 1391/1539/1285 1220/1295/1095
f 1220/1295/1095 1392/1540/1286 1221/1297/1096
f 1221/1297/1096 1393/1541/1287 1222/1299/1097
f 1222/1299/1097 1394/1542/1288 1223/1300/1098
f 1395/1543/1289 1396/1544/1290 1223/1300/1098
f 1396/1544/1290 1397/1545/1291 1224/1301/1099
f 1225/1303/1100 1397/1545/1291 1226/1304/1101
f 1226/1304/1101 1398/1546/1292 1227/1306/1102
f 1399/1547/1293 1400/1548/1294 1227/1306/1102
f 1400/1548/1294 1401/1549/1295 1228/1309/1103
f 1229/1310/1104 1401/1549/1295 1230/1311/1105
f 1402/1550/1296 1403/1551/1297 1230/1311/1105
f 1231/1312/1106 1403/1551/1297 1232/1313/1107
f 1404/1552/1298 1405/1553/1299 1232/1313/1107
f 2138/1317/1109 1233/1316/1108 2145/1554/1300
f 1234/1318/1110 2138/1317/1109 1406/1555/1301
f 1405/1553/1299 2145/1554/1300 1233/1316/1108
f 1234/1318/1110 1406/1555/1301 1235/1320/1111
f 1235/1320/1111 1407/1556/1302 1236/1322/1112
f 1236/1322/1112 1408/1557/1303 1237/1324/1113
f 1409/1558/1304 1410/1559/1305 1237/1324/1113
f 1410/1559/1305 1411/1560/1306 1238/1327/1114
f 1411/1560/1306 1412/1561/1307 1239/1329/1115
f 1240/1331/1116 1412/1561/1307 1241/1332/1117
f 1241/1332/1117 1413/1562/1308 1242/1334/1118
f 1242/1334/1118 1414/1563/1309 1243/1335/1119
f 1243/1335/1119 1415/1564/1310 1244/1336/1120
f 1244/1336/1120 1416/1565/1311 1245/1338/1121
f 1417/1566/1312 1418/1567/1313 1245/1338/1121
f 1418/1567/1313 1419/1568/1314 1246/1341/1122
f 1419/1568/1314 1420/1569/1315 1247/1343/1123
f 1248/1345/1124 1420/1569/1315 1249/1346/1125
f 1249/1346/1125 1421/1570/1316 1250/1348/1126
f 1422/1571/1317 1423/1572/1318 1250/1348/1126
f 1423/1572/1318 1424/1573/1319 1251/1351/1127
f 1252/1353/1128 1424/1573/1319 1253/1354/1129
f 1425/1574/1320 1426/1575/1321 1253/1354/1129
f 1255/1358/1131 2139/1359/1132 2146/1577/1323
f 2146/1577/1323 2139/1359/1132 1426/1575/1321
f 1254/1357/1130 1426/1575/1321 2139/1359/1132
f 204/1362/1135 1498/1579/1325 1256/1361/1134
f 1256/1361/1134 1428/1578/1324 1257/1363/1136
f 1429/1580/1326 214/1582/1328 1257/1363/1136
f 212/1364/1137 1257/1363/1136 214/1582/1328
f 216/1581/1327 1258/1365/1138 214/1582/1328
f 212/1364/1137 214/1582/1328 1258/1365/1138
f 1258/1365/1138 216/1581/1327 1259/1366/1139
f 1430/1583/1329 1431/1584/1330 1259/1366/1139
f 1431/1584/1330 1432/1585/1331 1260/1367/1140
f 1261/1368/1141 1432/1585/1331 1262/1369/1142
f 1262/1369/1142 1433/1586/1332 1263/1370/1143
f 1263/1370/1143 1434/1587/1333 1264/1371/1144
f 1435/1588/1334 1436/1589/1335 1264/1371/1144
f 1436/1589/1335 1437/1590/1336 1265/1372/1145
f 1437/1590/1336 1438/1591/1337 1266/1373/1146
f 1438/1591/1337 1439/1592/1338 1267/1374/1147
f 1439/1592/1338 1440/1593/1339 1268/1375/1148
f 1440/1593/1339 1441/1594/1340 1269/1376/1149
f 1270/1377/1150 1441/1594/1340 1271/1378/1151
f 1271/1378/1151 1442/1595/1341 1272/1379/1152
f 1443/1596/1342 1444/1597/1343 1272/1379/1152
f 1444/1597/1343 1445/1598/1344 1273/1380/1153
f 1445/1598/1344 1446/1599/1345 1274/1381/1154
f 1446/1599/1345 1447/1600/1346 1275/1382/1155
f 1447/1600/1346 1448/1601/1347 1276/1383/1156
f 1448/1601/1347 1449/1602/1348 1277/1384/1157
f 1278/1385/1158 1449/1602/1348 1279/1386/1159
f 1279/1386/1159 1450/1603/1349 1280/1387/1160
f 1280/1387/1160 1451/1604/1350 1281/1388/1161
f 1281/1388/1161 1452/1605/1351 1282/1389/1162
f 1282/1389/1162 1453/1606/1352 1283/1390/1163
f 1284/1391/1164 1283/1390/1163 2147/1609/1355
f 1454/1607/1353 2147/1609/1355 1283/1390/1163
f 1499/1611/1357 255/1393/1165 2150/1841/1577
f 2150/1841/1577 255/1393/1165 1284/1391/1164
f 1455/1608/1354 2150/1841/1577 1284/1391/1164
f 1499/1611/1357 1285/1394/1166 255/1393/1165
f 1285/1394/1166 1499/1611/1357 1286/1396/1167
f 1286/1396/1167 1456/1610/1356 1287/1398/1168
f 1287/1398/1168 1457/1612/1358 1288/1400/1169
f 1288/1400/1169 1458/1613/1359 1289/1402/1170
f 1459/1614/1360 1460/1615/1361 1289/1402/1170
f 1460/1615/1361 1461/1616/1362 1290/1405/1171
f 1461/1616/1362 1462/1617/1363 1291/1407/1172
f 1462/1617/1363 1463/1618/1364 1292/1409/1173
f 1463/1618/1364 1464/1619/1365 1293/1411/1174
f 1464/1619/1365 1465/1620/1366 1294/1413/1175
f 1465/1620/1366 1466/1621/1367 1295/1415/1176
f 1466/1621/1367 1467/1622/1368 1296/1417/1177
f 1297/1419/1178 1467/1622/1368 1298/1420/1179
f 1298/1420/1179 1468/1623/1369 1299/1421/1180
f 1299/1421/1180 1469/1624/1370 1300/1422/1181
f 1470/1625/1371 1471/1627/1372 1300/1422/1181
f 1301/1626/1182 1471/1627/1372 1302/1629/1183
f 1472/1628/1373 1473/1631/1374 1302/1629/1183
f 1473/1631/1374 1474/1633/1375 1303/1630/1184
f 1304/1632/1185 1474/1633/1375 1305/1635/1186
f 1305/1635/1186 1475/1634/1376 1306/1637/1187
f 1306/1637/1187 1476/1636/1377 1307/1639/1188
f 1477/1638/1378 1478/1641/1379 1307/1639/1188
f 1478/1641/1379 1479/1643/1380 1308/1640/1189
f 1479/1643/1380 1480/1645/1381 1309/1642/1190
f 1480/1645/1381 1481/1646/1382 1310/1644/1191
f 1481/1646/1382 1482/1647/1383 1311/1436/1192
f 1312/1438/1193 1482/1647/1383 1313/1439/1194
f 1483/1648/1384 1484/1649/1385 1313/1439/1194
f 1314/1442/1195 1484/1649/1385 1315/1443/1196
f 1315/1443/1196 1485/1650/1386 1316/1445/1197
f 1316/1445/1197 1486/1651/1387 1317/1446/1198
f 1317/1446/1198 1487/1652/1388 1318/1447/1199
f 1319/1448/1200 1318/1447/1199 2148/1655/1391
f 1488/1653/1389 2148/1655/1391 1318/1447/1199
f 1320/1449/1201 1497/1657/1393 1321/1454/1203
f 1490/1656/1392 1491/1658/1394 1321/1454/1203
f 1322/1456/1204 1491/1658/1394 1323/1457/1205
f 1492/1659/1395 1493/1660/1396 1323/1457/1205
f 1324/1460/1206 1493/1660/1396 1325/1461/1207
f 1325/1461/1207 1494/1661/1397 1326/1462/1208
f 1495/1662/1398 1496/1663/1399 1326/1462/1208
f 48/1492/1238 46/1230/1044 1328/1229/1043
f 1489/1654/1390 1497/1657/1393 1319/1448/1200
f 1320/1449/1201 1319/1448/1200 1497/1657/1393
f 2140/1464/1210 1255/1358/1131 2149/1664/1400
f 204/1362/1135 2140/1464/1210 1498/1579/1325
f 1427/1576/1322 2149/1664/1400 1255/1358/1131
f 1647/1835/1571 1501/1665/1401 1496/1663/1399
f 1501/1665/1401 1502/1666/1402 1329/1465/1211
f 1502/1666/1402 1503/1667/1403 1330/1466/1212
f 1503/1667/1403 1504/1668/1404 1331/1467/1213
f 1504/1668/1404 1505/1669/1405 1332/1468/1214
f 1505/1669/1405 1506/1670/1406 1333/1469/1215
f 1506/1670/1406 1507/1671/1407 1334/1470/1216
f 1335/1471/1217 1507/1671/1407 1336/1472/1218
f 1336/1472/1218 1508/1672/1408 1337/1473/1219
f 1338/1474/1220 2141/1475/1221 2151/1675/1411
f 2151/1675/1411 2141/1475/1221 1509/1673/1409
f 1337/1473/1219 1509/1673/1409 2141/1475/1221
f 2142/1476/1222 1338/1474/1220 2152/1676/1412
f 1339/1477/1223 2142/1476/1222 1511/1677/1413
f 1510/1674/1410 2152/1676/1412 1338/1474/1220
f 1511/1677/1413 1512/1678/1414 1339/1477/1223
f 1340/1478/1224 1512/1678/1414 1341/1479/1225
f 1341/1479/1225 1513/1679/1415 1342/1480/1226
f 1514/1680/1416 1515/1681/1417 1342/1480/1226
f 1515/1681/1417 1516/1682/1418 1343/1481/1227
f 1344/1482/1228 1516/1682/1418 1345/1483/1229
f 1345/1483/1229 1517/1683/1419 1346/1484/1230
f 1346/1484/1230 1518/1684/1420 1347/1485/1231
f 1347/1485/1231 1519/1685/1421 1348/1486/1232
f 1520/1686/1422 1521/1687/1423 1348/1486/1232
f 1521/1687/1423 38/1688/1424 1349/1487/1233
f 54/1689/1425 1351/1493/1239 52/1489/1235
f 56/1690/1426 1352/1494/1240 54/1689/1425
f 1353/1495/1241 1352/1494/1240 56/1690/1426
f 38/1688/1424 1355/1497/1243 331/1836/1572
f 331/1836/1572 1355/1497/1243 56/1690/1426
f 56/1690/1426 1355/1497/1243 1354/1496/1242
f 1355/1497/1243 1522/1691/1427 1356/1499/1245
f 1523/1692/1428 1524/1693/1429 1356/1499/1245
f 1357/1500/1246 1524/1693/1429 1358/1501/1247
f 1358/1501/1247 1525/1694/1430 1359/1502/1248
f 1359/1502/1248 1526/1695/1431 1360/1503/1249
f 1360/1503/1249 1527/1696/1432 1361/1504/1250
f 1361/1504/1250 1528/1697/1433 1362/1505/1251
f 1363/1506/1252 2143/1507/1253 2153/1700/1436
f 2153/1700/1436 2143/1507/1253 1529/1698/1434
f 1362/1505/1251 1529/1698/1434 2143/1507/1253
f 2144/1508/1254 1363/1506/1252 2154/1701/1437
f 1364/1509/1255 2144/1508/1254 1531/1702/1438
f 1530/1699/1435 2154/1701/1437 1363/1506/1252
f 1531/1702/1438 1532/1703/1439 1364/1509/1255
f 1532/1703/1439 1533/1704/1440 1365/1510/1256
f 1533/1704/1440 1534/1705/1441 1366/1511/1257
f 1534/1705/1441 1535/1706/1442 1367/1512/1258
f 1368/1513/1259 1535/1706/1442 1369/1514/1260
f 1369/1514/1260 1536/1707/1443 1370/1515/1261
f 1370/1515/1261 1537/1708/1444 1371/1516/1262
f 1371/1516/1262 1538/1709/1445 1372/1517/1263
f 1372/1517/1263 1539/1710/1446 1373/1518/1264
f 1540/1711/1447 1541/1712/1448 1373/1518/1264
f 1541/1712/1448 1542/1713/1449 1374/1519/1265
f 1375/1520/1266 1542/1713/1449 1376/1521/1267
f 1500/1522/1268 1650/1716/1452 1377/1525/1271
f 1377/1525/1271 1544/1715/1451 1378/1526/1272
f 1378/1526/1272 1545/1717/1453 1379/1527/1273
f 1379/1527/1273 1546/1718/1454 1380/1528/1274
f 1380/1528/1274 1547/1719/1455 1381/1529/1275
f 1381/1529/1275 1548/1720/1456 1382/1530/1276
f 1382/1530/1276 1549/1721/1457 1383/1531/1277
f 1383/1531/1277 1550/1722/1458 1384/1532/1278
f 1551/1723/1459 1552/1724/1460 1384/1532/1278
f 1552/1724/1460 1553/1725/1461 1385/1533/1279
f 1387/1535/1281 1553/1725/1461 1388/1536/1282
f 1554/1726/1462 1555/1727/1463 1388/1536/1282
f 1555/1727/1463 1556/1728/1464 1389/1537/1283
f 1556/1728/1464 1557/1729/1465 1390/1538/1284
f 1391/1539/1285 1557/1729/1465 1392/1540/1286
f 1392/1540/1286 1558/1730/1466 1393/1541/1287
f 1393/1541/1287 1559/1731/1467 1394/1542/1288
f 1394/1542/1288 1560/1732/1468 1395/1543/1289
f 1561/1733/1469 1562/1734/1470 1395/1543/1289
f 1562/1734/1470 1563/1735/1471 1396/1544/1290
f 1397/1545/1291 1563/1735/1471 1398/1546/1292
f 1398/1546/1292 1564/1736/1472 1399/1547/1293
f 1565/1737/1473 145/1738/1474 1399/1547/1293
f 1400/1548/1294 1399/1547/1293 145/1738/1474
f 1402/1550/1296 1401/1549/1295 2155/1740/1476
f 1401/1549/1295 145/1738/1474 2155/1740/1476
f 1565/1737/1473 2155/1740/1476 145/1738/1474
f 1403/1551/1297 1402/1550/1296 2156/1742/1478
f 1566/1739/1475 2156/1742/1478 1402/1550/1296
f 1403/1551/1297 1567/1741/1477 1404/1552/1298
f 1568/1743/1479 1569/1744/1480 1404/1552/1298
f 2145/1554/1300 1405/1553/1299 2157/1745/1481
f 1406/1555/1301 2145/1554/1300 1570/1746/1482
f 1569/1744/1480 2157/1745/1481 1405/1553/1299
f 1406/1555/1301 1570/1746/1482 1407/1556/1302
f 1407/1556/1302 1571/1747/1483 1408/1557/1303
f 1408/1557/1303 1572/1748/1484 1409/1558/1304
f 1573/1749/1485 1574/1750/1486 1409/1558/1304
f 1574/1750/1486 1575/1751/1487 1410/1559/1305
f 1575/1751/1487 1576/1752/1488 1411/1560/1306
f 1412/1561/1307 1576/1752/1488 1413/1562/1308
f 1413/1562/1308 1577/1753/1489 1414/1563/1309
f 1414/1563/1309 1578/1754/1490 1415/1564/1310
f 1415/1564/1310 1579/1755/1491 1416/1565/1311
f 1416/1565/1311 1580/1756/1492 1417/1566/1312
f 1581/1757/1493 1582/1758/1494 1417/1566/1312
f 1582/1758/1494 1583/1759/1495 1418/1567/1313
f 1583/1759/1495 1584/1760/1496 1419/1568/1314
f 1420/1569/1315 1584/1760/1496 1421/1570/1316
f 1421/1570/1316 1585/1761/1497 1422/1571/1317
f 1586/1762/1498 1587/1763/1499 1422/1571/1317
f 1587/1763/1499 1588/1764/1500 1423/1572/1318
f 1424/1573/1319 1588/1764/1500 1425/1574/1320
f 1589/1765/1501 1590/1766/1502 1425/1574/1320
f 1427/1576/1322 2146/1577/1323 2158/1768/1504
f 2158/1768/1504 2146/1577/1323 1590/1766/1502
f 1426/1575/1321 1590/1766/1502 2146/1577/1323
f 1648/1771/1507 1429/1580/1326 206/1769/1505
f 1428/1578/1324 206/1769/1505 1429/1580/1326
f 218/1772/1508 1430/1583/1329 216/1581/1327
f 220/1774/1510 1431/1584/1330 218/1772/1508
f 1592/1770/1506 1593/1773/1509 220/1774/1510
f 1431/1584/1330 220/1774/1510 1432/1585/1331
f 1432/1585/1331 1593/1773/1509 1433/1586/1332
f 1433/1586/1332 1594/1775/1511 1434/1587/1333
f 1434/1587/1333 1595/1776/1512 1435/1588/1334
f 1596/1777/1513 1597/1778/1514 1435/1588/1334
f 1597/1778/1514 1598/1779/1515 1436/1589/1335
f 1598/1779/1515 1599/1780/1516 1437/1590/1336
f 1599/1780/1516 1600/1781/1517 1438/1591/1337
f 1600/1781/1517 1601/1782/1518 1439/1592/1338
f 1601/1782/1518 1602/1783/1519 1440/1593/1339
f 1441/1594/1340 1602/1783/1519 1442/1595/1341
f 1442/1595/1341 1603/1784/1520 1443/1596/1342
f 1603/1784/1520 1604/1785/1521 1443/1596/1342
f 1604/1785/1521 1605/1786/1522 1444/1597/1343
f 1605/1786/1522 1606/1787/1523 1446/1599/1345
f 1606/1787/1523 1607/1788/1524 1448/1601/1347
f 1449/1602/1348 1607/1788/1524 1450/1603/1349
f 1450/1603/1349 1607/1788/1524 1451/1604/1350
f 1451/1604/1350 1608/1789/1525 1452/1605/1351
f 1452/1605/1351 1609/1790/1526 1453/1606/1352
f 1453/1606/1352 1610/1791/1527 1454/1607/1353
f 1455/1608/1354 2147/1609/1355 2159/1794/1530
f 2159/1794/1530 2147/1609/1355 1611/1792/1528
f 1454/1607/1353 1611/1792/1528 2147/1609/1355
f 1456/1610/1356 258/1795/1531 1457/1612/1358
f 1457/1612/1358 1649/1796/1532 1458/1613/1359
f 1458/1613/1359 1613/1797/1533 1459/1614/1360
f 1614/1798/1534 1615/1799/1535 1459/1614/1360
f 1615/1799/1535 1616/1800/1536 1460/1615/1361
f 1616/1800/1536 1617/1801/1537 1461/1616/1362
f 1617/1801/1537 1618/1802/1538 1462/1617/1363
f 1618/1802/1538 1619/1803/1539 1463/1618/1364
f 1619/1803/1539 1620/1804/1540 1464/1619/1365
f 1620/1804/1540 1621/1805/1541 1465/1620/1366
f 1467/1622/1368 1621/1805/1541 1468/1623/1369
f 1468/1623/1369 1622/1806/1542 1469/1624/1370
f 1470/1625/1371 1469/1624/1370 2160/1809/1545
f 1623/1807/1543 2160/1809/1545 1469/1624/1370
f 1471/1627/1372 1470/1625/1371 2161/1811/1547
f 1624/1808/1544 2161/1811/1547 1470/1625/1371
f 1471/1627/1372 1625/1810/1546 1472/1628/1373
f 1626/1812/1548 1627/1813/1549 1473/1631/1374
f 1474/1633/1375 1627/1813/1549 1475/1634/1376
f 1475/1634/1376 1628/1814/1550 1476/1636/1377
f 1476/1636/1377 1629/1815/1551 1477/1638/1378
f 1630/1816/1552 1631/1817/1553 1477/1638/1378
f 1631/1817/1553 1632/1818/1554 1478/1641/1379
f 1632/1818/1554 1633/1819/1555 1479/1643/1380
f 1633/1819/1555 1634/1820/1556 1480/1645/1381
f 1634/1820/1556 1635/1821/1557 1481/1646/1382
f 1482/1647/1383 1635/1821/1557 1483/1648/1384
f 1636/1822/1558 1637/1823/1559 1483/1648/1384
f 1484/1649/1385 1637/1823/1559 1485/1650/1386
f 1485/1650/1386 1637/1823/1559 1486/1651/1387
f 1486/1651/1387 1638/1824/1560 1487/1652/1388
f 1487/1652/1388 1639/1825/1561 1488/1653/1389
f 1489/1654/1390 2148/1655/1391 2162/1828/1564
f 2162/1828/1564 2148/1655/1391 1640/1826/1562
f 1488/1653/1389 1640/1826/1562 2148/1655/1391
f 1651/1837/1573 1642/1830/1566 320/1829/1565
f 1490/1656/1392 320/1829/1565 1491/1658/1394
f 1491/1658/1394 1642/1830/1566 1492/1659/1395
f 1643/1831/1567 1644/1832/1568 1492/1659/1395
f 1493/1660/1396 1644/1832/1568 1494/1661/1397
f 1494/1661/1397 1645/1833/1569 1495/1662/1398
f 1646/1834/1570 1647/1835/1571 1495/1662/1398
f 1592/1770/1506 220/1774/1510 1429/1580/1326
f 220/1774/1510 218/1772/1508 1429/1580/1326
f 218/1772/1508 216/1581/1327 1429/1580/1326
f 331/1836/1572 56/1690/1426 1350/1488/1234
f 56/1690/1426 54/1689/1425 1350/1488/1234
f 54/1689/1425 52/1489/1235 1350/1488/1234
f 2165/1838/1574 320/1829/1565 1489/1654/1390
f 1641/1827/1563 2165/1838/1574 1489/1654/1390
f 1497/1657/1393 1489/1654/1390 320/1829/1565
f 2149/1664/1400 1427/1576/1322 2163/1839/1575
f 1648/1771/1507 206/1769/1505 2149/1664/1400
f 1591/1767/1503 2163/1839/1575 1427/1576/1322
f 1498/1579/1325 2149/1664/1400 206/1769/1505
f 2150/1841/1577 1455/1608/1354 2164/1840/1576
f 1649/1796/1532 258/1795/1531 2150/1841/1577
f 1612/1793/1529 2164/1840/1576 1455/1608/1354
f 1499/1611/1357 2150/1841/1577 258/1795/1531
f 1543/1714/1450 1650/1716/1452 1376/1521/1267
f 1765/1842/1578 6/1843/1579 1501/1665/1401
f 1502/1666/1402 1501/1665/1401 6/1843/1579
f 1765/1842/1578 1652/1844/1580 6/1843/1579
f 1503/1667/1403 6/1843/1579 1504/1668/1404
f 1652/1844/1580 1653/1845/1581 1504/1668/1404
f 1653/1845/1581 1654/1846/1582 1505/1669/1405
f 1654/1846/1582 1655/1847/1583 1506/1670/1406
f 1507/1671/1407 1655/1847/1583 1508/1672/1408
f 1508/1672/1408 1656/1848/1584 1509/1673/1409
f 1510/1674/1410 2151/1675/1411 2166/1851/1587
f 2166/1851/1587 2151/1675/1411 1657/1849/1585
f 1509/1673/1409 1657/1849/1585 2151/1675/1411
f 2152/1676/1412 1510/1674/1410 2167/1852/1588
f 1511/1677/1413 2152/1676/1412 1659/1853/1589
f 1658/1850/1586 2167/1852/1588 1510/1674/1410
f 1659/1853/1589 1660/1854/1590 1511/1677/1413
f 1512/1678/1414 1660/1854/1590 1513/1679/1415
f 1513/1679/1415 1661/1855/1591 1514/1680/1416
f 1662/1856/1592 1663/1857/1593 1514/1680/1416
f 1663/1857/1593 1664/1858/1594 1515/1681/1417
f 1516/1682/1418 1664/1858/1594 1517/1683/1419
f 1517/1683/1419 1665/1859/1595 1518/1684/1420
f 1518/1684/1420 1666/1860/1596 1519/1685/1421
f 1519/1685/1421 1667/1861/1597 1520/1686/1422
f 1668/1862/1598 68/1866/1602 1520/1686/1422
f 68/1866/1602 36/1863/1599 1520/1686/1422
f 1521/1687/1423 1520/1686/1422 36/1863/1599
f 66/1864/1600 1522/1691/1427 1521/1687/1423
f 1522/1691/1427 38/1688/1424 1521/1687/1423
f 66/1864/1600 1523/1692/1428 1522/1691/1427
f 66/1864/1600 36/1863/1599 1524/1693/1429
f 68/1866/1602 1524/1693/1429 36/1863/1599
f 1524/1693/1429 68/1866/1602 1525/1694/1430
f 1525/1694/1430 1669/1865/1601 1526/1695/1431
f 1526/1695/1431 1670/1867/1603 1527/1696/1432
f 1527/1696/1432 1671/1868/1604 1528/1697/1433
f 1528/1697/1433 1672/1869/1605 1529/1698/1434
f 1530/1699/1435 2153/1700/1436 2168/1872/1608
f 2168/1872/1608 2153/1700/1436 1673/1870/1606
f 1529/1698/1434 1673/1870/1606 2153/1700/1436
f 2154/1701/1437 1530/1699/1435 2169/1873/1609
f 1531/1702/1438 2154/1701/1437 1675/1874/1610
f 1674/1871/1607 2169/1873/1609 1530/1699/1435
f 1675/1874/1610 1676/1875/1611 1531/1702/1438
f 1676/1875/1611 1677/1876/1612 1532/1703/1439
f 1677/1876/1612 1678/1877/1613 1533/1704/1440
f 1678/1877/1613 1679/1878/1614 1534/1705/1441
f 1535/1706/1442 1679/1878/1614 1536/1707/1443
f 1536/1707/1443 1680/1879/1615 1537/1708/1444
f 1537/1708/1444 1681/1880/1616 1538/1709/1445
f 1538/1709/1445 1682/1881/1617 1539/1710/1446
f 1539/1710/1446 1683/1882/1618 1540/1711/1447
f 1684/1883/1619 1685/1884/1620 1540/1711/1447
f 1685/1884/1620 1686/1885/1621 1541/1712/1448
f 1542/1713/1449 1686/1885/1621 1543/1714/1450
f 1767/1992/1728 1688/1888/1624 101/1887/1623
f 1544/1715/1451 101/1887/1623 1545/1717/1453
f 1545/1717/1453 1688/1888/1624 1546/1718/1454
f 1546/1718/1454 1689/1889/1625 1547/1719/1455
f 1547/1719/1455 1690/1890/1626 1548/1720/1456
f 1548/1720/1456 1691/1891/1627 1549/1721/1457
f 1549/1721/1457 1692/1892/1628 1550/1722/1458
f 1550/1722/1458 1693/1893/1629 1551/1723/1459
f 1694/1894/1630 1695/1895/1631 1551/1723/1459
f 1695/1895/1631 118/1897/1633 1552/1724/1460
f 1553/1725/1461 1552/1724/1460 118/1897/1633
f 1770/1896/1632 1696/1898/1634 118/1897/1633
f 1553/1725/1461 118/1897/1633 1554/1726/1462
f 1696/1898/1634 1697/1899/1635 1554/1726/1462
f 1697/1899/1635 1698/1900/1636 1555/1727/1463
f 1698/1900/1636 1699/1901/1637 1556/1728/1464
f 1557/1729/1465 1699/1901/1637 1558/1730/1466
f 1558/1730/1466 1700/1902/1638 1559/1731/1467
f 1559/1731/1467 1701/1903/1639 1560/1732/1468
f 1560/1732/1468 1702/1904/1640 1561/1733/1469
f 1703/1905/1641 1704/1906/1642 1561/1733/1469
f 1704/1906/1642 1705/1907/1643 1562/1734/1470
f 1705/1907/1643 1706/1908/1644 1563/1735/1471
f 1564/1736/1472 1563/1735/1471 1706/1908/1644
f 1565/1737/1473 1564/1736/1472 142/1909/1645
f 1566/1739/1475 2155/1740/1476 2170/1911/1647
f 2170/1911/1647 2155/1740/1476 1706/1908/1644
f 1706/1908/1644 2155/1740/1476 142/1909/1645
f 1565/1737/1473 142/1909/1645 2155/1740/1476
f 2156/1742/1478 1566/1739/1475 2171/1912/1648
f 1567/1741/1477 2156/1742/1478 1708/1913/1649
f 1707/1910/1646 2171/1912/1648 1566/1739/1475
f 1567/1741/1477 1708/1913/1649 1568/1743/1479
f 1709/1914/1650 1710/1915/1651 1568/1743/1479
f 2157/1745/1481 1569/1744/1480 2172/1916/1652
f 1570/1746/1482 2157/1745/1481 1711/1917/1653
f 1710/1915/1651 2172/1916/1652 1569/1744/1480
f 1570/1746/1482 1711/1917/1653 1571/1747/1483
f 1571/1747/1483 1712/1918/1654 1572/1748/1484
f 1572/1748/1484 159/1919/1655 1573/1749/1485
f 159/1919/1655 1713/1920/1656 1573/1749/1485
f 1713/1920/1656 1714/1921/1657 1574/1750/1486
f 1714/1921/1657 1715/1922/1658 1575/1751/1487
f 1576/1752/1488 1715/1922/1658 1577/1753/1489
f 1577/1753/1489 1716/1923/1659 1578/1754/1490
f 1578/1754/1490 1717/1924/1660 1579/1755/1491
f 1579/1755/1491 1718/1925/1661 1580/1756/1492
f 1580/1756/1492 1719/1926/1662 1581/1757/1493
f 1720/1927/1663 1721/1928/1664 1581/1757/1493
f 1721/1928/1664 1722/1929/1665 1582/1758/1494
f 1722/1929/1665 1723/1930/1666 1583/1759/1495
f 1584/1760/1496 1723/1930/1666 1585/1761/1497
f 1585/1761/1497 1724/1931/1667 1586/1762/1498
f 1725/1932/1668 1726/1933/1669 1586/1762/1498
f 1726/1933/1669 1727/1934/1670 1587/1763/1499
f 1588/1764/1500 1727/1934/1670 1589/1765/1501
f 1728/1935/1671 1729/1936/1672 1589/1765/1501
f 2158/1768/1504 1590/1766/1502 2176/1937/1673
f 2158/1768/1504 1768/1938/1674 1591/1767/1503
f 1729/1936/1672 2176/1937/1673 1590/1766/1502
f 193/1952/1688 1591/1767/1503 1768/1938/1674
f 1592/1770/1506 1648/1771/1507 208/1939/1675
f 222/1940/1676 1593/1773/1509 208/1939/1675
f 224/1942/1678 1594/1775/1511 222/1940/1676
f 1594/1775/1511 224/1942/1678 1595/1776/1512
f 1595/1776/1512 1730/1941/1677 1596/1777/1513
f 1730/1941/1677 1731/1943/1679 1596/1777/1513
f 1731/1943/1679 1732/1944/1680 1597/1778/1514
f 1732/1944/1680 1733/1945/1681 1598/1779/1515
f 1733/1945/1681 1734/1946/1682 1599/1780/1516
f 247/1949/1685 242/1947/1683 1734/1946/1682
f 1734/1946/1682 242/1947/1683 1602/1783/1519
f 1603/1784/1520 1602/1783/1519 242/1947/1683
f 1605/1786/1522 1604/1785/1521 242/1947/1683
f 1606/1787/1523 1605/1786/1522 242/1947/1683
f 247/1949/1685 1609/1790/1526 242/1947/1683
f 1608/1789/1525 242/1947/1683 1609/1790/1526
f 1609/1790/1526 247/1949/1685 1610/1791/1527
f 1610/1791/1527 1735/1948/1684 1611/1792/1528
f 2159/1794/1530 1611/1792/1528 1766/1951/1687
f 2159/1794/1530 193/1952/1688 1612/1793/1529
f 1736/1950/1686 1766/1951/1687 1611/1792/1528
f 193/1952/1688 1768/1938/1674 1612/1793/1529
f 1737/2085/1821 1612/1793/1529 1768/1938/1674
f 262/1954/1690 1613/1797/1533 260/2554/2239
f 1649/1796/1532 260/2554/2239 1613/1797/1533
f 1613/1797/1533 262/1954/1690 1614/1798/1534
f 1738/1953/1689 1739/1955/1691 1614/1798/1534
f 1739/1955/1691 1740/1956/1692 1615/1799/1535
f 1740/1956/1692 1741/1957/1693 1616/1800/1536
f 1741/1957/1693 1742/1958/1694 1617/1801/1537
f 1742/1958/1694 277/1961/1697 1618/1802/1538
f 277/1961/1697 275/1959/1695 1618/1802/1538
f 1620/1804/1540 1619/1803/1539 275/1959/1695
f 1621/1805/1541 1620/1804/1540 275/1959/1695
f 277/1961/1697 1622/1806/1542 275/1959/1695
f 1621/1805/1541 275/1959/1695 1622/1806/1542
f 1622/1806/1542 277/1961/1697 1623/1807/1543
f 1624/1808/1544 2160/1809/1545 2173/1963/1699
f 2173/1963/1699 2160/1809/1545 1743/1960/1696
f 1623/1807/1543 1743/1960/1696 2160/1809/1545
f 2161/1811/1547 1624/1808/1544 2178/1964/1700
f 1771/1965/1701 285/1968/1704 2161/1811/1547
f 1744/1962/1698 2178/1964/1700 1624/1808/1544
f 285/1968/1704 283/1966/1702 2161/1811/1547
f 1625/1810/1546 2161/1811/1547 283/1966/1702
f 285/1968/1704 1626/1812/1548 283/1966/1702
f 1771/1965/1701 1745/1967/1703 285/1968/1704
f 1626/1812/1548 285/1968/1704 1627/1813/1549
f 1627/1813/1549 1745/1967/1703 1628/1814/1550
f 1628/1814/1550 1746/1969/1705 1629/1815/1551
f 1629/1815/1551 1747/1970/1706 1630/1816/1552
f 1748/1971/1707 1749/1972/1708 1630/1816/1552
f 1749/1972/1708 1750/1973/1709 1631/1817/1553
f 1750/1973/1709 1751/1974/1710 1632/1818/1554
f 1751/1974/1710 1752/1975/1711 1633/1819/1555
f 1752/1975/1711 1753/1976/1712 1634/1820/1556
f 1635/1821/1557 1753/1976/1712 1636/1822/1558
f 1754/1977/1713 307/1979/1715 1636/1822/1558
f 1637/1823/1559 1636/1822/1558 307/1979/1715
f 1755/1978/1714 1756/1980/1716 307/1979/1715
f 1637/1823/1559 307/1979/1715 1638/1824/1560
f 1638/1824/1560 1756/1980/1716 1639/1825/1561
f 1639/1825/1561 1757/1981/1717 1640/1826/1562
f 1641/1827/1563 2162/1828/1564 2174/1984/1720
f 2174/1984/1720 2162/1828/1564 1758/1982/1718
f 1640/1826/1562 1758/1982/1718 2162/1828/1564
f 1651/1837/1573 1769/1986/1722 1642/1830/1566
f 1642/1830/1566 1760/1985/1721 1643/1831/1567
f 1761/1987/1723 1762/1988/1724 1643/1831/1567
f 1644/1832/1568 1762/1988/1724 1645/1833/1569
f 1645/1833/1569 1763/1989/1725 1646/1834/1570
f 1764/1990/1726 1765/1842/1578 1646/1834/1570
f 224/1942/1678 2163/1839/1575 1766/1951/1687
f 224/1942/1678 222/1940/1676 2163/1839/1575
f 2163/1839/1575 1591/1767/1503 1766/1951/1687
f 193/1952/1688 1766/1951/1687 1591/1767/1503
f 222/1940/1676 208/1939/1675 2163/1839/1575
f 1648/1771/1507 2163/1839/1575 208/1939/1675
f 2164/1840/1576 1612/1793/1529 2175/1991/1727
f 262/1954/1690 260/2554/2239 2164/1840/1576
f 1737/2085/1821 2175/1991/1727 1612/1793/1529
f 1649/1796/1532 2164/1840/1576 260/2554/2239
f 1687/1886/1622 101/1887/1623 1543/1714/1450
f 1650/1716/1452 1543/1714/1450 101/1887/1623
f 2165/1838/1574 1641/1827/1563 2177/1993/1729
f 1651/1837/1573 2165/1838/1574 1769/1986/1722
f 1759/1983/1719 2177/1993/1729 1641/1827/1563
f 3/1995/1731 1/1994/1730 1772/1996/1732
f 1765/1842/1578 3/1995/1731 1652/1844/1580
f 1772/1996/1732 1773/1997/1733 1652/1844/1580
f 1773/1997/1733 1774/1998/1734 1653/1845/1581
f 1774/1998/1734 1775/1999/1735 1654/1846/1582
f 1655/1847/1583 1775/1999/1735 1656/1848/1584
f 1656/1848/1584 1776/2000/1736 1657/1849/1585
f 1658/1850/1586 2166/1851/1587 2179/2003/1739
f 2179/2003/1739 2166/1851/1587 1777/2001/1737
f 1657/1849/1585 1777/2001/1737 2166/1851/1587
f 2167/1852/1588 1658/1850/1586 2187/2004/1740
f 1859/2005/1741 332/2555/2240 2167/1852/1588
f 1778/2002/1738 2187/2004/1740 1658/1850/1586
f 2167/1852/1588 332/2555/2240 1659/1853/1589
f 18/2019/1755 1659/1853/1589 332/2555/2240
f 1660/1854/1590 1659/1853/1589 1860/2007/1743
f 18/2019/1755 1860/2007/1743 1659/1853/1589
f 1660/1854/1590 1779/2006/1742 1661/1855/1591
f 1661/1855/1591 1780/2008/1744 1662/1856/1592
f 1781/2009/1745 1782/2010/1746 1663/1857/1593
f 1664/1858/1594 1782/2010/1746 1665/1859/1595
f 1666/1860/1596 1665/1859/1595 75/2013/1749
f 1666/1860/1596 73/2014/1750 1667/1861/1597
f 32/2015/1751 1667/1861/1597 73/2014/1750
f 71/2016/1752 34/2017/1753 1667/1861/1597
f 1667/1861/1597 34/2017/1753 1668/1862/1598
f 71/2016/1752 1670/1867/1603 34/2017/1753
f 71/2016/1752 32/2015/1751 1671/1868/1604
f 73/2014/1750 1671/1868/1604 32/2015/1751
f 75/2013/1749 1672/1869/1605 30/2012/1748
f 30/2012/1748 1672/1869/1605 73/2014/1750
f 1671/1868/1604 73/2014/1750 1672/1869/1605
f 1672/1869/1605 75/2013/1749 1673/1870/1606
f 2168/1872/1608 1673/1870/1606 1860/2007/1743
f 2168/1872/1608 18/2019/1755 1674/1871/1607
f 1860/2007/1743 1673/1870/1606 20/2130/1866
f 332/2555/2240 1674/1871/1607 18/2019/1755
f 1675/1874/1610 2169/1873/1609 2180/2021/1757
f 2180/2021/1757 2169/1873/1609 1859/2005/1741
f 2169/1873/1609 1674/1871/1607 1859/2005/1741
f 332/2555/2240 1859/2005/1741 1674/1871/1607
f 1785/2020/1756 1786/2022/1758 1675/1874/1610
f 1786/2022/1758 1787/2023/1759 1676/1875/1611
f 1787/2023/1759 1788/2024/1760 1677/1876/1612
f 1788/2024/1760 1789/2025/1761 1678/1877/1613
f 1679/1878/1614 1789/2025/1761 1680/1879/1615
f 1680/1879/1615 1790/2026/1762 1681/1880/1616
f 1681/1880/1616 1791/2027/1763 1682/1881/1617
f 1682/1881/1617 1792/2028/1764 1683/1882/1618
f 1683/1882/1618 1793/2029/1765 1684/1883/1619
f 1794/2030/1766 1795/2031/1767 1684/1883/1619
f 1795/2031/1767 1796/2032/1768 1685/1884/1620
f 1686/1885/1621 1796/2032/1768 1687/1886/1622
f 1862/2115/1851 1798/2035/1771 103/2034/1770
f 1688/1888/1624 103/2034/1770 1689/1889/1625
f 1689/1889/1625 1798/2035/1771 1690/1890/1626
f 1690/1890/1626 1799/2036/1772 1691/1891/1627
f 1691/1891/1627 1800/2037/1773 1692/1892/1628
f 1692/1892/1628 1801/2038/1774 1693/1893/1629
f 1694/1894/1630 1693/1893/1629 2181/2041/1777
f 1802/2039/1775 2181/2041/1777 1693/1893/1629
f 1803/2040/1776 1804/2042/1778 1694/1894/1630
f 1770/1896/1632 1865/2044/1780 1696/1898/1634
f 1805/2043/1779 1806/2045/1781 1696/1898/1634
f 1806/2045/1781 1807/2046/1782 1697/1899/1635
f 1807/2046/1782 1808/2047/1783 1698/1900/1636
f 1699/1901/1637 1808/2047/1783 1700/1902/1638
f 1700/1902/1638 1809/2048/1784 1701/1903/1639
f 1701/1903/1639 1810/2049/1785 1702/1904/1640
f 1702/1904/1640 1811/2050/1786 1703/1905/1641
f 1812/2051/1787 1813/2052/1788 1703/1905/1641
f 1813/2052/1788 1814/2053/1789 1704/1906/1642
f 1814/2053/1789 1815/2054/1790 1705/1907/1643
f 1707/1910/1646 2170/1911/1647 2182/2056/1792
f 2182/2056/1792 2170/1911/1647 1815/2054/1790
f 1706/1908/1644 1815/2054/1790 2170/1911/1647
f 2171/1912/1648 1707/1910/1646 2183/2057/1793
f 1708/1913/1649 2171/1912/1648 1817/2058/1794
f 1816/2055/1791 2183/2057/1793 1707/1910/1646
f 1708/1913/1649 1817/2058/1794 1709/1914/1650
f 1818/2059/1795 1819/2060/1796 1709/1914/1650
f 2172/1916/1652 1710/1915/1651 2184/2061/1797
f 1711/1917/1653 2172/1916/1652 1820/2062/1798
f 1819/2060/1796 2184/2061/1797 1710/1915/1651
f 1711/1917/1653 1820/2062/1798 1712/1918/1654
f 1821/2063/1799 159/1919/1655 1712/1918/1654
f 1863/2064/1800 1822/2065/1801 159/1919/1655
f 1822/2065/1801 1823/2066/1802 1714/1921/1657
f 1715/1922/1658 1823/2066/1802 1716/1923/1659
f 1716/1923/1659 1824/2067/1803 1717/1924/1660
f 1717/1924/1660 1825/2068/1804 1718/1925/1661
f 1718/1925/1661 1826/2069/1805 1719/1926/1662
f 1719/1926/1662 1827/2070/1806 1720/1927/1663
f 1828/2071/1807 1829/2072/1808 1720/1927/1663
f 1829/2072/1808 1830/2073/1809 1721/1928/1664
f 1830/2073/1809 1831/2074/1810 1722/1929/1665
f 1723/1930/1666 1831/2074/1810 1724/1931/1667
f 1724/1931/1667 1832/2075/1811 1725/1932/1668
f 1833/2076/1812 1834/2077/1813 1725/1932/1668
f 1834/2077/1813 1835/2078/1814 1726/1933/1669
f 1727/1934/1670 1835/2078/1814 1728/1935/1671
f 1836/2079/1815 1837/2080/1816 1728/1935/1671
f 232/2082/1818 1732/1944/1680 227/2081/1817
f 1734/1946/1682 1733/1945/1681 232/2082/1818
f 249/2083/1819 1735/1948/1684 247/1949/1685
f 1736/1950/1686 249/2083/1819 232/2082/1818
f 264/2086/1822 1738/1953/1689 262/1954/1690
f 1861/2088/1824 1739/1955/1691 264/2086/1822
f 1739/1955/1691 1861/2088/1824 1740/1956/1692
f 1741/1957/1693 1740/1956/1692 1838/2087/1823
f 1742/1958/1694 1741/1957/1693 270/2089/1825
f 1838/2087/1823 1743/1960/1696 270/2089/1825
f 270/2089/1825 1743/1960/1696 277/1961/1697
f 1744/1962/1698 2173/1963/1699 2185/2092/1828
f 2185/2092/1828 2173/1963/1699 1839/2090/1826
f 1743/1960/1696 1839/2090/1826 2173/1963/1699
f 1771/1965/1701 1866/2094/1830 1745/1967/1703
f 1745/1967/1703 1841/2093/1829 1746/1969/1705
f 1746/1969/1705 1842/2095/1831 1747/1970/1706
f 1747/1970/1706 1843/2096/1832 1748/1971/1707
f 1844/2097/1833 1845/2098/1834 1748/1971/1707
f 1845/2098/1834 1846/2099/1835 1749/1972/1708
f 1846/2099/1835 1847/2100/1836 1750/1973/1709
f 1847/2100/1836 1848/2101/1837 1751/1974/1710
f 1848/2101/1837 1849/2102/1838 1752/1975/1711
f 1753/1976/1712 1849/2102/1838 1754/1977/1713
f 1850/2103/1839 1851/2104/1840 1754/1977/1713
f 1755/1978/1714 1851/2104/1840 1756/1980/1716
f 1756/1980/1716 1852/2105/1841 1757/1981/1717
f 1757/1981/1717 1853/2106/1842 1758/1982/1718
f 1759/1983/1719 2174/1984/1720 2186/2109/1845
f 2186/2109/1845 2174/1984/1720 1854/2107/1843
f 1758/1982/1718 1854/2107/1843 2174/1984/1720
f 1864/2119/1855 1856/2111/1847 322/2110/1846
f 1760/1985/1721 322/2110/1846 1761/1987/1723
f 1856/2111/1847 1857/2112/1848 1761/1987/1723
f 1762/1988/1724 1857/2112/1848 1763/1989/1725
f 1763/1989/1725 1858/2113/1849 1764/1990/1726
f 1858/2113/1849 1/1994/1730 1764/1990/1726
f 1765/1842/1578 1764/1990/1726 1/1994/1730
f 2175/1991/1727 1737/2085/1821 2188/2114/1850
f 2188/2114/1850 1737/2085/1821 1867/2117/1853
f 252/2084/1820 1867/2117/1853 1737/2085/1821
f 1861/2088/1824 264/2086/1822 2175/1991/1727
f 264/2086/1822 262/1954/1690 2175/1991/1727
f 247/1949/1685 1734/1946/1682 249/2083/1819
f 1734/1946/1682 232/2082/1818 249/2083/1819
f 232/2082/1818 227/2081/1817 1766/1951/1687
f 224/1942/1678 1766/1951/1687 227/2081/1817
f 1797/2033/1769 103/2034/1770 1687/1886/1622
f 1767/1992/1728 1687/1886/1622 103/2034/1770
f 2176/1937/1673 1729/1936/1672 2191/2116/1852
f 1867/2117/1853 252/2084/1820 2176/1937/1673
f 1837/2080/1816 2191/2116/1852 1729/1936/1672
f 1768/1938/1674 2176/1937/1673 252/2084/1820
f 2177/1993/1729 1759/1983/1719 2189/2118/1854
f 1864/2119/1855 322/2110/1846 2177/1993/1729
f 1855/2108/1844 2189/2118/1854 1759/1983/1719
f 1769/1986/1722 2177/1993/1729 322/2110/1846
f 1804/2042/1778 1865/2044/1780 1695/1895/1631
f 2178/1964/1700 1744/1962/1698 2190/2120/1856
f 1771/1965/1701 2178/1964/1700 1866/2094/1830
f 1840/2091/1827 2190/2120/1856 1744/1962/1698
f 1935/2207/1943 1868/2121/1857 328/2122/1858
f 1/1994/1730 328/2122/1858 1772/1996/1732
f 1868/2121/1857 1869/2123/1859 1772/1996/1732
f 1869/2123/1859 1870/2124/1860 1773/1997/1733
f 1870/2124/1860 1871/2125/1861 1774/1998/1734
f 1775/1999/1735 1871/2125/1861 1776/2000/1736
f 1776/2000/1736 1872/2126/1862 1777/2001/1737
f 1778/2002/1738 2179/2003/1739 2192/2129/1865
f 2192/2129/1865 2179/2003/1739 1873/2127/1863
f 1777/2001/1737 1873/2127/1863 2179/2003/1739
f 22/2131/1867 1780/2008/1744 20/2130/1866
f 25/2132/1868 1781/2009/1745 22/2131/1867
f 1782/2010/1746 1781/2009/1745 27/2133/1869
f 1782/2010/1746 1784/2018/1754 1783/2011/1747
f 75/2013/1749 1783/2011/1747 1784/2018/1754
f 1785/2020/1756 2180/2021/1757 2193/2135/1871
f 2193/2135/1871 2180/2021/1757 1933/2209/1945
f 1859/2005/1741 1933/2209/1945 2180/2021/1757
f 1875/2134/1870 1876/2136/1872 1785/2020/1756
f 1788/2024/1760 1787/2023/1759 1876/2136/1872
f 1789/2025/1761 1788/2024/1760 1876/2136/1872
f 1791/2027/1763 1876/2136/1872 1792/2028/1764
f 1792/2028/1764 1876/2136/1872 1793/2029/1765
f 1793/2029/1765 1876/2136/1872 1794/2030/1766
f 1877/2137/1873 1878/2138/1874 1795/2031/1767
f 1796/2032/1768 1878/2138/1874 1797/2033/1769
f 1879/2139/1875 1880/2141/1877 105/2140/1876
f 1798/2035/1771 105/2140/1876 1799/2036/1772
f 1799/2036/1772 1880/2141/1877 1800/2037/1773
f 1800/2037/1773 1881/2142/1878 1801/2038/1774
f 1801/2038/1774 1882/2143/1879 1802/2039/1775
f 1803/2040/1776 2181/2041/1777 2194/2146/1882
f 2181/2041/1777 1802/2039/1775 2194/2146/1882
f 1883/2144/1880 2194/2146/1882 1802/2039/1775
f 1884/2145/1881 1885/2147/1883 1803/2040/1776
f 1865/2044/1780 1936/2149/1885 1805/2043/1779
f 1886/2148/1884 1887/2150/1886 1805/2043/1779
f 1887/2150/1886 1888/2151/1887 1806/2045/1781
f 1888/2151/1887 1889/2152/1888 1807/2046/1782
f 1808/2047/1783 1889/2152/1888 1809/2048/1784
f 1809/2048/1784 1890/2153/1889 1810/2049/1785
f 1810/2049/1785 1891/2154/1890 1811/2050/1786
f 1811/2050/1786 1892/2155/1891 1812/2051/1787
f 1893/2156/1892 1894/2157/1893 1812/2051/1787
f 1894/2157/1893 1895/2158/1894 1813/2052/1788
f 1895/2158/1894 1896/2159/1895 1814/2053/1789
f 1816/2055/1791 2182/2056/1792 2195/2161/1897
f 2195/2161/1897 2182/2056/1792 1896/2159/1895
f 1815/2054/1790 1896/2159/1895 2182/2056/1792
f 2183/2057/1793 1816/2055/1791 2196/2162/1898
f 1817/2058/1794 2183/2057/1793 1898/2163/1899
f 1897/2160/1896 2196/2162/1898 1816/2055/1791
f 1817/2058/1794 1898/2163/1899 1818/2059/1795
f 1899/2164/1900 1900/2165/1901 1818/2059/1795
f 2184/2061/1797 1819/2060/1796 2197/2166/1902
f 1820/2062/1798 2184/2061/1797 1901/2167/1903
f 1900/2165/1901 2197/2166/1902 1819/2060/1796
f 1820/2062/1798 1901/2167/1903 1821/2063/1799
f 1822/2065/1801 1863/2064/1800 162/2170/1906
f 162/2170/1906 333/2169/1905 1903/2171/1907
f 1822/2065/1801 162/2170/1906 1823/2066/1802
f 1902/2168/1904 1903/2171/1907 333/2169/1905
f 1823/2066/1802 1903/2171/1907 1824/2067/1803
f 1824/2067/1803 1904/2172/1908 1825/2068/1804
f 1825/2068/1804 1905/2173/1909 1826/2069/1805
f 1826/2069/1805 1906/2174/1910 1827/2070/1806
f 1827/2070/1806 1907/2175/1911 1828/2071/1807
f 1908/2176/1912 1909/2177/1913 1828/2071/1807
f 1909/2177/1913 180/2179/1915 1829/2072/1808
f 1830/2073/1809 1829/2072/1808 180/2179/1915
f 1831/2074/1810 1830/2073/1809 180/2179/1915
f 1832/2075/1811 180/2179/1915 1833/2076/1812
f 1910/2178/1914 1911/2180/1916 1833/2076/1812
f 1911/2180/1916 1912/2181/1917 1834/2077/1813
f 1835/2078/1814 1912/2181/1917 1836/2079/1815
f 1913/2182/1918 1914/2183/1919 1836/2079/1815
f 1838/2087/1823 1861/2088/1824 267/2210/1946
f 1938/2185/1921 1839/2090/1826 267/2210/1946
f 1838/2087/1823 267/2210/1946 1839/2090/1826
f 1840/2091/1827 2185/2092/1828 2198/2187/1923
f 2198/2187/1923 2185/2092/1828 1915/2184/1920
f 1839/2090/1826 1915/2184/1920 2185/2092/1828
f 1866/2094/1830 1937/2189/1925 1841/2093/1829
f 1841/2093/1829 1917/2188/1924 1842/2095/1831
f 1842/2095/1831 1918/2190/1926 1843/2096/1832
f 1843/2096/1832 1919/2191/1927 1844/2097/1833
f 1920/2192/1928 1921/2193/1929 1844/2097/1833
f 1921/2193/1929 1922/2194/1930 1845/2098/1834
f 1922/2194/1930 1923/2195/1931 1846/2099/1835
f 1923/2195/1931 1924/2196/1932 1847/2100/1836
f 1924/2196/1932 1925/2197/1933 1848/2101/1837
f 1849/2102/1838 1925/2197/1933 1850/2103/1839
f 1851/2104/1840 1926/2198/1934 1852/2105/1841
f 1852/2105/1841 1927/2199/1935 1853/2106/1842
f 1853/2106/1842 1928/2200/1936 1854/2107/1843
f 1855/2108/1844 2186/2109/1845 2199/2203/1939
f 2199/2203/1939 2186/2109/1845 1929/2201/1937
f 1854/2107/1843 1929/2201/1937 2186/2109/1845
f 1864/2119/1855 1934/2205/1941 1856/2111/1847
f 1931/2204/1940 1932/2206/1942 1856/2111/1847
f 1932/2206/1942 328/2122/1858 1857/2112/1848
f 1858/2113/1849 1857/2112/1848 328/2122/1858
f 2187/2004/1740 1778/2002/1738 2200/2208/1944
f 1859/2005/1741 2187/2004/1740 1933/2209/1945
f 1874/2128/1864 2200/2208/1944 1778/2002/1738
f 1783/2011/1747 75/2013/1749 1665/1859/1595
f 1784/2018/1754 27/2133/1869 1673/1870/1606
f 25/2132/1868 1673/1870/1606 27/2133/1869
f 22/2131/1867 1673/1870/1606 25/2132/1868
f 20/2130/1866 1673/1870/1606 22/2131/1867
f 1938/2185/1921 2188/2114/1850 1939/2214/1950
f 1861/2088/1824 2188/2114/1850 267/2210/1946
f 1867/2117/1853 1939/2214/1950 2188/2114/1850
f 1879/2139/1875 105/2140/1876 1797/2033/1769
f 1862/2115/1851 1797/2033/1769 105/2140/1876
f 1902/2168/1904 333/2169/1905 1821/2063/1799
f 1863/2064/1800 1821/2063/1799 333/2169/1905
f 2189/2118/1854 1855/2108/1844 2201/2211/1947
f 1864/2119/1855 2189/2118/1854 1934/2205/1941
f 1930/2202/1938 2201/2211/1947 1855/2108/1844
f 1885/2147/1883 1936/2149/1885 1804/2042/1778
f 2190/2120/1856 1840/2091/1827 2202/2212/1948
f 1866/2094/1830 2190/2120/1856 1937/2189/1925
f 1916/2186/1922 2202/2212/1948 1840/2091/1827
f 2191/2116/1852 1837/2080/1816 2203/2213/1949
f 1867/2117/1853 2191/2116/1852 1939/2214/1950
f 1914/2183/1919 2203/2213/1949 1837/2080/1816
f 1868/2121/1857 8/2215/1951 1869/2123/1859
f 1870/2124/1860 1869/2123/1859 1989/2216/1952
f 1871/2125/1861 1989/2216/1952 1872/2126/1862
f 1872/2126/1862 1989/2216/1952 1873/2127/1863
f 2192/2129/1865 1873/2127/1863 2205/2218/1954
f 2192/2129/1865 2204/2219/1955 1874/2128/1864
f 1940/2217/1953 2205/2218/1954 1873/2127/1863
f 1941/2349/2085 1874/2128/1864 2204/2219/1955
f 1993/2220/1956 2193/2135/1871 1987/2286/2022
f 1875/2134/1870 2193/2135/1871 79/2221/1957
f 1933/2209/1945 1987/2286/2022 2193/2135/1871
f 334/2222/1958 90/2223/1959 1875/2134/1870
f 1876/2136/1872 1875/2134/1870 90/2223/1959
f 1993/2220/1956 1942/2224/1960 79/2221/1957
f 79/2221/1957 1878/2138/1874 334/2222/1958
f 334/2222/1958 1878/2138/1874 90/2223/1959
f 1877/2137/1873 90/2223/1959 1878/2138/1874
f 1942/2224/1960 1988/2225/1961 1878/2138/1874
f 1879/2139/1875 1878/2138/1874 94/2226/1962
f 1988/2225/1961 1880/2141/1877 94/2226/1962
f 1879/2139/1875 94/2226/1962 1880/2141/1877
f 1880/2141/1877 1988/2225/1961 1881/2142/1878
f 1881/2142/1878 1943/2227/1963 1882/2143/1879
f 1882/2143/1879 1944/2228/1964 1883/2144/1880
f 1884/2145/1881 2194/2146/1882 2206/2231/1967
f 2194/2146/1882 1883/2144/1880 2206/2231/1967
f 1945/2229/1965 2206/2231/1967 1883/2144/1880
f 1946/2230/1966 1947/2232/1968 1884/2145/1881
f 1936/2149/1885 1948/2289/2025 1886/2148/1884
f 1948/2289/2025 1949/2233/1969 1886/2148/1884
f 1949/2233/1969 127/2234/1970 1887/2150/1886
f 1889/2152/1888 127/2234/1970 1890/2153/1889
f 1890/2153/1889 1950/2235/1971 1891/2154/1890
f 1891/2154/1890 1951/2236/1972 1892/2155/1891
f 1892/2155/1891 1952/2237/1973 1893/2156/1892
f 1953/2238/1974 1954/2239/1975 1893/2156/1892
f 1954/2239/1975 139/2241/1977 1894/2157/1893
f 1895/2158/1894 1894/2157/1893 139/2241/1977
f 1897/2160/1896 2195/2161/1897 2207/2243/1979
f 2207/2243/1979 2195/2161/1897 1955/2240/1976
f 1955/2240/1976 2195/2161/1897 139/2241/1977
f 1896/2159/1895 139/2241/1977 2195/2161/1897
f 2196/2162/1898 1897/2160/1896 2208/2244/1980
f 1898/2163/1899 2196/2162/1898 1957/2245/1981
f 1956/2242/1978 2208/2244/1980 1897/2160/1896
f 1898/2163/1899 1957/2245/1981 1899/2164/1900
f 1958/2246/1982 1959/2247/1983 1899/2164/1900
f 2197/2166/1902 1900/2165/1901 2212/2248/1984
f 1991/2249/1985 156/2251/1987 2197/2166/1902
f 1959/2247/1983 2212/2248/1984 1900/2165/1901
f 1901/2167/1903 2197/2166/1902 156/2251/1987
f 1902/2168/1904 1901/2167/1903 156/2251/1987
f 1991/2249/1985 1960/2250/1986 156/2251/1987
f 1902/2168/1904 156/2251/1987 1903/2171/1907
f 1903/2171/1907 1960/2250/1986 1904/2172/1908
f 1904/2172/1908 1961/2252/1988 1905/2173/1909
f 1905/2173/1909 1962/2253/1989 1906/2174/1910
f 1906/2174/1910 1963/2254/1990 1907/2175/1911
f 1907/2175/1911 1964/2255/1991 1908/2176/1912
f 1965/2256/1992 1966/2257/1993 1908/2176/1912
f 1966/2257/1993 1967/2258/1994 182/2259/1995
f 1910/2178/1914 182/2259/1995 1911/2180/1916
f 1967/2258/1994 1968/2260/1996 1911/2180/1916
f 1912/2181/1917 1968/2260/1996 1913/2182/1918
f 1969/2261/1997 1970/2262/1998 1913/2182/1918
f 1938/2185/1921 1994/2264/2000 1915/2184/1920
f 1916/2186/1922 2198/2187/1923 2209/2266/2002
f 2209/2266/2002 2198/2187/1923 1971/2263/1999
f 1915/2184/1920 1971/2263/1999 2198/2187/1923
f 1937/2189/1925 1992/2268/2004 1917/2188/1924
f 1917/2188/1924 1973/2267/2003 1918/2190/1926
f 1918/2190/1926 1974/2269/2005 1919/2191/1927
f 1919/2191/1927 1975/2270/2006 1920/2192/1928
f 1976/2271/2007 1977/2272/2008 1920/2192/1928
f 1977/2272/2008 1978/2273/2009 1921/2193/1929
f 1978/2273/2009 1979/2274/2010 1922/2194/1930
f 1979/2274/2010 1980/2275/2011 1923/2195/1931
f 1980/2275/2011 1981/2276/2012 1924/2196/1932
f 1981/2276/2012 304/2278/2014 1925/2197/1933
f 1926/2198/1934 1925/2197/1933 304/2278/2014
f 1996/2277/2013 1982/2279/2015 304/2278/2014
f 1926/2198/1934 304/2278/2014 1927/2199/1935
f 1927/2199/1935 1982/2279/2015 1928/2200/1936
f 1928/2200/1936 1983/2280/2016 1929/2201/1937
f 1930/2202/1938 2199/2203/1939 2210/2283/2019
f 2210/2283/2019 2199/2203/1939 1984/2281/2017
f 1929/2201/1937 1984/2281/2017 2199/2203/1939
f 1990/2288/2024 1986/2285/2021 324/2284/2020
f 1931/2204/1940 324/2284/2020 1932/2206/1942
f 1987/2286/2022 2200/2208/1944 1941/2349/2085
f 1874/2128/1864 1941/2349/2085 2200/2208/1944
f 2201/2211/1947 1930/2202/1938 2211/2287/2023
f 1990/2288/2024 324/2284/2020 2201/2211/1947
f 1985/2282/2018 2211/2287/2023 1930/2202/1938
f 1934/2205/1941 2201/2211/1947 324/2284/2020
f 1966/2257/1993 182/2259/1995 1909/2177/1913
f 1910/2178/1914 1909/2177/1913 182/2259/1995
f 1986/2285/2021 8/2215/1951 1932/2206/1942
f 1935/2207/1943 1932/2206/1942 8/2215/1951
f 1947/2232/1968 1948/2289/2025 1885/2147/1883
f 2202/2212/1948 1916/2186/1922 2213/2290/2026
f 1937/2189/1925 2202/2212/1948 1992/2268/2004
f 1972/2265/2001 2213/2290/2026 1916/2186/1922
f 1995/2292/2028 1994/2264/2000 1939/2214/1950
f 2203/2213/1949 1914/2183/1919 2214/2291/2027
f 1939/2214/1950 2203/2213/1949 1995/2292/2028
f 1970/2262/1998 2214/2291/2027 1914/2183/1919
f 14/2556/2241 1940/2217/1953 335/2293/2029
f 2204/2219/1955 2205/2218/1954 2222/2294/2030
f 2204/2219/1955 2037/2295/2031 1941/2349/2085
f 2222/2294/2030 2205/2218/1954 2040/2354/2090
f 2040/2354/2090 2205/2218/1954 14/2556/2241
f 1940/2217/1953 14/2556/2241 2205/2218/1954
f 16/2300/2036 1941/2349/2085 2037/2295/2031
f 2034/2298/2034 1943/2227/1963 336/2357/2093
f 336/2357/2093 1943/2227/1963 107/2352/2088
f 1988/2225/1961 107/2352/2088 1943/2227/1963
f 1943/2227/1963 1997/2297/2033 1944/2228/1964
f 1944/2228/1964 16/2300/2036 1945/2229/1965
f 16/2300/2036 2037/2295/2031 1945/2229/1965
f 1998/2363/2099 1945/2229/1965 2037/2295/2031
f 1946/2230/1966 2206/2231/1967 2215/2302/2038
f 2206/2231/1967 1945/2229/1965 2215/2302/2038
f 1998/2363/2099 2215/2302/2038 1945/2229/1965
f 1947/2232/1968 1946/2230/1966 2216/2304/2040
f 1999/2301/2037 2216/2304/2040 1946/2230/1966
f 2039/2306/2042 1949/2233/1969 123/2351/2087
f 1948/2289/2025 123/2351/2087 1949/2233/1969
f 2001/2305/2041 127/2234/1970 1949/2233/1969
f 1950/2235/1971 2033/2307/2043 1951/2236/1972
f 1951/2236/1972 2002/2308/2044 1952/2237/1973
f 1952/2237/1973 2003/2309/2045 1953/2238/1974
f 2004/2310/2046 2005/2311/2047 1953/2238/1974
f 2005/2311/2047 2006/2312/2048 1954/2239/1975
f 1956/2242/1978 2207/2243/1979 2217/2314/2050
f 2217/2314/2050 2207/2243/1979 2006/2312/2048
f 1955/2240/1976 2006/2312/2048 2207/2243/1979
f 2208/2244/1980 1956/2242/1978 2218/2315/2051
f 1957/2245/1981 2208/2244/1980 2008/2316/2052
f 2007/2313/2049 2218/2315/2051 1956/2242/1978
f 1957/2245/1981 2008/2316/2052 1958/2246/1982
f 2009/2317/2053 2010/2318/2054 1958/2246/1982
f 166/2321/2057 1961/2252/1988 164/2319/2055
f 1960/2250/1986 164/2319/2055 1961/2252/1988
f 1961/2252/1988 166/2321/2057 1962/2253/1989
f 1962/2253/1989 2011/2320/2056 1963/2254/1990
f 1963/2254/1990 2012/2322/2058 1964/2255/1991
f 1964/2255/1991 2013/2323/2059 1965/2256/1992
f 2014/2324/2060 176/2326/2062 1965/2256/1992
f 1966/2257/1993 1965/2256/1992 176/2326/2062
f 2035/2325/2061 184/2328/2064 176/2326/2062
f 184/2328/2064 1967/2258/1994 176/2326/2062
f 1966/2257/1993 176/2326/2062 1967/2258/1994
f 2015/2327/2063 2016/2329/2065 184/2328/2064
f 1968/2260/1996 184/2328/2064 1969/2261/1997
f 2016/2329/2065 2017/2330/2066 1969/2261/1997
f 1972/2265/2001 2209/2266/2002 2219/2333/2069
f 2219/2333/2069 2209/2266/2002 2018/2358/2094
f 2018/2358/2094 2209/2266/2002 279/2331/2067
f 1971/2263/1999 279/2331/2067 2209/2266/2002
f 2038/2356/2092 2020/2335/2071 287/2334/2070
f 1973/2267/2003 287/2334/2070 1974/2269/2005
f 1974/2269/2005 2020/2335/2071 1975/2270/2006
f 1975/2270/2006 2021/2336/2072 1976/2271/2007
f 2022/2337/2073 2023/2338/2074 1976/2271/2007
f 2023/2338/2074 2024/2339/2075 1977/2272/2008
f 2024/2339/2075 2025/2340/2076 1978/2273/2009
f 2025/2340/2076 2026/2341/2077 1979/2274/2010
f 2026/2341/2077 2027/2342/2078 1980/2275/2011
f 1996/2277/2013 2041/2344/2080 1982/2279/2015
f 1982/2279/2015 2028/2343/2079 1983/2280/2016
f 1983/2280/2016 2029/2345/2081 1984/2281/2017
f 2210/2283/2019 1984/2281/2017 2221/2347/2083
f 2210/2283/2019 2220/2348/2084 1985/2282/2018
f 2030/2346/2082 2221/2347/2083 1984/2281/2017
f 2031/2557/2242 1985/2282/2018 2220/2348/2084
f 1986/2285/2021 1990/2288/2024 335/2293/2029
f 2032/2350/2086 1941/2349/2085 111/2299/2035
f 16/2300/2036 111/2299/2035 1941/2349/2085
f 2000/2303/2039 2039/2306/2042 1947/2232/1968
f 1948/2289/2025 1947/2232/1968 123/2351/2087
f 1988/2225/1961 1942/2224/1960 107/2352/2088
f 336/2357/2093 107/2352/2088 92/2296/2032
f 1989/2216/1952 1986/2285/2021 335/2293/2029
f 2211/2287/2023 1985/2282/2018 2224/2353/2089
f 2040/2354/2090 14/2556/2241 2211/2287/2023
f 2031/2557/2242 2224/2353/2089 1985/2282/2018
f 14/2556/2241 335/2293/2029 2211/2287/2023
f 1990/2288/2024 2211/2287/2023 335/2293/2029
f 166/2321/2057 2212/2248/1984 2010/2318/2054
f 1991/2249/1985 2212/2248/1984 164/2319/2055
f 1959/2247/1983 2010/2318/2054 2212/2248/1984
f 2213/2290/2026 1972/2265/2001 2223/2355/2091
f 2038/2356/2092 287/2334/2070 2213/2290/2026
f 2019/2332/2068 2223/2355/2091 1972/2265/2001
f 1992/2268/2004 2213/2290/2026 287/2334/2070
f 2032/2350/2086 2034/2298/2034 1987/2286/2022
f 336/2357/2093 92/2296/2032 1987/2286/2022
f 1993/2220/1956 1987/2286/2022 92/2296/2032
f 2036/2359/2095 2018/2358/2094 1995/2292/2028
f 1994/2264/2000 1995/2292/2028 279/2331/2067
f 2036/2359/2095 2214/2291/2027 2017/2330/2066
f 1970/2262/1998 2017/2330/2066 2214/2291/2027
f 2027/2342/2078 2041/2344/2080 1981/2276/2012
f 337/2361/2097 111/2299/2035 1997/2297/2033
f 2037/2295/2031 2073/2364/2100 1998/2363/2099
f 1999/2301/2037 2215/2302/2038 2225/2366/2102
f 2215/2302/2038 1998/2363/2099 2225/2366/2102
f 2042/2362/2098 2225/2366/2102 1998/2363/2099
f 2216/2304/2040 1999/2301/2037 2226/2367/2103
f 2000/2303/2039 2216/2304/2040 2044/2368/2104
f 2043/2365/2101 2226/2367/2103 1999/2301/2037
f 2039/2306/2042 2077/2370/2106 2001/2305/2041
f 2075/2411/2147 2046/2371/2107 129/2372/2108
f 2033/2307/2043 129/2372/2108 2002/2308/2044
f 2002/2308/2044 2046/2371/2107 2003/2309/2045
f 2003/2309/2045 2047/2373/2109 2004/2310/2046
f 2048/2374/2110 137/2376/2112 2004/2310/2046
f 2005/2311/2047 2004/2310/2046 137/2376/2112
f 2007/2313/2049 2217/2314/2050 2227/2378/2114
f 2227/2378/2114 2217/2314/2050 2049/2375/2111
f 2049/2375/2111 2217/2314/2050 137/2376/2112
f 2006/2312/2048 137/2376/2112 2217/2314/2050
f 2218/2315/2051 2007/2313/2049 2229/2379/2115
f 2218/2315/2051 2228/2380/2116 2008/2316/2052
f 2050/2377/2113 2229/2379/2115 2007/2313/2049
f 2051/2382/2118 2008/2316/2052 2228/2380/2116
f 2008/2316/2052 2051/2382/2118 2009/2317/2053
f 2052/2381/2117 2053/2383/2119 2009/2317/2053
f 168/2385/2121 2011/2320/2056 166/2321/2057
f 2074/2410/2146 2054/2384/2120 168/2385/2121
f 2011/2320/2056 168/2385/2121 2012/2322/2058
f 2012/2322/2058 2054/2384/2120 2013/2323/2059
f 2055/2386/2122 174/2388/2124 2013/2323/2059
f 2014/2324/2060 2013/2323/2059 174/2388/2124
f 2056/2387/2123 2016/2329/2065 174/2388/2124
f 174/2388/2124 2016/2329/2065 338/2389/2125
f 2015/2327/2063 338/2389/2125 2016/2329/2065
f 2057/2390/2126 2058/2391/2127 2016/2329/2065
f 2019/2332/2068 2219/2333/2069 2230/2394/2130
f 2230/2394/2130 2219/2333/2069 2059/2412/2148
f 2059/2412/2148 2219/2333/2069 339/2392/2128
f 2018/2358/2094 339/2392/2128 2219/2333/2069
f 2038/2356/2092 2076/2396/2132 2020/2335/2071
f 2020/2335/2071 2061/2395/2131 2021/2336/2072
f 2021/2336/2072 2062/2397/2133 2022/2337/2073
f 2063/2398/2134 2064/2399/2135 2022/2337/2073
f 2064/2399/2135 2065/2400/2136 2023/2338/2074
f 2065/2400/2136 2066/2401/2137 2024/2339/2075
f 2066/2401/2137 2067/2402/2138 2025/2340/2076
f 2067/2402/2138 2068/2403/2139 2026/2341/2077
f 2041/2344/2080 2079/2405/2141 2028/2343/2079
f 2028/2343/2079 2069/2404/2140 2029/2345/2081
f 2029/2345/2081 2070/2406/2142 2030/2346/2082
f 2220/2348/2084 2221/2347/2083 2232/2408/2144
f 2220/2348/2084 2231/2409/2145 2031/2557/2242
f 2232/2408/2144 2221/2347/2083 2071/2407/2143
f 2030/2346/2082 2071/2407/2143 2221/2347/2083
f 2072/2558/2243 2031/2557/2242 2231/2409/2145
f 337/2361/2097 2032/2350/2086 111/2299/2035
f 2053/2383/2119 2074/2410/2146 2010/2318/2054
f 168/2385/2121 166/2321/2057 2010/2318/2054
f 2045/2369/2105 129/2372/2108 2001/2305/2041
f 2033/2307/2043 2001/2305/2041 129/2372/2108
f 2034/2298/2034 2032/2350/2086 109/2360/2096
f 2035/2325/2061 2014/2324/2060 338/2389/2125
f 2058/2391/2127 2059/2412/2148 2017/2330/2066
f 2036/2359/2095 2017/2330/2066 339/2392/2128
f 2233/2413/2149 2222/2294/2030 2078/2416/2152
f 2037/2295/2031 2222/2294/2030 2073/2364/2100
f 2040/2354/2090 2078/2416/2152 2222/2294/2030
f 2223/2355/2091 2019/2332/2068 2234/2414/2150
f 2038/2356/2092 2223/2355/2091 2076/2396/2132
f 2060/2393/2129 2234/2414/2150 2019/2332/2068
f 2044/2368/2104 2077/2370/2106 2000/2303/2039
f 2224/2353/2089 2031/2557/2242 2235/2415/2151
f 2040/2354/2090 2224/2353/2089 2078/2416/2152
f 2072/2558/2243 2235/2415/2151 2031/2557/2242
f 2068/2403/2139 2079/2405/2141 2027/2342/2078
f 2101/2417/2153 2225/2366/2102 2080/2455/2191
f 2225/2366/2102 340/2418/2154 2043/2365/2101
f 2080/2455/2191 2225/2366/2102 2042/2362/2098
f 114/2559/2244 2043/2365/2101 340/2418/2154
f 2044/2368/2104 2226/2367/2103 2236/2420/2156
f 2236/2420/2156 2226/2367/2103 2100/2454/2190
f 2226/2367/2103 2043/2365/2101 2100/2454/2190
f 114/2559/2244 2100/2454/2190 2043/2365/2101
f 2045/2369/2105 2077/2370/2106 131/2422/2158
f 2103/2421/2157 2047/2373/2109 131/2422/2158
f 2046/2371/2107 131/2422/2158 2047/2373/2109
f 2047/2373/2109 2082/2423/2159 2048/2374/2110
f 2050/2377/2113 2227/2378/2114 2237/2426/2162
f 2237/2426/2162 2227/2378/2114 2083/2424/2160
f 2049/2375/2111 2083/2424/2160 2227/2378/2114
f 2229/2379/2115 2050/2377/2113 2239/2427/2163
f 2229/2379/2115 2238/2428/2164 2228/2380/2116
f 2084/2425/2161 2239/2427/2163 2050/2377/2113
f 2238/2428/2164 2085/2430/2166 2228/2380/2116
f 2051/2382/2118 2228/2380/2116 2085/2430/2166
f 2051/2382/2118 2085/2430/2166 2052/2381/2117
f 151/2429/2165 2102/2431/2167 2052/2381/2117
f 2052/2381/2117 342/2432/2168 2053/2383/2119
f 342/2432/2168 2106/2440/2176 2053/2383/2119
f 2086/2471/2207 2053/2383/2119 2106/2440/2176
f 2055/2386/2122 170/2433/2169 172/2434/2170
f 341/2456/2192 172/2434/2170 170/2433/2169
f 2104/2436/2172 2057/2390/2126 341/2456/2192
f 341/2456/2192 2057/2390/2126 172/2434/2170
f 2056/2387/2123 172/2434/2170 2057/2390/2126
f 2087/2435/2171 2088/2437/2173 2057/2390/2126
f 2088/2437/2173 2089/2438/2174 2058/2391/2127
f 2060/2393/2129 2230/2394/2130 2241/2439/2175
f 342/2432/2168 2060/2393/2129 2106/2440/2176
f 2241/2439/2175 2230/2394/2130 2089/2438/2174
f 2059/2412/2148 2089/2438/2174 2230/2394/2130
f 2108/2458/2194 2090/2442/2178 289/2441/2177
f 2061/2395/2131 289/2441/2177 2062/2397/2133
f 2062/2397/2133 2090/2442/2178 2063/2398/2134
f 2091/2443/2179 2092/2444/2180 2063/2398/2134
f 2092/2444/2180 2093/2445/2181 2064/2399/2135
f 2093/2445/2181 2094/2446/2182 2065/2400/2136
f 2094/2446/2182 2095/2447/2183 2066/2401/2137
f 2095/2447/2183 2096/2448/2184 2067/2402/2138
f 2079/2405/2141 2107/2450/2186 2069/2404/2140
f 2069/2404/2140 2097/2449/2185 2070/2406/2142
f 2070/2406/2142 2098/2451/2187 2071/2407/2143
f 2231/2409/2145 2232/2408/2144 2240/2453/2189
f 2100/2454/2190 114/2559/2244 2231/2409/2145
f 2240/2453/2189 2232/2408/2144 2099/2452/2188
f 2071/2407/2143 2099/2452/2188 2232/2408/2144
f 2231/2409/2145 114/2559/2244 2072/2558/2243
f 340/2418/2154 2072/2558/2243 114/2559/2244
f 2080/2455/2191 2233/2413/2149 2105/2459/2195
f 2073/2364/2100 2233/2413/2149 2042/2362/2098
f 2078/2416/2152 2105/2459/2195 2233/2413/2149
f 2086/2471/2207 2104/2436/2172 2053/2383/2119
f 341/2456/2192 170/2433/2169 2053/2383/2119
f 2074/2410/2146 2053/2383/2119 170/2433/2169
f 2075/2411/2147 2045/2369/2105 131/2422/2158
f 2234/2414/2150 2060/2393/2129 2242/2457/2193
f 2108/2458/2194 289/2441/2177 2234/2414/2150
f 2242/2457/2193 2060/2393/2129 151/2429/2165
f 342/2432/2168 2102/2431/2167 2060/2393/2129
f 2076/2396/2132 2234/2414/2150 289/2441/2177
f 2081/2419/2155 2103/2421/2157 2044/2368/2104
f 2077/2370/2106 2044/2368/2104 2103/2421/2157
f 2105/2459/2195 2235/2415/2151 2101/2417/2153
f 2235/2415/2151 2072/2558/2243 2101/2417/2153
f 340/2418/2154 2101/2417/2153 2072/2558/2243
f 2096/2448/2184 2107/2450/2186 2068/2403/2139
f 2124/2461/2197 2236/2420/2156 2119/2488/2224
f 2081/2419/2155 2236/2420/2156 116/2462/2198
f 2100/2454/2190 2119/2488/2224 2236/2420/2156
f 2083/2424/2160 2082/2423/2159 135/2464/2200
f 344/2489/2225 135/2464/2200 133/2463/2199
f 2243/2465/2201 2237/2426/2162 2124/2461/2197
f 2109/2466/2202 313/2560/2245 2237/2426/2162
f 2124/2461/2197 2237/2426/2162 116/2462/2198
f 116/2462/2198 2237/2426/2162 344/2489/2225
f 344/2489/2225 2237/2426/2162 135/2464/2200
f 2083/2424/2160 135/2464/2200 2237/2426/2162
f 2237/2426/2162 313/2560/2245 2084/2425/2161
f 313/2560/2245 311/2486/2222 2084/2425/2161
f 147/2485/2221 2084/2425/2161 311/2486/2222
f 2238/2428/2164 2239/2427/2163 2245/2467/2203
f 2238/2428/2164 2123/2468/2204 2085/2430/2166
f 2245/2467/2203 2239/2427/2163 309/2483/2219
f 2239/2427/2163 2084/2425/2161 309/2483/2219
f 147/2485/2221 309/2483/2219 2084/2425/2161
f 149/2469/2205 2085/2430/2166 2123/2468/2204
f 2088/2437/2173 2087/2435/2171 2111/2474/2210
f 2111/2474/2210 2087/2435/2171 2110/2490/2226
f 189/2472/2208 2110/2490/2226 2087/2435/2171
f 2108/2458/2194 2122/2476/2212 2090/2442/2178
f 2090/2442/2178 2112/2475/2211 2091/2443/2179
f 2113/2477/2213 2114/2478/2214 2091/2443/2179
f 2114/2478/2214 2115/2479/2215 2092/2444/2180
f 2115/2479/2215 2116/2480/2216 2093/2445/2181
f 2116/2480/2216 2117/2481/2217 2094/2446/2182
f 2117/2481/2217 2118/2482/2218 2095/2447/2183
f 2107/2450/2186 2120/2484/2220 2097/2449/2185
f 2097/2449/2185 147/2485/2221 2098/2451/2187
f 311/2486/2222 2098/2451/2187 147/2485/2221
f 313/2560/2245 2099/2452/2188 311/2486/2222
f 2240/2453/2189 2099/2452/2188 2244/2487/2223
f 2100/2454/2190 2240/2453/2189 2119/2488/2224
f 2244/2487/2223 2099/2452/2188 2109/2466/2202
f 313/2560/2245 2109/2466/2202 2099/2452/2188
f 344/2489/2225 133/2463/2199 2081/2419/2155
f 2103/2421/2157 2081/2419/2155 133/2463/2199
f 2110/2490/2226 2086/2471/2207 2121/2491/2227
f 2104/2436/2172 2086/2471/2207 189/2472/2208
f 153/2470/2206 2121/2491/2227 2086/2471/2207
f 2121/2491/2227 2241/2439/2175 2111/2474/2210
f 2106/2440/2176 2241/2439/2175 153/2470/2206
f 2111/2474/2210 2241/2439/2175 191/2473/2209
f 2089/2438/2174 191/2473/2209 2241/2439/2175
f 2118/2482/2218 2120/2484/2220 2096/2448/2184
f 2108/2458/2194 2242/2457/2193 2123/2468/2204
f 2123/2468/2204 2242/2457/2193 149/2469/2205
f 149/2469/2205 2242/2457/2193 151/2429/2165
f 2102/2431/2167 151/2429/2165 2060/2393/2129
f 2109/2466/2202 2243/2465/2201 348/2492/2228
f 2113/2477/2213 291/2494/2230 293/2495/2231
f 347/2501/2237 293/2495/2231 291/2494/2230
f 2114/2478/2214 2113/2477/2213 295/2496/2232
f 2115/2479/2215 2114/2478/2214 297/2497/2233
f 2116/2480/2216 2115/2479/2215 299/2498/2234
f 2117/2481/2217 2116/2480/2216 301/2499/2235
f 2118/2482/2218 2117/2481/2217 301/2499/2235
f 2119/2488/2224 2244/2487/2223 348/2492/2228
f 2120/2484/2220 2118/2482/2218 345/2500/2236
f 2122/2476/2212 2123/2468/2204 291/2494/2230
f 309/2483/2219 345/2500/2236 2245/2467/2203
f 345/2500/2236 301/2499/2235 2245/2467/2203
f 301/2499/2235 299/2498/2234 2245/2467/2203
f 299/2498/2234 297/2497/2233 2245/2467/2203
f 297/2497/2233 295/2496/2232 2245/2467/2203
f 295/2496/2232 293/2495/2231 2245/2467/2203
f 293/2495/2231 347/2501/2237 2245/2467/2203
f 2123/2468/2204 2245/2467/2203 347/2501/2237
usemtl Layer_1_Extrusion_Material
f 2267/2564/2248 2246/2565/2249 2247/2566/389
f 2267/2564/2248 2247/2566/389 2268/2567/389
f 2268/2567/389 2247/2566/389 2248/2568/2250
f 2268/2567/389 2248/2568/2250 2269/2569/2250
f 2269/2569/2250 2248/2568/2250 2249/2570/2251
f 2269/2569/2250 2249/2570/2251 2270/2571/2251
f 2270/2571/2251 2249/2570/2251 2250/2572/395
f 2270/2571/2251 2250/2572/395 2271/2573/395
f 2271/2573/395 2250/2572/395 2251/2574/2252
f 2271/2573/395 2251/2574/2252 2272/2575/2252
f 2272/2575/2252 2251/2574/2252 2252/2576/2253
f 2272/2575/2252 2252/2576/2253 2273/2577/2253
f 2273/2577/2253 2252/2576/2253 2253/2578/401
f 2273/2577/2253 2253/2578/401 2274/2579/401
f 2274/2579/401 2253/2578/401 2254/2580/404
f 2274/2579/401 2254/2580/404 2275/2581/404
f 2275/2581/404 2254/2580/404 2255/2582/2254
f 2275/2581/404 2255/2582/2254 2276/2583/2254
f 2276/2583/2254 2255/2582/2254 2256/2584/2255
f 2276/2583/2254 2256/2584/2255 2277/2585/2255
f 2277/2585/2255 2256/2584/2255 2257/2586/1
f 2277/2585/2255 2257/2586/1 2278/2587/1
f 2278/2587/1 2257/2586/1 2258/2588/2256
f 2278/2587/1 2258/2588/2256 2279/2589/2256
f 2279/2590/2256 2258/2591/2256 2259/2592/2257
f 2279/2590/2256 2259/2592/2257 2280/2593/2257
f 2280/2593/2257 2259/2592/2257 2260/2594/2258
f 2280/2593/2257 2260/2594/2258 2281/2595/2258
f 2281/2595/2258 2260/2594/2258 2261/2596/10
f 2281/2595/2258 2261/2596/10 2282/2597/2259
f 2282/2597/2259 2261/2596/10 2262/2598/2260
f 2282/2597/2259 2262/2598/2260 2283/2599/2260
f 2283/2599/2260 2262/2598/2260 2263/2600/14
f 2283/2599/2260 2263/2600/14 2284/2601/14
f 2284/2601/14 2263/2600/14 2264/2602/2261
f 2284/2601/14 2264/2602/2261 2285/2603/2261
f 2285/2603/2261 2264/2602/2261 2265/2604/2262
f 2285/2603/2261 2265/2604/2262 2286/2605/2262
f 2286/2605/2262 2265/2604/2262 2266/2606/2263
f 2286/2605/2262 2266/2606/2263 2287/2607/2263
f 2326/2608/2264 2288/2609/2264 2289/2610/22
f 2326/2608/2264 2289/2610/22 2327/2611/22
f 2327/2611/22 2289/2610/22 2290/2612/24
f 2327/2611/22 2290/2612/24 2328/2613/24
f 2328/2613/24 2290/2612/24 2291/2614/2265
f 2328/2613/24 2291/2614/2265 2329/2615/2265
f 2329/2615/2265 2291/2614/2265 2292/2616/29
f 2329/2615/2265 2292/2616/29 2330/2617/29
f 2330/2617/29 2292/2616/29 2293/2618/2266
f 2330/2617/29 2293/2618/2266 2331/2619/2266
f 2331/2619/2266 2293/2618/2266 2294/2620/32
f 2331/2619/2266 2294/2620/32 2332/2621/32
f 2332/2621/32 2294/2620/32 2295/2622/2267
f 2332/2621/32 2295/2622/2267 2333/2623/2267
f 2333/2624/2267 2295/2625/2267 2296/2626/2268
f 2333/2624/2267 2296/2626/2268 2334/2627/2268
f 2334/2627/2268 2296/2626/2268 2297/2628/2269
f 2334/2627/2268 2297/2628/2269 2335/2629/2269
f 2335/2629/2269 2297/2628/2269 2298/2630/2270
f 2335/2629/2269 2298/2630/2270 2336/2631/2270
f 2336/2631/2270 2298/2630/2270 2299/2632/2271
f 2336/2631/2270 2299/2632/2271 2337/2633/2271
f 2337/2633/2271 2299/2632/2271 2300/2634/2272
f 2337/2633/2271 2300/2634/2272 2338/2635/2272
f 2338/2635/2272 2300/2634/2272 2301/2636/2273
f 2338/2635/2272 2301/2636/2273 2339/2637/2273
f 2339/2637/2273 2301/2636/2273 2302/2638/2274
f 2339/2637/2273 2302/2638/2274 2340/2639/2274
f 2340/2639/2274 2302/2638/2274 2303/2640/50
f 2340/2639/2274 2303/2640/50 2341/2641/50
f 2341/2641/50 2303/2640/50 2304/2642/2275
f 2341/2641/50 2304/2642/2275 2342/2643/2275
f 2342/2643/2275 2304/2642/2275 2305/2644/2276
f 2342/2643/2275 2305/2644/2276 2343/2645/2277
f 2343/2645/2277 2305/2644/2276 2306/2646/2278
f 2343/2645/2277 2306/2646/2278 2344/2647/2278
f 2344/2647/2278 2306/2646/2278 2307/2648/59
f 2344/2647/2278 2307/2648/59 2345/2649/59
f 2345/2649/59 2307/2648/59 2308/2650/2279
f 2345/2649/59 2308/2650/2279 2346/2651/2279
f 2346/2651/2279 2308/2650/2279 2309/2652/2280
f 2346/2651/2279 2309/2652/2280 2347/2653/2280
f 2347/2653/2280 2309/2652/2280 2310/2654/2281
f 2347/2653/2280 2310/2654/2281 2348/2655/2281
f 2348/2655/2281 2310/2654/2281 2311/2656/2282
f 2348/2655/2281 2311/2656/2282 2349/2657/2283
f 2349/2657/2283 2311/2656/2282 2312/2658/2284
f 2349/2657/2283 2312/2658/2284 2350/2659/2284
f 2350/2660/2284 2312/2661/2284 2313/2662/2285
f 2350/2660/2284 2313/2662/2285 2351/2663/2285
f 2351/2663/2285 2313/2662/2285 2314/2664/2286
f 2351/2663/2285 2314/2664/2286 2352/2665/2286
f 2352/2665/2286 2314/2664/2286 2315/2666/2287
f 2352/2665/2286 2315/2666/2287 2353/2667/2288
f 2353/2667/2288 2315/2666/2287 2316/2668/76
f 2353/2667/2288 2316/2668/76 2354/2669/76
f 2354/2669/76 2316/2668/76 2317/2670/2289
f 2354/2669/76 2317/2670/2289 2355/2671/2289
f 2355/2671/2289 2317/2670/2289 2318/2672/2290
f 2355/2671/2289 2318/2672/2290 2356/2673/2290
f 2356/2673/2290 2318/2672/2290 2319/2674/2291
f 2356/2673/2290 2319/2674/2291 2357/2675/2291
f 2357/2675/2291 2319/2674/2291 2320/2676/85
f 2357/2675/2291 2320/2676/85 2358/2677/85
f 2358/2677/85 2320/2676/85 2321/2678/2292
f 2358/2677/85 2321/2678/2292 2359/2679/2292
f 2359/2679/2292 2321/2678/2292 2322/2680/89
f 2359/2679/2292 2322/2680/89 2360/2681/89
f 2360/2681/89 2322/2680/89 2323/2682/91
f 2360/2681/89 2323/2682/91 2361/2683/91
f 2361/2683/91 2323/2682/91 2324/2684/2293
f 2361/2683/91 2324/2684/2293 2362/2685/2293
f 2362/2685/2293 2324/2684/2293 2325/2686/2294
f 2362/2685/2293 2325/2686/2294 2363/2687/2294
f 2410/2688/2295 2364/2689/2295 2365/2690/2296
f 2410/2688/2295 2365/2690/2296 2411/2691/2296
f 2411/2691/2296 2365/2690/2296 2366/2692/98
f 2411/2691/2296 2366/2692/98 2412/2693/98
f 2412/2694/98 2366/2695/98 2367/2696/2297
f 2412/2694/98 2367/2696/2297 2413/2697/2297
f 2413/2697/2297 2367/2696/2297 2368/2698/2298
f 2413/2697/2297 2368/2698/2298 2414/2699/2299
f 2414/2699/2299 2368/2698/2298 2369/2700/2300
f 2414/2699/2299 2369/2700/2300 2415/2701/2300
f 2415/2701/2300 2369/2700/2300 2370/2702/2301
f 2415/2701/2300 2370/2702/2301 2416/2703/2301
f 2416/2703/2301 2370/2702/2301 2371/2704/109
f 2416/2703/2301 2371/2704/109 2417/2705/2302
f 2417/2705/2302 2371/2704/109 2372/2706/2303
f 2417/2705/2302 2372/2706/2303 2418/2707/2303
f 2418/2707/2303 2372/2706/2303 2373/2708/113
f 2418/2707/2303 2373/2708/113 2419/2709/113
f 2419/2709/113 2373/2708/113 2374/2710/2304
f 2419/2709/113 2374/2710/2304 2420/2711/2304
f 2420/2711/2304 2374/2710/2304 2375/2712/2305
f 2420/2711/2304 2375/2712/2305 2421/2713/2305
f 2421/2713/2305 2375/2712/2305 2376/2714/2306
f 2421/2713/2305 2376/2714/2306 2422/2715/2306
f 2422/2715/2306 2376/2714/2306 2377/2716/121
f 2422/2715/2306 2377/2716/121 2423/2717/121
f 2423/2717/121 2377/2716/121 2378/2718/2307
f 2423/2717/121 2378/2718/2307 2424/2719/2307
f 2424/2719/2307 2378/2718/2307 2379/2720/2308
f 2424/2719/2307 2379/2720/2308 2425/2721/2308
f 2425/2721/2308 2379/2720/2308 2380/2722/2309
f 2425/2721/2308 2380/2722/2309 2426/2723/2309
f 2426/2723/2309 2380/2722/2309 2381/2724/2310
f 2426/2723/2309 2381/2724/2310 2427/2725/2310
f 2427/2725/2310 2381/2724/2310 2382/2726/2311
f 2427/2725/2310 2382/2726/2311 2428/2727/2311
f 2428/2728/2311 2382/2729/2311 2383/2730/2312
f 2428/2728/2311 2383/2730/2312 2429/2731/2312
f 2429/2731/2312 2383/2730/2312 2384/2732/2313
f 2429/2731/2312 2384/2732/2313 2430/2733/2313
f 2430/2733/2313 2384/2732/2313 2385/2734/2314
f 2430/2733/2313 2385/2734/2314 2431/2735/2314
f 2431/2735/2314 2385/2734/2314 2386/2736/2315
f 2431/2735/2314 2386/2736/2315 2432/2737/2315
f 2432/2737/2315 2386/2736/2315 2387/2738/2316
f 2432/2737/2315 2387/2738/2316 2433/2739/2316
f 2433/2739/2316 2387/2738/2316 2388/2740/2317
f 2433/2739/2316 2388/2740/2317 2434/2741/2317
f 2434/2742/2317 2388/2743/2317 2389/2744/2318
f 2434/2742/2317 2389/2744/2318 2435/2745/2318
f 2435/2745/2318 2389/2744/2318 2390/2746/2319
f 2435/2745/2318 2390/2746/2319 2436/2747/2320
f 2436/2747/2320 2390/2746/2319 2391/2748/2321
f 2436/2747/2320 2391/2748/2321 2437/2749/2321
f 2437/2749/2321 2391/2748/2321 2392/2750/2322
f 2437/2749/2321 2392/2750/2322 2438/2751/2322
f 2438/2751/2322 2392/2750/2322 2393/2752/2323
f 2438/2751/2322 2393/2752/2323 2439/2753/2323
f 2439/2753/2323 2393/2752/2323 2394/2754/2324
f 2439/2753/2323 2394/2754/2324 2440/2755/2324
f 2440/2755/2324 2394/2754/2324 2395/2756/2325
f 2440/2755/2324 2395/2756/2325 2441/2757/2325
f 2441/2757/2325 2395/2756/2325 2396/2758/2326
f 2441/2757/2325 2396/2758/2326 2442/2759/2326
f 2442/2759/2326 2396/2758/2326 2397/2760/2327
f 2442/2759/2326 2397/2760/2327 2443/2761/2327
f 2443/2761/2327 2397/2760/2327 2398/2762/2328
f 2443/2761/2327 2398/2762/2328 2444/2763/2328
f 2444/2763/2328 2398/2762/2328 2399/2764/163
f 2444/2763/2328 2399/2764/163 2445/2765/163
f 2445/2765/163 2399/2764/163 2400/2766/165
f 2445/2765/163 2400/2766/165 2446/2767/165
f 2446/2767/165 2400/2766/165 2401/2768/2329
f 2446/2767/165 2401/2768/2329 2447/2769/2329
f 2447/2769/2329 2401/2768/2329 2402/2770/2330
f 2447/2769/2329 2402/2770/2330 2448/2771/2330
f 2448/2772/2330 2402/2773/2330 2403/2774/2331
f 2448/2772/2330 2403/2774/2331 2449/2775/2331
f 2449/2775/2331 2403/2774/2331 2404/2776/172
f 2449/2775/2331 2404/2776/172 2450/2777/172
f 2450/2777/172 2404/2776/172 2405/2778/2332
f 2450/2777/172 2405/2778/2332 2451/2779/2332
f 2451/2779/2332 2405/2778/2332 2406/2780/177
f 2451/2779/2332 2406/2780/177 2452/2781/177
f 2452/2781/177 2406/2780/177 2407/2782/2333
f 2452/2781/177 2407/2782/2333 2453/2783/2334
f 2453/2783/2334 2407/2782/2333 2408/2784/180
f 2453/2783/2334 2408/2784/180 2454/2785/180
f 2454/2785/180 2408/2784/180 2409/2786/2335
f 2454/2785/180 2409/2786/2335 2455/2787/2336
f 2484/2788/2337 2456/2789/2337 2457/2790/2338
f 2484/2788/2337 2457/2790/2338 2485/2791/2338
f 2485/2791/2338 2457/2790/2338 2458/2792/2339
f 2485/2791/2338 2458/2792/2339 2486/2793/2339
f 2486/2793/2339 2458/2792/2339 2459/2794/2340
f 2486/2793/2339 2459/2794/2340 2487/2795/2341
f 2487/2795/2341 2459/2794/2340 2460/2796/2342
f 2487/2795/2341 2460/2796/2342 2488/2797/2342
f 2488/2797/2342 2460/2796/2342 2461/2798/2343
f 2488/2797/2342 2461/2798/2343 2489/2799/2343
f 2489/2799/2343 2461/2798/2343 2462/2800/194
f 2489/2799/2343 2462/2800/194 2490/2801/194
f 2490/2801/194 2462/2800/194 2463/2802/2344
f 2490/2801/194 2463/2802/2344 2491/2803/2344
f 2491/2803/2344 2463/2802/2344 2464/2804/2345
f 2491/2803/2344 2464/2804/2345 2492/2805/2345
f 2492/2805/2345 2464/2804/2345 2465/2806/2346
f 2492/2805/2345 2465/2806/2346 2493/2807/2346
f 2493/2807/2346 2465/2806/2346 2466/2808/2347
f 2493/2807/2346 2466/2808/2347 2494/2809/2347
f 2494/2809/2347 2466/2808/2347 2467/2810/2348
f 2494/2809/2347 2467/2810/2348 2495/2811/2348
f 2495/2811/2348 2467/2810/2348 2468/2812/206
f 2495/2811/2348 2468/2812/206 2496/2813/206
f 2496/2813/206 2468/2812/206 2469/2814/208
f 2496/2813/206 2469/2814/208 2497/2815/208
f 2497/2816/208 2469/2817/208 2470/2818/2349
f 2497/2816/208 2470/2818/2349 2498/2819/2349
f 2498/2819/2349 2470/2818/2349 2471/2820/2350
f 2498/2819/2349 2471/2820/2350 2499/2821/2350
f 2499/2821/2350 2471/2820/2350 2472/2822/2351
f 2499/2821/2350 2472/2822/2351 2500/2823/2351
f 2500/2823/2351 2472/2822/2351 2473/2824/215
f 2500/2823/2351 2473/2824/215 2501/2825/215
f 2501/2825/215 2473/2824/215 2474/2826/217
f 2501/2825/215 2474/2826/217 2502/2827/217
f 2502/2827/217 2474/2826/217 2475/2828/2352
f 2502/2827/217 2475/2828/2352 2503/2829/2352
f 2503/2829/2352 2475/2828/2352 2476/2830/2353
f 2503/2829/2352 2476/2830/2353 2504/2831/2353
f 2504/2831/2353 2476/2830/2353 2477/2832/2354
f 2504/2831/2353 2477/2832/2354 2505/2833/2354
f 2505/2833/2354 2477/2832/2354 2478/2834/2355
f 2505/2833/2354 2478/2834/2355 2506/2835/2355
f 2506/2835/2355 2478/2834/2355 2479/2836/2356
f 2506/2835/2355 2479/2836/2356 2507/2837/2356
f 2507/2837/2356 2479/2836/2356 2480/2838/2357
f 2507/2837/2356 2480/2838/2357 2508/2839/2357
f 2508/2839/2357 2480/2838/2357 2481/2840/2358
f 2508/2839/2357 2481/2840/2358 2509/2841/2358
f 2509/2841/2358 2481/2840/2358 2482/2842/233
f 2509/2841/2358 2482/2842/233 2510/2843/233
f 2510/2843/233 2482/2842/233 2483/2844/2359
f 2510/2843/233 2483/2844/2359 2511/2845/2359
f 2552/2846/2360 2512/2847/2360 2513/2848/2361
f 2552/2846/2360 2513/2848/2361 2553/2849/2361
f 2553/2849/2361 2513/2848/2361 2514/2850/2362
f 2553/2849/2361 2514/2850/2362 2554/2851/2362
f 2554/2851/2362 2514/2850/2362 2515/2852/2363
f 2554/2851/2362 2515/2852/2363 2555/2853/2363
f 2555/2853/2363 2515/2852/2363 2516/2854/2364
f 2555/2853/2363 2516/2854/2364 2556/2855/2364
f 2556/2855/2364 2516/2854/2364 2517/2856/2365
f 2556/2855/2364 2517/2856/2365 2557/2857/2365
f 2557/2857/2365 2517/2856/2365 2518/2858/2366
f 2557/2857/2365 2518/2858/2366 2558/2859/2366
f 2558/2860/2366 2518/2861/2366 2519/2862/2367
f 2558/2860/2366 2519/2862/2367 2559/2863/2367
f 2559/2863/2367 2519/2862/2367 2520/2864/2368
f 2559/2863/2367 2520/2864/2368 2560/2865/2368
f 2560/2865/2368 2520/2864/2368 2521/2866/2332
f 2560/2865/2368 2521/2866/2332 2561/2867/2332
f 2561/2867/2332 2521/2866/2332 2522/2868/256
f 2561/2867/2332 2522/2868/256 2562/2869/256
f 2562/2869/256 2522/2868/256 2523/2870/2369
f 2562/2869/256 2523/2870/2369 2563/2871/2369
f 2563/2871/2369 2523/2870/2369 2524/2872/2370
f 2563/2871/2369 2524/2872/2370 2564/2873/2370
f 2564/2873/2370 2524/2872/2370 2525/2874/2371
f 2564/2873/2370 2525/2874/2371 2565/2875/2371
f 2565/2875/2371 2525/2874/2371 2526/2876/264
f 2565/2875/2371 2526/2876/264 2566/2877/264
f 2566/2877/264 2526/2876/264 2527/2878/2372
f 2566/2877/264 2527/2878/2372 2567/2879/2373
f 2567/2879/2373 2527/2878/2372 2528/2880/2374
f 2567/2879/2373 2528/2880/2374 2568/2881/2374
f 2568/2881/2374 2528/2880/2374 2529/2882/270
f 2568/2881/2374 2529/2882/270 2569/2883/270
f 2569/2883/270 2529/2882/270 2530/2884/2375
f 2569/2883/270 2530/2884/2375 2570/2885/2375
f 2570/2885/2375 2530/2884/2375 2531/2886/2376
f 2570/2885/2375 2531/2886/2376 2571/2887/2376
f 2571/2887/2376 2531/2886/2376 2532/2888/2377
f 2571/2887/2376 2532/2888/2377 2572/2889/2377
f 2572/2889/2377 2532/2888/2377 2533/2890/2378
f 2572/2889/2377 2533/2890/2378 2573/2891/2378
f 2573/2891/2378 2533/2890/2378 2534/2892/279
f 2573/2891/2378 2534/2892/279 2574/2893/279
f 2574/2894/279 2534/2895/279 2535/2896/281
f 2574/2894/279 2535/2896/281 2575/2897/281
f 2575/2897/281 2535/2896/281 2536/2898/283
f 2575/2897/281 2536/2898/283 2576/2899/283
f 2576/2899/283 2536/2898/283 2537/2900/2379
f 2576/2899/283 2537/2900/2379 2577/2901/2379
f 2577/2901/2379 2537/2900/2379 2538/2902/2380
f 2577/2901/2379 2538/2902/2380 2578/2903/2380
f 2578/2903/2380 2538/2902/2380 2539/2904/2381
f 2578/2903/2380 2539/2904/2381 2579/2905/2381
f 2579/2905/2381 2539/2904/2381 2540/2906/2382
f 2579/2905/2381 2540/2906/2382 2580/2907/2383
f 2580/2907/2383 2540/2906/2382 2541/2908/2384
f 2580/2907/2383 2541/2908/2384 2581/2909/2384
f 2581/2909/2384 2541/2908/2384 2542/2910/2385
f 2581/2909/2384 2542/2910/2385 2582/2911/2385
f 2582/2911/2385 2542/2910/2385 2543/2912/2386
f 2582/2911/2385 2543/2912/2386 2583/2913/2386
f 2583/2913/2386 2543/2912/2386 2544/2914/2387
f 2583/2913/2386 2544/2914/2387 2584/2915/2387
f 2584/2915/2387 2544/2914/2387 2545/2916/2388
f 2584/2915/2387 2545/2916/2388 2585/2917/2388
f 2585/2917/2388 2545/2916/2388 2546/2918/304
f 2585/2917/2388 2546/2918/304 2586/2919/304
f 2586/2919/304 2546/2918/304 2547/2920/2389
f 2586/2919/304 2547/2920/2389 2587/2921/2389
f 2587/2921/2389 2547/2920/2389 2548/2922/2390
f 2587/2921/2389 2548/2922/2390 2588/2923/2390
f 2588/2923/2390 2548/2922/2390 2549/2924/2391
f 2588/2923/2390 2549/2924/2391 2589/2925/2391
f 2589/2925/2391 2549/2924/2391 2550/2926/2392
f 2589/2925/2391 2550/2926/2392 2590/2927/2392
f 2590/2927/2392 2550/2926/2392 2551/2928/2393
f 2590/2927/2392 2551/2928/2393 2591/2929/2393
f 2611/2930/2394 2592/2931/2394 2593/2932/2395
f 2611/2930/2394 2593/2932/2395 2612/2933/2395
f 2612/2933/2395 2593/2932/2395 2594/2934/2396
f 2612/2933/2395 2594/2934/2396 2613/2935/2396
f 2613/2935/2396 2594/2934/2396 2595/2936/2397
f 2613/2935/2396 2595/2936/2397 2614/2937/2397
f 2614/2937/2397 2595/2936/2397 2596/2938/322
f 2614/2937/2397 2596/2938/322 2615/2939/322
f 2615/2939/322 2596/2938/322 2597/2940/2398
f 2615/2939/322 2597/2940/2398 2616/2941/2398
f 2616/2941/2398 2597/2940/2398 2598/2942/326
f 2616/2941/2398 2598/2942/326 2617/2943/326
f 2617/2943/326 2598/2942/326 2599/2944/2399
f 2617/2943/326 2599/2944/2399 2618/2945/2400
f 2618/2945/2400 2599/2944/2399 2600/2946/2401
f 2618/2945/2400 2600/2946/2401 2619/2947/2401
f 2619/2947/2401 2600/2946/2401 2601/2948/2402
f 2619/2947/2401 2601/2948/2402 2620/2949/2402
f 2620/2949/2402 2601/2948/2402 2602/2950/333
f 2620/2949/2402 2602/2950/333 2621/2951/333
f 2621/2951/333 2602/2950/333 2603/2952/335
f 2621/2951/333 2603/2952/335 2622/2953/335
f 2622/2953/335 2603/2952/335 2604/2954/2403
f 2622/2953/335 2604/2954/2403 2623/2955/2403
f 2623/2955/2403 2604/2954/2403 2605/2956/339
f 2623/2955/2403 2605/2956/339 2624/2957/339
f 2624/2957/339 2605/2956/339 2606/2958/2404
f 2624/2957/339 2606/2958/2404 2625/2959/2404
f 2625/2959/2404 2606/2958/2404 2607/2960/2405
f 2625/2959/2404 2607/2960/2405 2626/2961/2405
f 2626/2961/2405 2607/2960/2405 2608/2962/346
f 2626/2961/2405 2608/2962/346 2627/2963/346
f 2627/2964/346 2608/2965/346 2609/2966/2406
f 2627/2964/346 2609/2966/2406 2628/2967/2406
f 2628/2968/2406 2609/2969/2406 2610/2970/2407
f 2628/2968/2406 2610/2970/2407 2629/2971/2407
f 2650/2972/2408 2630/2973/2408 2631/2974/2409
f 2650/2972/2408 2631/2974/2409 2651/2975/2409
f 2651/2975/2409 2631/2974/2409 2632/2976/2410
f 2651/2975/2409 2632/2976/2410 2652/2977/2410
f 2652/2977/2410 2632/2976/2410 2633/2978/2411
f 2652/2977/2410 2633/2978/2411 2653/2979/2411
f 2653/2979/2411 2633/2978/2411 2634/2980/357
f 2653/2979/2411 2634/2980/357 2654/2981/357
f 2654/2981/357 2634/2980/357 2635/2982/360
f 2654/2981/357 2635/2982/360 2655/2983/360
f 2655/2983/360 2635/2982/360 2636/2984/362
f 2655/2983/360 2636/2984/362 2656/2985/362
f 2656/2985/362 2636/2984/362 2637/2986/2412
f 2656/2985/362 2637/2986/2412 2657/2987/2412
f 2657/2987/2412 2637/2986/2412 2638/2988/365
f 2657/2987/2412 2638/2988/365 2658/2989/365
f 2658/2989/365 2638/2988/365 2639/2990/2413
f 2658/2989/365 2639/2990/2413 2659/2991/2413
f 2659/2991/2413 2639/2990/2413 2640/2992/2414
f 2659/2991/2413 2640/2992/2414 2660/2993/2414
f 2660/2993/2414 2640/2992/2414 2641/2994/371
f 2660/2993/2414 2641/2994/371 2661/2995/371
f 2661/2995/371 2641/2994/371 2642/2996/373
f 2661/2995/371 2642/2996/373 2662/2997/373
f 2662/2998/373 2642/2999/373 2643/3000/2415
f 2662/2998/373 2643/3000/2415 2663/3001/2415
f 2663/3001/2415 2643/3000/2415 2644/3002/2416
f 2663/3001/2415 2644/3002/2416 2664/3003/2416
f 2664/3003/2416 2644/3002/2416 2645/3004/380
f 2664/3003/2416 2645/3004/380 2665/3005/380
f 2665/3005/380 2645/3004/380 2646/3006/2417
f 2665/3005/380 2646/3006/2417 2666/3007/2417
f 2666/3007/2417 2646/3006/2417 2647/3008/2418
f 2666/3007/2417 2647/3008/2418 2667/3009/2418
f 2667/3009/2418 2647/3008/2418 2648/3010/2419
f 2667/3009/2418 2648/3010/2419 2668/3011/2419
f 2668/3011/2419 2648/3010/2419 2649/3012/2420
f 2668/3011/2419 2649/3012/2420 2669/3013/2421
usemtl Layer_1_Back_Inflation_Material
f 2670/2561/2246 3046/2562/2247 3047/2563/2246
f 3046/2562/2247 3044/3014/2246 3045/3015/2246
f 2671/3016/2246 2673/3017/2246 2672/3018/2246
f 2673/3017/2246 2674/3019/2246 2675/3020/2246
f 2674/3019/2246 2676/3021/2246 2675/3020/2246
f 2678/3022/2246 2677/3023/2246 3044/3014/2246
f 2680/3024/2246 2679/3025/2422 2677/3023/2246
f 2682/3026/2247 2684/3027/2423 2680/3024/2246
f 2681/3028/2246 2683/3029/2246 2682/3026/2247
f 2685/3030/2246 2684/3027/2423 2682/3026/2247
f 2687/3031/2246 2686/3032/2246 3059/3033/2246
f 2689/3034/2246 2688/3035/2246 2803/3036/2246
f 2691/3037/2246 2690/3038/2246 3052/3039/2246
f 2693/3040/2246 2692/3041/2246 2690/3038/2246
f 2695/3042/2246 2694/3043/2246 2692/3041/2246
f 2697/3044/2246 2696/3045/2246 2694/3043/2246
f 2699/3046/2246 2698/3047/2246 2696/3045/2246
f 2699/3046/2246 2701/3048/2246 2700/3049/2246
f 2702/3050/2246 2758/3051/2246 2701/3048/2246
f 2704/3052/2246 2756/3053/2246 2703/3054/2246
f 2706/3055/2424 2754/3056/2424 2705/3057/2246
f 2750/3058/2424 2752/3059/2246 2707/3060/2246
f 2710/3061/2246 2748/3062/2246 2709/3063/2246
f 2744/3064/2246 2746/3065/2246 2711/3066/2246
f 2733/3067/2425 3049/3068/2247 2713/3069/2246
f 2716/3070/2246 2727/3071/2246 2715/3072/2246
f 2723/3073/2246 2725/3074/2246 2717/3075/2246
f 2718/3076/2246 2720/3077/2246 2719/3078/2426
f 2722/3079/2246 2721/3080/2427 2719/3078/2426
f 2724/3081/2246 2723/3073/2246 2721/3080/2427
f 2726/3082/2246 2725/3074/2246 2723/3073/2246
f 2728/3083/2246 2727/3071/2246 2716/3070/2246
f 2730/3084/2246 2729/3085/2247 2714/3086/2428
f 2732/3087/2246 2731/3088/2424 2729/3085/2247
f 2734/3089/2246 2733/3067/2425 2731/3088/2424
f 2734/3089/2246 2736/3090/2246 2735/3091/2246
f 2736/3090/2246 2738/3092/2246 2737/3093/2424
f 2738/3092/2246 2740/3094/2246 2739/3095/2246
f 2740/3094/2246 2741/3096/2246 2742/3097/2246
f 2741/3096/2246 2743/3098/2246 2742/3097/2246
f 2745/3099/2246 2744/3064/2246 2712/3100/2247
f 2747/3101/2246 2746/3065/2246 2744/3064/2246
f 2749/3102/2246 2748/3062/2246 2710/3061/2246
f 2751/3103/2246 2750/3058/2424 2708/3104/2424
f 2753/3105/2246 2752/3059/2246 2750/3058/2424
f 2755/3106/2246 2754/3056/2424 2706/3055/2424
f 2757/3107/2246 2756/3053/2246 2704/3052/2246
f 2759/3108/2246 2758/3051/2246 2702/3050/2246
f 2760/3109/2246 3052/3039/2246 2690/3038/2246
f 3060/3110/2246 2799/3111/2246 3052/3039/2246
f 2763/3112/2246 3057/3113/2246 2762/3114/2246
f 2765/3115/2246 2776/3116/2246 2764/3117/2246
f 2767/3118/2423 2774/3119/2427 2766/3120/2246
f 2770/3121/2429 2772/3122/2430 2768/3123/2246
f 2769/3124/2246 2771/3125/2246 2770/3121/2429
f 2773/3126/2246 2772/3122/2430 2770/3121/2429
f 2775/3127/2246 2774/3119/2427 2767/3118/2423
f 2777/3128/2246 2776/3116/2246 2765/3115/2246
f 2778/3129/2246 2779/3130/2425 2776/3116/2246
f 2778/3129/2246 2780/3131/2246 2779/3130/2425
f 2782/3132/2246 2781/3133/2246 2761/3134/2246
f 2783/3135/2246 2797/3136/2246 2782/3132/2246
f 2793/3137/2246 2795/3138/2246 2784/3139/2246
f 2785/3140/2246 2787/3141/2246 2786/3142/2247
f 2787/3141/2246 2788/3143/2246 2789/3144/2431
f 2788/3143/2246 2790/3145/2246 2789/3144/2431
f 2792/3146/2246 2791/3147/2246 3048/3148/2246
f 2794/3149/2246 2793/3137/2246 2791/3147/2246
f 2796/3150/2246 2795/3138/2246 2793/3137/2246
f 2798/3151/2246 2797/3136/2246 2783/3135/2246
f 2800/3152/2246 2799/3111/2246 3060/3110/2246
f 2801/3153/2246 3061/3154/2246 2799/3111/2246
f 2804/3155/2246 2803/3036/2246 2688/3035/2246
f 2806/3156/2246 2805/3157/2246 3064/3158/2246
f 2807/3159/2246 3073/3160/2246 2805/3157/2246
f 2825/3161/2246 3069/3162/2246 2808/3163/2246
f 2810/3164/2246 2811/3165/2247 2812/3166/2246
f 2811/3165/2247 2813/3167/2247 2812/3166/2246
f 2815/3168/2246 2814/3169/2246 2809/3170/2246
f 2817/3171/2246 2816/3172/2246 2814/3169/2246
f 2821/3173/2424 2823/3174/2432 2817/3171/2246
f 2818/3175/2246 2820/3176/2246 2819/3177/2246
f 2822/3178/2246 2821/3173/2424 2819/3177/2246
f 2824/3179/2246 2823/3174/2432 2821/3173/2424
f 2826/3180/2246 2825/3161/2246 3066/3181/2246
f 2826/3180/2246 2828/3182/2246 2827/3183/2246
f 2828/3182/2246 2830/3184/2246 2829/3185/2246
f 2830/3184/2246 2832/3186/2246 2831/3187/2246
f 2832/3186/2246 2834/3188/2246 2833/3189/2246
f 2834/3188/2246 2836/3190/2246 2835/3191/2433
f 2836/3190/2246 2837/3192/2246 2838/3193/2246
f 2837/3192/2246 2839/3194/2246 2838/3193/2246
f 2841/3195/2246 2840/3196/2246 3026/3197/2246
f 2842/3198/2246 3072/3199/2246 2841/3195/2246
f 2845/3200/2434 2844/3201/2246 2842/3198/2246
f 2847/3202/2246 2846/3203/2246 3067/3204/2246
f 3065/3205/2246 2884/3206/2246 2847/3202/2246
f 2849/3207/2246 2851/3208/2246 2850/3209/2435
f 2853/3210/2246 3056/3211/2246 2851/3208/2246
f 2852/3212/2246 2854/3213/2246 2853/3210/2246
f 2855/3214/2246 2856/3215/2436 2853/3210/2246
f 2855/3214/2246 2857/3216/2246 2856/3215/2436
f 2859/3217/2246 2858/3218/2246 2848/3219/2428
f 2861/3220/2246 2860/3221/2246 2858/3218/2246
f 2863/3222/2246 2862/3223/2246 2860/3221/2246
f 2865/3224/2246 2864/3225/2246 2862/3223/2246
f 2867/3226/2246 2866/3227/2246 2864/3225/2246
f 2867/3226/2246 2869/3228/2246 2868/3229/2246
f 2870/3230/2424 3062/3231/2246 2869/3228/2246
f 2872/3232/2427 2877/3233/2424 2871/3234/2246
f 2873/3235/2246 2874/3236/2246 2875/3237/2436
f 2874/3236/2246 2876/3238/2246 2875/3237/2436
f 2878/3239/2246 2877/3233/2424 2872/3232/2427
f 2880/3240/2246 2879/3241/2246 2877/3233/2424
f 2880/3240/2246 2881/3242/2246 2882/3243/2246
f 2881/3242/2246 2883/3244/2246 2882/3243/2246
f 2885/3245/2246 2884/3206/2246 3065/3205/2246
f 2887/3246/2246 2886/3247/2246 2884/3206/2246
f 2889/3248/2246 2888/3249/2246 2961/3250/2246
f 2930/3251/2247 3053/3252/2437 2888/3249/2246
f 2890/3253/2246 2892/3254/2246 2891/3255/2246
f 2894/3256/2246 2893/3257/2246 2891/3255/2246
f 2896/3258/2246 2895/3259/2246 2893/3257/2246
f 2898/3260/2246 2897/3261/2246 2895/3259/2246
f 2900/3262/2246 2899/3263/2246 2897/3261/2246
f 2902/3264/2246 2901/3265/2246 2899/3263/2246
f 2904/3266/2246 2903/3267/2428 2901/3265/2246
f 2914/3268/2438 2916/3269/2247 2904/3266/2246
f 2906/3270/2246 2907/3271/2246 2908/3272/2424
f 2907/3271/2246 2909/3273/2246 2908/3272/2424
f 2911/3274/2246 2910/3275/2246 2905/3276/2246
f 2913/3277/2246 2912/3278/2246 2910/3275/2246
f 2915/3279/2246 2914/3268/2438 2912/3278/2246
f 2917/3280/2246 2916/3269/2247 2914/3268/2438
f 2919/3281/2246 2918/3282/2246 3050/3283/2246
f 2921/3284/2246 2920/3285/2246 2918/3282/2246
f 2923/3286/2246 2922/3287/2246 2920/3285/2246
f 2925/3288/2246 2924/3289/2246 2922/3287/2246
f 2927/3290/2246 2926/3291/2246 2924/3289/2246
f 2929/3292/2246 2928/3293/2246 2926/3291/2246
f 2931/3294/2246 2930/3251/2247 2928/3293/2246
f 2931/3294/2246 2933/3295/2246 2932/3296/2246
f 2933/3295/2246 2934/3297/2246 2935/3298/2246
f 2934/3297/2246 2936/3299/2246 2935/3298/2246
f 2955/3300/2246 2957/3301/2246 2935/3298/2246
f 2937/3302/2246 2939/3303/2246 2938/3304/2246
f 2940/3305/2439 2953/3306/2440 2938/3304/2246
f 2942/3307/2441 2951/3308/2247 2941/3309/2246
f 2944/3310/2442 2949/3311/2443 2943/3312/2246
f 2945/3313/2246 2946/3314/2246 2947/3315/2444
f 2946/3314/2246 2948/3316/2246 2947/3315/2444
f 2950/3317/2246 2949/3311/2443 2944/3310/2442
f 2952/3318/2246 2951/3308/2247 2942/3307/2441
f 2954/3319/2246 2953/3306/2440 2940/3305/2439
f 2956/3320/2246 2955/3300/2246 3051/3321/2246
f 2958/3322/2246 2957/3301/2246 2955/3300/2246
f 2959/3323/2246 3054/3324/2246 2957/3301/2246
f 2962/3325/2246 2961/3250/2246 2888/3249/2246
f 3055/3326/2247 2993/3327/2246 2961/3250/2246
f 2963/3328/2246 2965/3329/2246 2964/3330/2246
f 2967/3331/2246 2966/3332/2246 2964/3330/2246
f 2969/3333/2246 2968/3334/2246 2966/3332/2246
f 2971/3335/2246 2970/3336/2246 2968/3334/2246
f 2973/3337/2246 2972/3338/2246 2970/3336/2246
f 2975/3339/2246 2974/3340/2445 2972/3338/2246
f 2977/3341/2246 2976/3342/2247 2974/3340/2445
f 2979/3343/2246 2978/3344/2246 2976/3342/2247
f 2979/3343/2246 2981/3345/2246 2980/3346/2246
f 2981/3345/2246 2983/3347/2246 2982/3348/2246
f 2983/3347/2246 2985/3349/2246 2984/3350/2247
f 2986/3351/2424 2991/3352/2446 2985/3349/2246
f 2987/3353/2246 2988/3354/2246 2989/3355/2436
f 2988/3354/2246 2990/3356/2246 2989/3355/2436
f 2992/3357/2246 2991/3352/2446 2986/3351/2424
f 2994/3358/2246 2993/3327/2246 3055/3326/2247
f 2995/3359/2246 3067/3204/2246 2846/3203/2246
f 3003/3360/2246 3005/3361/2246 2842/3198/2246
f 2996/3362/2246 2998/3363/2246 2997/3364/2445
f 3000/3365/2246 2999/3366/2425 2997/3364/2445
f 3002/3367/2246 3001/3368/2246 2999/3366/2425
f 3004/3369/2246 3003/3360/2246 3001/3368/2246
f 3006/3370/2246 3005/3361/2246 3003/3360/2246
f 3008/3371/2246 3007/3372/2246 3005/3361/2246
f 3008/3371/2246 3010/3373/2246 3009/3374/2246
f 3010/3373/2246 3012/3375/2246 3011/3376/2246
f 3012/3375/2246 3014/3377/2246 3013/3378/2246
f 3014/3377/2246 3016/3379/2246 3015/3380/2427
f 3016/3379/2246 3018/3381/2246 3017/3382/2247
f 3019/3383/2246 3070/3384/2246 3017/3382/2247
f 3020/3385/2246 3021/3386/2246 3022/3387/2247
f 3021/3386/2246 3023/3388/2246 3022/3387/2247
f 3025/3389/2247 3024/3390/2246 3019/3383/2246
f 3027/3391/2247 3026/3197/2246 2840/3196/2246
f 3029/3392/2246 3028/3393/2246 3026/3197/2246
f 3030/3394/2246 3064/3158/2246 2805/3157/2246
f 2686/3032/2246 3068/3395/2246 3064/3158/2246
f 3031/3396/2246 3033/3397/2246 3032/3398/2246
f 3035/3399/2246 3034/3400/2246 3032/3398/2246
f 3037/3401/2246 3036/3402/2247 3034/3400/2246
f 3039/3403/2246 3038/3404/2246 3036/3402/2247
f 3041/3405/2246 3040/3406/2246 3038/3404/2246
f 3043/3407/2246 3042/3408/2427 3040/3406/2246
f 2679/3025/2422 3058/3409/2447 3043/3407/2246
f 3045/3015/2246 3047/2563/2246 3046/2562/2247
f 3047/2563/2246 2671/3016/2246 2670/2561/2246
f 2672/3018/2246 2670/2561/2246 2671/3016/2246
f 2675/3020/2246 2672/3018/2246 2673/3017/2246
f 2678/3022/2246 3044/3014/2246 3046/2562/2247
f 2678/3022/2246 3046/2562/2247 2670/2561/2246
f 2678/3022/2246 2670/2561/2246 2672/3018/2246
f 2678/3022/2246 2672/3018/2246 2675/3020/2246
f 2675/3020/2246 2676/3021/2246 2678/3022/2246
f 2677/3023/2246 2678/3022/2246 2680/3024/2246
f 2679/3025/2422 2680/3024/2246 2684/3027/2423
f 2680/3024/2246 2681/3028/2246 2682/3026/2247
f 2684/3027/2423 3058/3409/2447 2679/3025/2422
f 2682/3026/2247 2683/3029/2246 2685/3030/2246
f 2687/3031/2246 3059/3033/2246 3042/3408/2427
f 2687/3031/2246 3042/3408/2427 3058/3409/2447
f 2687/3031/2246 3058/3409/2447 2684/3027/2423
f 2684/3027/2423 2685/3030/2246 2687/3031/2246
f 2689/3034/2246 2803/3036/2246 2686/3032/2246
f 2803/3036/2246 3068/3395/2246 2686/3032/2246
f 2686/3032/2246 2687/3031/2246 2689/3034/2246
f 2689/3034/2246 2691/3037/2246 3052/3039/2246
f 2689/3034/2246 3052/3039/2246 3061/3154/2246
f 2689/3034/2246 3061/3154/2246 2801/3153/2246
f 2801/3153/2246 2688/3035/2246 2689/3034/2246
f 2690/3038/2246 2691/3037/2246 2693/3040/2246
f 2692/3041/2246 2693/3040/2246 2695/3042/2246
f 2694/3043/2246 2695/3042/2246 2697/3044/2246
f 2696/3045/2246 2697/3044/2246 2699/3046/2246
f 2700/3049/2246 2698/3047/2246 2699/3046/2246
f 2758/3051/2246 2700/3049/2246 2701/3048/2246
f 2701/3048/2246 2703/3054/2246 2702/3050/2246
f 2756/3053/2246 2702/3050/2246 2703/3054/2246
f 2703/3054/2246 2705/3057/2246 2704/3052/2246
f 2754/3056/2424 2704/3052/2246 2705/3057/2246
f 2705/3057/2246 2707/3060/2246 2706/3055/2424
f 2752/3059/2246 2706/3055/2424 2707/3060/2246
f 2708/3104/2424 2750/3058/2424 2707/3060/2246
f 2707/3060/2246 2709/3063/2246 2708/3104/2424
f 2748/3062/2246 2708/3104/2424 2709/3063/2246
f 2709/3063/2246 2711/3066/2246 2710/3061/2246
f 2746/3065/2246 2710/3061/2246 2711/3066/2246
f 2712/3100/2247 2744/3064/2246 2711/3066/2246
f 2711/3066/2246 2713/3069/2246 2712/3100/2247
f 3049/3068/2247 2712/3100/2247 2713/3069/2246
f 2731/3088/2424 2733/3067/2425 2713/3069/2246
f 2729/3085/2247 2731/3088/2424 2713/3069/2246
f 2714/3086/2428 2729/3085/2247 2713/3069/2246
f 2713/3069/2246 2715/3072/2246 2714/3086/2428
f 2727/3071/2246 2714/3086/2428 2715/3072/2246
f 2715/3072/2246 2717/3075/2246 2716/3070/2246
f 2725/3074/2246 2716/3070/2246 2717/3075/2246
f 2721/3080/2427 2723/3073/2246 2717/3075/2246
f 2719/3078/2426 2721/3080/2427 2717/3075/2246
f 2717/3075/2246 2718/3076/2246 2719/3078/2426
f 2719/3078/2426 2720/3077/2246 2722/3079/2246
f 2721/3080/2427 2722/3079/2246 2724/3081/2246
f 2723/3073/2246 2724/3081/2246 2726/3082/2246
f 2728/3083/2246 2716/3070/2246 2725/3074/2246
f 2725/3074/2246 2726/3082/2246 2728/3083/2246
f 2730/3084/2246 2714/3086/2428 2727/3071/2246
f 2727/3071/2246 2728/3083/2246 2730/3084/2246
f 2729/3085/2247 2730/3084/2246 2732/3087/2246
f 2731/3088/2424 2732/3087/2246 2734/3089/2246
f 2733/3067/2425 2734/3089/2246 2735/3091/2246
f 2735/3091/2246 3049/3068/2247 2733/3067/2425
f 2737/3093/2424 2735/3091/2246 2736/3090/2246
f 2739/3095/2246 2737/3093/2424 2738/3092/2246
f 2742/3097/2246 2739/3095/2246 2740/3094/2246
f 2745/3099/2246 2712/3100/2247 2735/3091/2246
f 2712/3100/2247 3049/3068/2247 2735/3091/2246
f 2745/3099/2246 2735/3091/2246 2737/3093/2424
f 2745/3099/2246 2737/3093/2424 2739/3095/2246
f 2745/3099/2246 2739/3095/2246 2742/3097/2246
f 2742/3097/2246 2743/3098/2246 2745/3099/2246
f 2744/3064/2246 2745/3099/2246 2747/3101/2246
f 2749/3102/2246 2710/3061/2246 2746/3065/2246
f 2746/3065/2246 2747/3101/2246 2749/3102/2246
f 2751/3103/2246 2708/3104/2424 2748/3062/2246
f 2748/3062/2246 2749/3102/2246 2751/3103/2246
f 2750/3058/2424 2751/3103/2246 2753/3105/2246
f 2755/3106/2246 2706/3055/2424 2752/3059/2246
f 2752/3059/2246 2753/3105/2246 2755/3106/2246
f 2757/3107/2246 2704/3052/2246 2754/3056/2424
f 2754/3056/2424 2755/3106/2246 2757/3107/2246
f 2759/3108/2246 2702/3050/2246 2756/3053/2246
f 2756/3053/2246 2757/3107/2246 2759/3108/2246
f 2760/3109/2246 2690/3038/2246 2692/3041/2246
f 2760/3109/2246 2692/3041/2246 2694/3043/2246
f 2760/3109/2246 2694/3043/2246 2696/3045/2246
f 2760/3109/2246 2696/3045/2246 2698/3047/2246
f 2760/3109/2246 2698/3047/2246 2700/3049/2246
f 2760/3109/2246 2700/3049/2246 2758/3051/2246
f 2758/3051/2246 2759/3108/2246 2760/3109/2246
f 2799/3111/2246 3061/3154/2246 3052/3039/2246
f 2781/3133/2246 3060/3110/2246 3052/3039/2246
f 2761/3134/2246 2781/3133/2246 3052/3039/2246
f 2761/3134/2246 3052/3039/2246 2760/3109/2246
f 2760/3109/2246 2762/3114/2246 2761/3134/2246
f 3057/3113/2246 2761/3134/2246 2762/3114/2246
f 2762/3114/2246 2764/3117/2246 2763/3112/2246
f 2776/3116/2246 2763/3112/2246 2764/3117/2246
f 2764/3117/2246 2766/3120/2246 2765/3115/2246
f 2774/3119/2427 2765/3115/2246 2766/3120/2246
f 2766/3120/2246 2768/3123/2246 2767/3118/2423
f 2772/3122/2430 2767/3118/2423 2768/3123/2246
f 2768/3123/2246 2769/3124/2246 2770/3121/2429
f 2770/3121/2429 2771/3125/2246 2773/3126/2246
f 2775/3127/2246 2767/3118/2423 2772/3122/2430
f 2772/3122/2430 2773/3126/2246 2775/3127/2246
f 2777/3128/2246 2765/3115/2246 2774/3119/2427
f 2774/3119/2427 2775/3127/2246 2777/3128/2246
f 2763/3112/2246 2776/3116/2246 2779/3130/2425
f 2776/3116/2246 2777/3128/2246 2778/3129/2246
f 2779/3130/2425 3057/3113/2246 2763/3112/2246
f 2782/3132/2246 2761/3134/2246 3057/3113/2246
f 2782/3132/2246 3057/3113/2246 2779/3130/2425
f 2779/3130/2425 2780/3131/2246 2782/3132/2246
f 2781/3133/2246 2782/3132/2246 2797/3136/2246
f 2782/3132/2246 2784/3139/2246 2783/3135/2246
f 2797/3136/2246 3060/3110/2246 2781/3133/2246
f 2795/3138/2246 2783/3135/2246 2784/3139/2246
f 2791/3147/2246 2793/3137/2246 2784/3139/2246
f 3048/3148/2246 2791/3147/2246 2784/3139/2246
f 2786/3142/2247 3048/3148/2246 2784/3139/2246
f 2784/3139/2246 2785/3140/2246 2786/3142/2247
f 2786/3142/2247 2787/3141/2246 2789/3144/2431
f 2789/3144/2431 3048/3148/2246 2786/3142/2247
f 2792/3146/2246 3048/3148/2246 2789/3144/2431
f 2789/3144/2431 2790/3145/2246 2792/3146/2246
f 2791/3147/2246 2792/3146/2246 2794/3149/2246
f 2793/3137/2246 2794/3149/2246 2796/3150/2246
f 2798/3151/2246 2783/3135/2246 2795/3138/2246
f 2795/3138/2246 2796/3150/2246 2798/3151/2246
f 2800/3152/2246 3060/3110/2246 2797/3136/2246
f 2797/3136/2246 2798/3151/2246 2800/3152/2246
f 2801/3153/2246 2799/3111/2246 2800/3152/2246
f 2800/3152/2246 2802/3410/2246 2801/3153/2246
f 2802/3410/2246 2804/3155/2246 2688/3035/2246
f 2688/3035/2246 2801/3153/2246 2802/3410/2246
f 2804/3155/2246 2806/3156/2246 3064/3158/2246
f 2803/3036/2246 2804/3155/2246 3064/3158/2246
f 3064/3158/2246 3068/3395/2246 2803/3036/2246
f 2807/3159/2246 2805/3157/2246 2806/3156/2246
f 2806/3156/2246 2808/3163/2246 2807/3159/2246
f 3069/3162/2246 2807/3159/2246 2808/3163/2246
f 3066/3181/2246 2825/3161/2246 2808/3163/2246
f 2814/3169/2246 3066/3181/2246 2808/3163/2246
f 2809/3170/2246 2814/3169/2246 2808/3163/2246
f 2808/3163/2246 2810/3164/2246 2809/3170/2246
f 2812/3166/2246 2809/3170/2246 2810/3164/2246
f 2815/3168/2246 2809/3170/2246 2812/3166/2246
f 2812/3166/2246 2813/3167/2247 2815/3168/2246
f 2816/3172/2246 3066/3181/2246 2814/3169/2246
f 2814/3169/2246 2815/3168/2246 2817/3171/2246
f 2823/3174/2432 2816/3172/2246 2817/3171/2246
f 2819/3177/2246 2821/3173/2424 2817/3171/2246
f 2817/3171/2246 2818/3175/2246 2819/3177/2246
f 2819/3177/2246 2820/3176/2246 2822/3178/2246
f 2821/3173/2424 2822/3178/2246 2824/3179/2246
f 2826/3180/2246 3066/3181/2246 2816/3172/2246
f 2826/3180/2246 2816/3172/2246 2823/3174/2432
f 2823/3174/2432 2824/3179/2246 2826/3180/2246
f 2825/3161/2246 2826/3180/2246 2827/3183/2246
f 2827/3183/2246 3069/3162/2246 2825/3161/2246
f 2829/3185/2246 2827/3183/2246 2828/3182/2246
f 2831/3187/2246 2829/3185/2246 2830/3184/2246
f 2833/3189/2246 2831/3187/2246 2832/3186/2246
f 2835/3191/2433 2833/3189/2246 2834/3188/2246
f 2838/3193/2246 2835/3191/2433 2836/3190/2246
f 2841/3195/2246 3026/3197/2246 2838/3193/2246
f 2835/3191/2433 2838/3193/2246 3026/3197/2246
f 2838/3193/2246 2839/3194/2246 2841/3195/2246
f 2833/3189/2246 2835/3191/2433 3026/3197/2246
f 2833/3189/2246 3026/3197/2246 3028/3393/2246
f 2831/3187/2246 2833/3189/2246 3028/3393/2246
f 2829/3185/2246 2831/3187/2246 3028/3393/2246
f 2827/3183/2246 2829/3185/2246 3028/3393/2246
f 3069/3162/2246 2827/3183/2246 3028/3393/2246
f 2807/3159/2246 3069/3162/2246 3028/3393/2246
f 3028/3393/2246 3073/3160/2246 2807/3159/2246
f 2841/3195/2246 3072/3199/2246 3007/3372/2246
f 2841/3195/2246 2843/3411/2448 2842/3198/2246
f 2841/3195/2246 3007/3372/2246 3009/3374/2246
f 2841/3195/2246 3009/3374/2246 3011/3376/2246
f 2841/3195/2246 3011/3376/2246 3013/3378/2246
f 2841/3195/2246 3013/3378/2246 3015/3380/2427
f 2841/3195/2246 3015/3380/2427 3017/3382/2247
f 2841/3195/2246 3017/3382/2247 3070/3384/2246
f 2841/3195/2246 3070/3384/2246 3024/3390/2246
f 3024/3390/2246 2840/3196/2246 2841/3195/2246
f 2842/3198/2246 2843/3411/2448 2845/3200/2434
f 2845/3200/2434 2847/3202/2246 3067/3204/2246
f 3067/3204/2246 2844/3201/2246 2845/3200/2434
f 2846/3203/2246 2847/3202/2246 2884/3206/2246
f 2864/3225/2246 3065/3205/2246 2847/3202/2246
f 2884/3206/2246 3071/3412/2246 2846/3203/2246
f 2862/3223/2246 2864/3225/2246 2847/3202/2246
f 2860/3221/2246 2862/3223/2246 2847/3202/2246
f 2858/3218/2246 2860/3221/2246 2847/3202/2246
f 2848/3219/2428 2858/3218/2246 2847/3202/2246
f 2847/3202/2246 2849/3207/2246 2848/3219/2428
f 2850/3209/2435 2848/3219/2428 2849/3207/2246
f 3056/3211/2246 2850/3209/2435 2851/3208/2246
f 2851/3208/2246 2852/3212/2246 2853/3210/2246
f 2856/3215/2436 3056/3211/2246 2853/3210/2246
f 2853/3210/2246 2854/3213/2246 2855/3214/2246
f 2859/3217/2246 2848/3219/2428 2850/3209/2435
f 2859/3217/2246 2850/3209/2435 3056/3211/2246
f 2859/3217/2246 3056/3211/2246 2856/3215/2436
f 2856/3215/2436 2857/3216/2246 2859/3217/2246
f 2858/3218/2246 2859/3217/2246 2861/3220/2246
f 2860/3221/2246 2861/3220/2246 2863/3222/2246
f 2862/3223/2246 2863/3222/2246 2865/3224/2246
f 2866/3227/2246 3065/3205/2246 2864/3225/2246
f 2864/3225/2246 2865/3224/2246 2867/3226/2246
f 2868/3229/2246 2866/3227/2246 2867/3226/2246
f 3062/3231/2246 2868/3229/2246 2869/3228/2246
f 2869/3228/2246 2871/3234/2246 2870/3230/2424
f 2877/3233/2424 2870/3230/2424 2871/3234/2246
f 2871/3234/2246 2873/3235/2246 2872/3232/2427
f 2875/3237/2436 2872/3232/2427 2873/3235/2246
f 2878/3239/2246 2872/3232/2427 2875/3237/2436
f 2875/3237/2436 2876/3238/2246 2878/3239/2246
f 2870/3230/2424 2877/3233/2424 2879/3241/2246
f 2877/3233/2424 2878/3239/2246 2880/3240/2246
f 2879/3241/2246 3062/3231/2246 2870/3230/2424
f 2882/3243/2246 2879/3241/2246 2880/3240/2246
f 2885/3245/2246 3065/3205/2246 2866/3227/2246
f 2885/3245/2246 2866/3227/2246 2868/3229/2246
f 2885/3245/2246 2868/3229/2246 3062/3231/2246
f 2885/3245/2246 3062/3231/2246 2879/3241/2246
f 2885/3245/2246 2879/3241/2246 2882/3243/2246
f 2882/3243/2246 2883/3244/2246 2885/3245/2246
f 2886/3247/2246 3071/3412/2246 2884/3206/2246
f 2884/3206/2246 2885/3245/2246 2887/3246/2246
f 2889/3248/2246 2961/3250/2246 3063/3413/2246
f 2889/3248/2246 3063/3413/2246 2886/3247/2246
f 2886/3247/2246 2887/3246/2246 2889/3248/2246
f 2959/3323/2246 2888/3249/2246 3053/3252/2437
f 2928/3293/2246 2930/3251/2247 2888/3249/2246
f 3053/3252/2437 3054/3324/2246 2959/3323/2246
f 2926/3291/2246 2928/3293/2246 2888/3249/2246
f 2924/3289/2246 2926/3291/2246 2888/3249/2246
f 2922/3287/2246 2924/3289/2246 2888/3249/2246
f 2920/3285/2246 2922/3287/2246 2888/3249/2246
f 2918/3282/2246 2920/3285/2246 2888/3249/2246
f 3050/3283/2246 2918/3282/2246 2888/3249/2246
f 2901/3265/2246 3050/3283/2246 2888/3249/2246
f 2899/3263/2246 2901/3265/2246 2888/3249/2246
f 2897/3261/2246 2899/3263/2246 2888/3249/2246
f 2895/3259/2246 2897/3261/2246 2888/3249/2246
f 2893/3257/2246 2895/3259/2246 2888/3249/2246
f 2891/3255/2246 2893/3257/2246 2888/3249/2246
f 2891/3255/2246 2888/3249/2246 2889/3248/2246
f 2889/3248/2246 2890/3253/2246 2891/3255/2246
f 2891/3255/2246 2892/3254/2246 2894/3256/2246
f 2893/3257/2246 2894/3256/2246 2896/3258/2246
f 2895/3259/2246 2896/3258/2246 2898/3260/2246
f 2897/3261/2246 2898/3260/2246 2900/3262/2246
f 2899/3263/2246 2900/3262/2246 2902/3264/2246
f 2903/3267/2428 3050/3283/2246 2901/3265/2246
f 2901/3265/2246 2902/3264/2246 2904/3266/2246
f 2916/3269/2247 2903/3267/2428 2904/3266/2246
f 2912/3278/2246 2914/3268/2438 2904/3266/2246
f 2910/3275/2246 2912/3278/2246 2904/3266/2246
f 2905/3276/2246 2910/3275/2246 2904/3266/2246
f 2904/3266/2246 2906/3270/2246 2905/3276/2246
f 2908/3272/2424 2905/3276/2246 2906/3270/2246
f 2911/3274/2246 2905/3276/2246 2908/3272/2424
f 2908/3272/2424 2909/3273/2246 2911/3274/2246
f 2910/3275/2246 2911/3274/2246 2913/3277/2246
f 2912/3278/2246 2913/3277/2246 2915/3279/2246
f 2914/3268/2438 2915/3279/2246 2917/3280/2246
f 2919/3281/2246 3050/3283/2246 2903/3267/2428
f 2919/3281/2246 2903/3267/2428 2916/3269/2247
f 2916/3269/2247 2917/3280/2246 2919/3281/2246
f 2918/3282/2246 2919/3281/2246 2921/3284/2246
f 2920/3285/2246 2921/3284/2246 2923/3286/2246
f 2922/3287/2246 2923/3286/2246 2925/3288/2246
f 2924/3289/2246 2925/3288/2246 2927/3290/2246
f 2926/3291/2246 2927/3290/2246 2929/3292/2246
f 2928/3293/2246 2929/3292/2246 2931/3294/2246
f 2930/3251/2247 2931/3294/2246 2932/3296/2246
f 2932/3296/2246 3053/3252/2437 2930/3251/2247
f 2935/3298/2246 2932/3296/2246 2933/3295/2246
f 2932/3296/2246 2935/3298/2246 2957/3301/2246
f 3051/3321/2246 2955/3300/2246 2935/3298/2246
f 2932/3296/2246 2957/3301/2246 3054/3324/2246
f 3054/3324/2246 3053/3252/2437 2932/3296/2246
f 2938/3304/2246 3051/3321/2246 2935/3298/2246
f 2938/3304/2246 2935/3298/2246 2936/3299/2246
f 2936/3299/2246 2937/3302/2246 2938/3304/2246
f 2953/3306/2440 3051/3321/2246 2938/3304/2246
f 2941/3309/2246 2940/3305/2439 2938/3304/2246
f 2938/3304/2246 2939/3303/2246 2941/3309/2246
f 2951/3308/2247 2940/3305/2439 2941/3309/2246
f 2941/3309/2246 2943/3312/2246 2942/3307/2441
f 2949/3311/2443 2942/3307/2441 2943/3312/2246
f 2943/3312/2246 2945/3313/2246 2944/3310/2442
f 2947/3315/2444 2944/3310/2442 2945/3313/2246
f 2950/3317/2246 2944/3310/2442 2947/3315/2444
f 2947/3315/2444 2948/3316/2246 2950/3317/2246
f 2952/3318/2246 2942/3307/2441 2949/3311/2443
f 2949/3311/2443 2950/3317/2246 2952/3318/2246
f 2954/3319/2246 2940/3305/2439 2951/3308/2247
f 2951/3308/2247 2952/3318/2246 2954/3319/2246
f 2956/3320/2246 3051/3321/2246 2953/3306/2440
f 2953/3306/2440 2954/3319/2246 2956/3320/2246
f 2955/3300/2246 2956/3320/2246 2958/3322/2246
f 2960/3414/2246 2959/3323/2246 2957/3301/2246
f 2957/3301/2246 2958/3322/2246 2960/3414/2246
f 2962/3325/2246 2888/3249/2246 2959/3323/2246
f 2959/3323/2246 2960/3414/2246 2962/3325/2246
f 2993/3327/2246 3063/3413/2246 2961/3250/2246
f 2976/3342/2247 3055/3326/2247 2961/3250/2246
f 2974/3340/2445 2976/3342/2247 2961/3250/2246
f 2972/3338/2246 2974/3340/2445 2961/3250/2246
f 2970/3336/2246 2972/3338/2246 2961/3250/2246
f 2968/3334/2246 2970/3336/2246 2961/3250/2246
f 2966/3332/2246 2968/3334/2246 2961/3250/2246
f 2964/3330/2246 2966/3332/2246 2961/3250/2246
f 2964/3330/2246 2961/3250/2246 2962/3325/2246
f 2962/3325/2246 2963/3328/2246 2964/3330/2246
f 2964/3330/2246 2965/3329/2246 2967/3331/2246
f 2966/3332/2246 2967/3331/2246 2969/3333/2246
f 2968/3334/2246 2969/3333/2246 2971/3335/2246
f 2970/3336/2246 2971/3335/2246 2973/3337/2246
f 2972/3338/2246 2973/3337/2246 2975/3339/2246
f 2974/3340/2445 2975/3339/2246 2977/3341/2246
f 2978/3344/2246 3055/3326/2247 2976/3342/2247
f 2976/3342/2247 2977/3341/2246 2979/3343/2246
f 2980/3346/2246 2978/3344/2246 2979/3343/2246
f 2982/3348/2246 2980/3346/2246 2981/3345/2246
f 2984/3350/2247 2982/3348/2246 2983/3347/2246
f 2991/3352/2446 2984/3350/2247 2985/3349/2246
f 2985/3349/2246 2987/3353/2246 2986/3351/2424
f 2989/3355/2436 2986/3351/2424 2987/3353/2246
f 2992/3357/2246 2986/3351/2424 2989/3355/2436
f 2989/3355/2436 2990/3356/2246 2992/3357/2246
f 2994/3358/2246 3055/3326/2247 2978/3344/2246
f 2994/3358/2246 2978/3344/2246 2980/3346/2246
f 2994/3358/2246 2980/3346/2246 2982/3348/2246
f 2994/3358/2246 2982/3348/2246 2984/3350/2247
f 2994/3358/2246 2984/3350/2247 2991/3352/2446
f 2991/3352/2446 2992/3357/2246 2994/3358/2246
f 2995/3359/2246 2846/3203/2246 2886/3247/2246
f 2846/3203/2246 3071/3412/2246 2886/3247/2246
f 2995/3359/2246 2886/3247/2246 3063/3413/2246
f 2995/3359/2246 3063/3413/2246 2993/3327/2246
f 2993/3327/2246 2994/3358/2246 2995/3359/2246
f 3005/3361/2246 3072/3199/2246 2842/3198/2246
f 3001/3368/2246 3003/3360/2246 2842/3198/2246
f 2999/3366/2425 3001/3368/2246 2842/3198/2246
f 2999/3366/2425 2842/3198/2246 2844/3201/2246
f 2997/3364/2445 2999/3366/2425 2844/3201/2246
f 2997/3364/2445 2844/3201/2246 2995/3359/2246
f 2844/3201/2246 3067/3204/2246 2995/3359/2246
f 2995/3359/2246 2996/3362/2246 2997/3364/2445
f 2997/3364/2445 2998/3363/2246 3000/3365/2246
f 2999/3366/2425 3000/3365/2246 3002/3367/2246
f 3001/3368/2246 3002/3367/2246 3004/3369/2246
f 3003/3360/2246 3004/3369/2246 3006/3370/2246
f 3007/3372/2246 3072/3199/2246 3005/3361/2246
f 3005/3361/2246 3006/3370/2246 3008/3371/2246
f 3009/3374/2246 3007/3372/2246 3008/3371/2246
f 3011/3376/2246 3009/3374/2246 3010/3373/2246
f 3013/3378/2246 3011/3376/2246 3012/3375/2246
f 3015/3380/2427 3013/3378/2246 3014/3377/2246
f 3017/3382/2247 3015/3380/2427 3016/3379/2246
f 3019/3383/2246 3017/3382/2247 3018/3381/2246
f 3018/3381/2246 3020/3385/2246 3019/3383/2246
f 3022/3387/2247 3019/3383/2246 3020/3385/2246
f 3024/3390/2246 3070/3384/2246 3019/3383/2246
f 3025/3389/2247 3019/3383/2246 3022/3387/2247
f 3022/3387/2247 3023/3388/2246 3025/3389/2247
f 3025/3389/2247 3027/3391/2247 2840/3196/2246
f 2840/3196/2246 3024/3390/2246 3025/3389/2247
f 3026/3197/2246 3027/3391/2247 3029/3392/2246
f 3030/3394/2246 2805/3157/2246 3073/3160/2246
f 3030/3394/2246 3073/3160/2246 3028/3393/2246
f 3028/3393/2246 3029/3392/2246 3030/3394/2246
f 2686/3032/2246 3064/3158/2246 3040/3406/2246
f 3038/3404/2246 3040/3406/2246 3064/3158/2246
f 3040/3406/2246 3059/3033/2246 2686/3032/2246
f 3036/3402/2247 3038/3404/2246 3064/3158/2246
f 3034/3400/2246 3036/3402/2247 3064/3158/2246
f 3032/3398/2246 3034/3400/2246 3064/3158/2246
f 3032/3398/2246 3064/3158/2246 3030/3394/2246
f 3030/3394/2246 3031/3396/2246 3032/3398/2246
f 3032/3398/2246 3033/3397/2246 3035/3399/2246
f 3034/3400/2246 3035/3399/2246 3037/3401/2246
f 3036/3402/2247 3037/3401/2246 3039/3403/2246
f 3038/3404/2246 3039/3403/2246 3041/3405/2246
f 3042/3408/2427 3059/3033/2246 3040/3406/2246
f 3040/3406/2246 3041/3405/2246 3043/3407/2246
f 3058/3409/2447 3042/3408/2427 3043/3407/2246
f 2677/3023/2246 2679/3025/2422 3043/3407/2246
f 3044/3014/2246 2677/3023/2246 3043/3407/2246
f 3043/3407/2246 3045/3015/2246 3044/3014/2246
